<window type="dialog" id="1120">
	<defaultcontrol always="false">10</defaultcontrol>
	<!-- removed allowoverlay -->
	<include>16x9_xPos_Relocation</include>
	<include>Window_OpenClose_Animation_Zoom</include>
	<coordinates>
		<system>1</system>
		<posx>-50</posx>
		<posy>0</posy>
	</coordinates>
	<controls>
		<control type="image">
			<posx>0</posx>
			<posy>0</posy>
			<width>1000</width>
			<height>60</height>
			<texture border="5">DialogHeader.png</texture>
		</control> 
		<control type="label">
			<description>header label</description>
			<posx>20</posx>
			<posy>0</posy>
			<include>WindowTitleCommons</include>
			<width>910</width>
			<label>20077</label>
		</control>
		<control type="group">
			<posx>930</posx>
			<posy>0</posy>
			<include>DialogCloseButtonCommons</include>
		</control>
		<control type="image">
			<posx>0</posx>
			<posy>60</posy>
			<width>1000</width>
			<height>650</height>
			<texture border="5">dialog_back_black.png</texture>
		</control>


			<control type="image">
				<description>Settings Menu Background</description>
				<posx>0</posx>
				<posy>60</posy>
		        <height>60</height>
				<width>1000</width>
		        <texture>>menuitem_black2_nf.png</texture>
			</control>

	        <control type="image">
	    		<description>Hintergrund</description>
				<posx>0</posx>
				<posy>200</posy>
				<width>1000</width>
				<height>1</height>
				<texture>line_horizontal_light.png</texture>
			</control>


<!-- ### Page 1 ############################################################################################ -->


<!--  Background  -->		        
		<control type="grouplist" id="100">
			<description>Settings 1 Menu</description>
<!--		<visible>Skin.String(RadioSettings,1)</visible> -->
			<posx>40</posx>
			<posy>140</posy>
			<width>920</width>
			<height>60</height>
			<itemgap>10</itemgap>
			<align>top</align>
			<orientation>horizontal</orientation>
			<onleft>9</onleft>
			<onright>9</onright>
			<onup>3</onup>
			<ondown>2</ondown>
			<control type="label">
				<visible>Skin.String(RadioSettings,1)</visible>
				<width>300</width>
				<height>60</height>
				<label></label>
			</control>
			<control type="button">
<!--			<visible>Skin.String(RadioSettings,1)</visible> -->
				<width>300</width>
				<height>60</height>
				<include>ButtonMenuTopCommonValuesFocus</include>
				<label>[B]$LOCALIZE[31216][/B]</label>
			</control>
			<control type="label">
<!--			<visible>Skin.String(RadioSettings,1)</visible> -->
				<width>300</width>
				<height>60</height>
				<label></label>
			</control>
		</control>



		<control type="grouplist" id="101">
			<description>control area</description>
			<posx>40</posx>
			<posy>220</posy>
			<width>920</width>
			<height>670</height>
			<itemgap>-1</itemgap>
			<pagecontrol>30</pagecontrol>
			<onup>9</onup>
			<ondown>9001</ondown>
			<onleft>2</onleft>
			<onright>30</onright>
<!--		<visible>Skin.String(RadioSettings,1)</visible> -->
								
			<control type="radiobutton" id="102">
				<height>55</height>
				<width>920</width>
				<font>font24_title</font>
				<label>$LOCALIZE[31093]</label>
				<textcolor>white</textcolor>
				<focusedcolor>$VAR[CustomColorFocus]</focusedcolor>						
				<texturefocus border="0,2,0,2">MenuItemNF.png</texturefocus>
				<texturenofocus border="0,2,0,2">MenuItemNF.png</texturenofocus>
				<onclick>Skin.ToggleSetting(RadioAddonBackground)</onclick>
				<selected>Skin.HasSetting(RadioAddonBackground)</selected>
			</control>

			<control type="button" id="203">
				<height>55</height>
				<width>920</width>
				<font>font24_title</font>
				<label>$LOCALIZE[31094]</label>
				<label2>[COLOR=selected]$INFO[Skin.String(RadioAddonBackgroundImage)][/COLOR]</label2>
				<textcolor>white</textcolor>
				<focusedcolor>$VAR[CustomColorFocus]</focusedcolor>						
				<texturefocus border="0,2,0,2">MenuItemNF.png</texturefocus>
				<texturenofocus border="0,2,0,2">MenuItemNF.png</texturenofocus>
				<onclick>Skin.SetImage(RadioAddonBackgroundImage)</onclick>
				<enable>Skin.HasSetting(RadioAddonBackground)</enable>
			</control>
<!-- 
			<control type="button">
				<height>55</height>
				<width>920</width>
				<font>font24_title</font>
				<label>Reset</label>
				<textcolor>white</textcolor>
				<focusedcolor>$VAR[CustomColorFocus]</focusedcolor>						
				<texturefocus border="0,2,0,2">MenuItemNF.png</texturefocus>
				<texturenofocus border="0,2,0,2">MenuItemNF.png</texturenofocus>
				<onclick>Skin.Reset(RadioAddonBackgroundImage)</onclick>
				<onclick>Skin.Reset(RadioAddonBackground)</onclick>
			</control>
 -->
		</control>
			
<!-- ### Page 1 Ende ####################################################################################### -->

<!-- Menu-1 -->


		<control type="grouplist" id="1">
			<description>Settings Menu1</description>
			<posx>2</posx>
			<posy>60</posy>
			<width>300</width>
			<height>650</height>
			<itemgap>0</itemgap>
			<align>top</align>
			<orientation>vertical</orientation>
			<onleft>9</onleft>
			<onright>9</onright>
			<onup>4</onup>
			<ondown>2</ondown>
			<onleft>4</onleft>
			<onright>2</onright>
			<control type="button" id="10">
				<description>Settings Menu1 Button</description>
				<width>245</width>
				<height>60</height>
				<include>ButtonMenuTopCommonValues</include>
				<label>[B]$LOCALIZE[31171][/B]</label>
				<onup>1</onup>
				<ondown>11</ondown>
			</control>
		</control>
	</controls>

</window>
