<window id="1200">
	<defaultcontrol always="true">9000</defaultcontrol>
	<backgroundcolor>0</backgroundcolor>
	<controls>
	    <include>Window_OpenClose_Animation_Zoom</include>
        <control type="image">
            <description>Normal Default Background Image</description>
            <left>0</left>
            <top>0</top>
			<width>ScreenWidth</width>
			<height>ScreenHeight</height>
            <aspectratio>scale</aspectratio>
            <texture fallback="special://skin/background/SKINDEFAULT.jpg">special://skin/background/$INFO[Skin.CurrentTheme].jpg</texture>
            <visible>![Skin.HasSetting(UseCustomBackground) + !IsEmpty(Skin.String(CustomBackgroundPath))] + substring(Window(10000).Property(Pidash.Rearcam),false)</visible>
            <include>VisibleFadeEffect</include>
        </control>
        <control type="image">
            <description>User Set Background Image</description>
            <left>0</left>
            <top>0</top>
			<width>ScreenWidth</width>
			<height>ScreenHeight</height>
            <aspectratio>scale</aspectratio>
            <texture>$INFO[Skin.String(CustomBackgroundPath)]</texture>
            <visible>Skin.HasSetting(UseCustomBackground) + !IsEmpty(Skin.String(CustomBackgroundPath)) + substring(Window(10000).Property(Pidash.Rearcam),false)</visible>
            <include>VisibleFadeEffect</include>
        </control>
	    <control type="image">
		    <posx>0</posx>
		    <posy>0</posy>
		    <width>1280</width>
		    <height>720</height>
		    <texture>textures_pidash/pidashdefault.jpg</texture>
		    <visible>substring(Window(10000).Property(Pidash.Rearcam),true)</visible>
	    </control>

<!-- Top & Bottom Bar -->
		<control type="image">
			<description>Top bar background</description>
		    <visible>substring(Window(10000).Property(Pidash.Rearcam),false)</visible>
			<include>Window_OpenClose_Animation_Slide_Down</include>
			<posx>0</posx>
			<posy>0</posy>
			<width>screenwidth</width>
			<height>85</height>
			<texture colordiffuse="CC000000">black.png</texture>
		</control>

	    <control type="image">
			<description>Bottom bar</description>
		    <visible>substring(Window(10000).Property(Pidash.Rearcam),false)</visible>
		    <include>Window_OpenClose_Animation_Slide_Up</include>
		    <posx>0</posx>
		    <posy>630</posy>
		    <width>ScreenWidth</width>
		    <height>90</height>
			<texture colordiffuse="CC000000">black.png</texture>
	    </control>

<!-- Time Top -->
		<include>Time</include>
<!-- 
	    <control type="group">
			<visible>substring(Window(10000).Property(Pidash.Rearcam),false)</visible>
			<control type="image">		
				<include>Window_OpenClose_Animation_Slide_Down</include>
				<include>VisibleFadeEffect</include>
				<posx>450</posx>
				<posy>0</posy>
				<width>375</width>
				<height>75</height>
				<aligny>center</aligny>
				<align>center</align>
				<texture>textures_pidash/pidash_ceas.png</texture>
			</control>
			<control type="label">
				<include>Window_OpenClose_Animation_Slide_Down</include>
				<description>time label</description>
				<posx>255</posx>
				<posy>0</posy>
				<width>350</width>
				<height>67</height>
				<aligny>center</aligny>
				<align>center</align>
				<font>font50_title</font>
				<textcolor>white</textcolor>
				<label>$INFO[System.Time]</label>
				<include>VisibleFadeEffect</include>
				<include>16x9_xPos_Relocation</include>
			</control>
	    </control>	
 -->

<!-- Dummy Button -->
	    <control type="button" id="1203">
		    <description>Dummy Focus Button</description>
		    <posx>-1</posx>
		    <posy>-1</posy>
		    <width>1</width>
		    <height>1</height>
		    <font>-</font>
		    <texturenofocus border="5">textures_pidash/pidash_overlay.png</texturenofocus>
		    <texturefocus border="5">textures_pidash/pidash_overlay.png</texturefocus>
	    </control>

	    <control type="group">
		<include>Window_OpenClose_Animation_Slide_Down</include>
		<posx>0</posx>
		<posy>0</posy>
		<include>VisibleFadeEffect</include>
		<visible>substring(Window(10000).Property(Pidash.Rearcam),false)</visible>
		<control type="button" id="1201">
			<description>Home Button</description>
			<posx>0</posx>
			<posy>0</posy>
			<width>75</width>
			<height>75</height>
			<font>-</font>
            <texturenofocus colordiffuse="$VAR[CustomColorNofocus]" border="5">icon_home.png</texturenofocus>
            <texturefocus colordiffuse="$VAR[CustomColorFocus]" border="5">icon_home.png</texturefocus>
			<onclick>ActivateWindow(Home)</onclick>
		</control>
		<control type="label">
			<description>Test</description>
			<posx>100</posx>
			<posy>0</posy>
			<width>300</width>
			<font>font30_title</font>
			<height>80</height>
			<aligny>center</aligny>
			<label>Pi-Dashcam</label>
		</control>
	    </control>

<!-- Storage Info -->
	    <control type="group">
			<include>Window_OpenClose_Animation_Slide_Down</include>
			<posx>200r</posx>
			<posy>0</posy>
			<include>VisibleFadeEffect</include>
			<visible>substring(Window(10000).Property(Pidash.Rearcam),false)</visible>
			<control type="label">
				<description>Free Storage Info</description>
				<posx>0</posx>
				<posy>20</posy>
				<width>200</width>
				<height>40</height>
				<font>font60_title</font>
				<textcolor>white</textcolor>
				<align>left</align>
				<aligny>center</aligny>
				<label>$INFO[Window(10000).Property(PiDash.StorageFree)]</label>
			</control>
	    </control>

<!-- Button Area Bottom -->
	    <control type="group">
			<include>Window_OpenClose_Animation_Slide_Up</include>
			<posx>170r</posx>
			<posy>86r</posy>
			<include>VisibleFadeEffect</include>
			<visible>substring(Window(10000).Property(Pidash.Rearcam),false)</visible>
			<control type="button" id="1207">
				<description>List Button</description>
				<posx>5</posx>
				<posy>10</posy>
				<width>70</width>
				<height>70</height>
				<font>-</font>
				<texturenofocus colordiffuse="$VAR[CustomColorNofocus]" border="5">textures_pidash/pidash_icon_view_w.png</texturenofocus>
				<texturefocus colordiffuse="$VAR[CustomColorFocus]" border="5">textures_pidash/pidash_icon_view_w.png</texturefocus>
				<onclick>ActivateWindow(Video,$INFO[Window(10000).Property(PiDash.RecordPath)])</onclick>
			</control>
			<control type="button" id="1202">
				<description>Back Button</description>
				<posx>86</posx>
				<posy>10</posy>
				<width>70</width>
				<height>70</height>
				<font>-</font>
				<texturenofocus colordiffuse="$VAR[CustomColorNofocus]" border="5">textures_pidash/pidash_icon_back_w.png</texturenofocus>
				<texturefocus colordiffuse="$VAR[CustomColorFocus]" border="5">textures_pidash/pidash_icon_back_w.png</texturefocus>
				<onclick>ParentDir</onclick>
			</control>
	    </control>

<!-- Record/Stop Buttons -->
	    <control type="group">
			<include>Window_OpenClose_Animation_Slide_Up</include>
			<posx>550</posx>
			<posy>86r</posy>
			<include>VisibleFadeEffect</include>
			<visible>substring(Window(10000).Property(Pidash.Rearcam),false)</visible>
			<control type="button" id="1205">
				<description>Record Button</description>
				<visible>!substring(Window(10000).Property(PiDash.Record),true)</visible>
				<posx>5</posx>
				<posy>10</posy>
				<width>70</width>
				<height>70</height>
				<font>-</font>
				<texturenofocus colordiffuse="$VAR[CustomColorNofocus]" border="5">textures_pidash/pidash_icon_record.png</texturenofocus>
				<texturefocus colordiffuse="$VAR[CustomColorFocus]" border="5">textures_pidash/pidash_icon_record.png</texturefocus>
			</control>
			<control type="button" id="1205">
				<description>Record Button</description>
				<visible>substring(Window(10000).Property(PiDash.Record),true)</visible>
				<posx>5</posx>
				<posy>10</posy>
				<width>70</width>
				<height>70</height>
				<font>-</font>
				<texturenofocus colordiffuse="$VAR[CustomColorNofocus]" border="5">textures_pidash/pidash_icon_record_r.png</texturenofocus>
				<texturefocus colordiffuse="$VAR[CustomColorFocus]" border="5">textures_pidash/pidash_icon_record_r.png</texturefocus>
			</control>
			<control type="image">
				<description>Is Recording</description>
				<visible>substring(Window(10000).Property(PiDash.Record),true)</visible>
				<posx>5</posx>
				<posy>10</posy>
				<width>70</width>
				<height>70</height>
				<texture>textures_pidash/pidash_icon_recordactive.png</texture>
			</control>
			<control type="button" id="1206">
				<description>Stop Button</description>
				<posx>90</posx>
				<posy>10</posy>
				<width>70</width>
				<height>70</height>
				<texturenofocus colordiffuse="$VAR[CustomColorNofocus]" border="5">textures_pidash/pidash_icon_stop.png</texturenofocus>
				<texturefocus colordiffuse="$VAR[CustomColorFcus]" border="5">textures_pidash/pidash_icon_stop.png</texturefocus>
			</control>
			<control type="button" id="1215">
				<description>Save Button</description>
				<visible>substring(Window(10000).Property(RecordMode),true)</visible>
				<posx>270</posx>
				<posy>10</posy>
				<width>70</width>
				<height>70</height>
				<texturenofocus colordiffuse="$VAR[CustomColorNofocus]" border="5">textures_pidash/pidash_icon_save.png</texturenofocus>
				<texturefocus colordiffuse="$VAR[CustomColorFocus]" border="5">textures_pidash/pidash_icon_save_p.png</texturefocus>
			</control>
	    </control>

<!-- Settings Button -->
	    <control type="group">
			<include>Window_OpenClose_Animation_Slide_Up</include>
			<posx>0</posx>
			<posy>86r</posy>
			<include>VisibleFadeEffect</include>
			<visible>substring(Window(10000).Property(Pidash.Rearcam),false)</visible>
			<control type="button" id="1210">
				<description>Settings Button</description>
				<posx>5</posx>
				<posy>10</posy>
				<width>70</width>
				<height>70</height>
				<font>-</font>
				<texturenofocus colordiffuse="$VAR[CustomColorNofocus]" border="5">textures_pidash/pidash_icon_settings_w.png</texturenofocus>
				<texturefocus colordiffuse="$VAR[CustomColorFocus]" border="5">textures_pidash/pidash_icon_settings_w.png</texturefocus>
			</control>
			<control type="button" id="1217">
				<description>Switch view</description>
				<visible>substring(Window(10000).Property(Pidash.Rearcam),false)</visible>
				<posx>86</posx>
				<posy>10</posy>
				<width>70</width>
				<height>70</height>
				<font>-</font>
				<texturenofocus colordiffuse="$VAR[CustomColorNofocus]" border="5">button_reload_68.png</texturenofocus>
				<texturefocus colordiffuse="$VAR[CustomColorFocus]" border="5">button_reload_68.png</texturefocus>
				<onclick>SetProperty(Pidash.Rearcam,true,10000)</onclick>
			</control>
	    </control>

<!-- Buttons Move Picture Up/Down -->
	    <control type="group">
			<include>Window_OpenClose_Animation_Slide_Up</include>
			<posx>530r</posx>
			<posy>86r</posy>
			<visible>substring(Window(10000).Property(Pidash.Rearcam),false)</visible>
			<include>VisibleFadeEffect</include>
			<control type="button" id="1211">
				<description>Liveview Up Button</description>
				<visible>substring(Window(10000).Property(LiveviewControls),true)</visible>
				<posx>5</posx>
				<posy>10</posy>
				<width>70</width>
				<height>70</height>
				<font>-</font>
				<texturenofocus colordiffuse="$VAR[CustomColorNofocus]" border="5">textures_pidash/pidash_liveview_up.png</texturenofocus>
				<texturefocus colordiffuse="$VAR[CustomColorFocus]" border="5">textures_pidash/pidash_liveview_up.png</texturefocus>
				<texturenofocus border="5">textures_pidash/pidash_liveview_up.png</texturenofocus>
				<texturefocus border="5">textures_pidash/pidash_liveview_up_p.png</texturefocus>
			</control>
			<control type="button" id="1212">
				<description>Liveview Down Button</description>
				<visible>substring(Window(10000).Property(LiveviewControls),true)</visible>
				<posx>86</posx>
				<posy>10</posy>
				<width>70</width>
				<height>70</height>
				<font>-</font>
				<texturenofocus colordiffuse="$VAR[CustomColorNofocus]" border="5">textures_pidash/pidash_liveview_down.png</texturenofocus>
				<texturefocus colordiffuse="$VAR[CustomColorFocus]" border="5">textures_pidash/pidash_liveview_down.png</texturefocus>
			</control>
	    </control>

<!-- Zoom Buttons -->
	    <control type="group">
			<include>Window_OpenClose_Animation_Slide_Up</include>
			<posx>368r</posx>
			<posy>86r</posy>
			<include>VisibleFadeEffect</include>
			<visible>substring(Window(10000).Property(Pidash.Rearcam),false)</visible>
			<control type="button" id="1213">
				<description>Liveview Up Button</description>
				<visible>substring(Window(10000).Property(LiveviewControls),true)</visible>
				<posx>5</posx>
				<posy>10</posy>
				<width>70</width>
				<height>70</height>
				<font>-</font>
				<texturenofocus colordiffuse="$VAR[CustomColorNofocus]" border="5">textures_pidash/pidash_liveview_zoom_plus.png</texturenofocus>
				<texturefocus colordiffuse="$VAR[CustomColorFocus]" border="5">textures_pidash/pidash_liveview_zoom_plus.png</texturefocus>
			</control>
			<control type="button" id="1214">
				<description>Liveview Down Button</description>
				<visible>substring(Window(10000).Property(LiveviewControls),true)</visible>
				<posx>86</posx>
				<posy>10</posy>
				<width>70</width>
				<height>70</height>
				<font>-</font>
				<texturenofocus colordiffuse="$VAR[CustomColorNofocus]" border="5">textures_pidash/pidash_liveview_zoom_minus.png</texturenofocus>
				<texturefocus colordiffuse="$VAR[CustomColorFocus]" border="5">textures_pidash/pidash_liveview_zoom_minus.png</texturefocus>
			</control>
	    </control>

<!-- Back Button Rearcam -->
	    <control type="button" id="1202">
			<visible>substring(Window(10000).Property(Pidash.Rearcam),true)</visible>
			<description>XXL Back Button in rearcam mode</description>
			<posx>0</posx>
			<posy>0</posy>
			<width>1280</width>
			<height>720</height>
			<font>-</font>
			<texturenofocus border="5">textures_pidash/pidash_overlay.png</texturenofocus>
			<texturefocus border="5">textures_pidash/pidash_overlay.png</texturefocus>
			<onclick>ParentDir</onclick>
	    </control>
<!-- Button Front View -->
	    <control type="button" id="1204">
			<visible>substring(Window(10000).Property(Pidash.Rearcam),true)</visible>
			<description>XXL Back Button in rearcam mode</description>
			<posx>100r</posx>
			<posy>86r</posy>
			<width>70</width>
			<height>70</height>
			<font>-</font>
			<texturenofocus colordiffuse="$VAR[CustomColorNofocus]" border="5">button_reload_68.png</texturenofocus>
			<texturefocus colordiffuse="$VAR[CustomColorFocus]" border="5">button_reload_68.png</texturefocus>
			<onclick>SetProperty(Pidash.Rearcam,false,10000)</onclick>
	    </control>
	</controls>
</window>
