<window id="113">
	<defaultcontrol>-</defaultcontrol>
	<include>dialogeffect</include>
	<coordinates>
		<system>0</system>
		<posx>0</posx>
		<posy>0</posy>
	</coordinates>
	<controls>
		<control type="group">
			<posx>290</posx>
			<posy>200</posy>
			<control type="image">
				<posx>0</posx>
				<posy>0</posy>
				<width>700</width>
				<height>200</height>
				<texture>button_black.png</texture>
				<colordiffuse>77FFFFFF</colordiffuse>
			</control>
			<control type="group">
				<visible>!player.passthrough</visible>
				<control type="image">
					<description>Lite Volume Logo</description>
					<posx>0</posx>
					<posy>0</posy>
					<width>100</width>
					<height>90</height>
					<aspectratio>keep</aspectratio>
					<texture>special://skin/media/volume_white.png</texture>
				</control>
				<control type="label">
					<description>Volumelabel</description>
					<posx>680</posx>
					<posy>70</posy>
					<height>60</height>
					<width>150</width>
					<label>$INFO[Control.GetLabel(1)]</label>
					<font>font30_title</font>
					<align>right</align>
					<aligny>center</aligny>
					<textcolor>white</textcolor>
					<shadowcolor>black</shadowcolor>
				</control>
				<control type="progress" id="2">
					<description>Volume</description>
					<posx>30</posx>
					<posy>68</posy>
					<width>570</width>
					<height>70</height>
					<info>Player.Volume</info>
				</control>
				<control type="slider" id="1">
					<description>Volume Slider</description>
					<posx>30</posx>
					<posy>78</posy>
					<width>580</width>
					<height>50</height>
					<info>Player.Volume</info>
					<action>Volume</action>
					<texturesliderbar>OSDProgressBack2.png</texturesliderbar>
					<textureslidernib>OSDSliderNib.png</textureslidernib>
					<textureslidernibfocus>OSDSliderNib.png</textureslidernibfocus>
				</control>
			</control>
		</control>
	</controls>
</window>
