<window id="107">
	<include>Window_OpenClose_Animation</include>
	<include>dialogeffect</include>
	<controls>
		<control type="group">
			<posx>340</posx>
			<posy>0</posy>
			<control type="image">
				<description>Background</description>
				<posx>0</posx>
				<posy>0</posy>
				<width>600</width>
				<height>130</height>
				<texture border="8">dialog_back_black.png</texture>
			</control>
			<control type="image" id="400">
				<description>Icon</description>
				<posx>40</posx>
				<posy>20</posy>
				<width>60</width>
				<height>60</height>
				<aspectratio>keep</aspectratio>
				<texture>DefaultFile.png</texture>
			</control>
			<control type="fadelabel" id="401">
				<description>Line 1 Label</description>
				<posx>110</posx>
				<posy>20</posy>
				<width>460</width>
				<height>25</height>
				<font>font22_bold</font>
				<textcolor>white</textcolor>
				<align>left</align>
				<aligny>center</aligny>
				<scrollout>false</scrollout>
				<pauseatend>2000</pauseatend>
			</control>
			<control type="textbox" id="402">
				<description>Line 2 Label</description>
				<posx>110</posx>
				<posy>55</posy>
				<width>460</width>
				<height>70</height>
				<font>font20</font>
				<textcolor>white</textcolor>
				<align>left</align>
			</control>
		</control>
	</controls>
</window>
