<window>
    <onload>Control.SetFocus(9000)</onload>
    <controls>
	<include>CommonBackground</include>
	<!-- <include>CommonTopBar</include> -->
	<!-- <include>CommonBottomBar</include> -->
	<include>HomeButtonCommons</include>
	<include>Time</include>
	<include>Weather</include>
	    <control type="button" id="9000">
		<width>1</width>
		<hight>1</hight>
		<posx>-1</posx>
		<posy>-1</posy>
		<texture>icon_back_w.png</texture>
		<onfocus>ActivateWindow(1113)</onfocus>
	    </control>
	    <control type="panel" id="9002">
			<include>VisibleFadeEffect</include>
			<include>SubMenuCommonLayout</include>
			<onfocus>Back</onfocus>
			<content>
				<item>
					<label>31200</label>
					<onclick>Back</onclick>
					<icon>icon_back_w.png</icon>
				</item>
			</content>
		</control>
	    <include>BehindDialogFadeOut</include>
	</controls>
</window>
