<window id="34">
	<defaultcontrol always="true">2</defaultcontrol>
	<controls>
		<include>CommonBackground</include>
		<!-- <include>CommonBackgroundOverlay</include> -->
		<include>CommonTopBar</include>
		<include>CommonBottomBar</include>
		<include>HomeButtonCommons</include>
		<!-- <include>CommonNowPlaying</include> -->
		<control type="label">
			<description>Window label</description>
			<include>MediaWindowTitleCommons</include>
			<label>$LOCALIZE[10034]</label>
		</control>
		<control type="panel" id="9002">
			<visible>!Window.IsActive(PlayerControls)</visible>
			<include>VisibleFadeEffect</include>
			<include>SubMenuCommonLayout</include>
			<content>
				<item>
	<!--			<label>31200</label>
					<onclick>Back</onclick>
					<icon>icon_back_w.png</icon>
				</item> -->
				<item>
					<label>1036</label>
					<onclick>ActivateWindow(Favourites)</onclick>
					<icon>icon_favourites_w.png</icon>
				</item>
			</content>
		</control>

		<control type="group">
			<posx>40</posx>
			<posy>140</posy>
			<include>Window_OpenClose_Animation_Zoom</include>
			<include>16x9_xPos_Relocation</include>
			<control type="radiobutton" id ="4">
				<description>Enable Login screen</description>
				<posx>0</posx>
				<posy>0</posy>
				<width>350</width>
				<height>60</height>
				<align>left</align>
				<include>ButtonInfoDialogsCommonValues</include>
				<label>20096</label>
				<onleft>2</onleft>
				<onright>2</onright>
				<onup>4</onup>
				<ondown>4</ondown>
				<enable>!Window.IsVisible(ProfileSettings)</enable>
			</control>
			<control type="group">
				<posx>0</posx>
				<posy>80</posy>
				<control type="image">
					<posx>0</posx>
					<posy>0</posy>
					<width>350</width>
					<height>500</height>
					<texture border="5">SubBack.png</texture>
				</control>
				<control type="label">
					<posx>10</posx>
					<posy>20</posy>
					<width>330</width>
					<height>20</height>
					<font>font16_title</font>
					<textcolor>white</textcolor>
					<align>center</align>
					<aligny>center</aligny>
					<label>$LOCALIZE[31010]</label>
				</control>
				<control type="image">
					<posx>20</posx>
					<posy>60</posy>
					<width>310</width>
					<height>250</height>
					<aspectratio>keep</aspectratio>
					<texture fallback="unknown-user.png">$INFO[System.ProfileThumb]</texture>
				</control>
				<control type="label">
					<posx>10</posx>
					<posy>330</posy>
					<width>330</width>
					<height>20</height>
					<font>font20_title</font>
					<textcolor>blue</textcolor>
					<align>center</align>
					<aligny>center</aligny>
					<label>$INFO[System.ProfileName]</label>
				</control>
			</control>
			<control type="label">
				<posx>370</posx>
				<posy>0</posy>
				<width>830</width>
				<height>60</height>
				<font>font20_title</font>
				<textcolor>white</textcolor>
				<align>center</align>
				<aligny>center</aligny>
				<label>$LOCALIZE[31319]</label>
			</control>
			<control type="panel" id="2">
				<posx>370</posx>
				<posy>80</posy>
				<width>830</width>
				<height>560</height>
				<onleft>4</onleft>
				<onright>60</onright>
				<onup>53</onup>
				<ondown>53</ondown>
				<viewtype label="21371">list</viewtype>
				<pagecontrol>60</pagecontrol>
				<scrolltime>200</scrolltime>
				<itemlayout height="280" width="207">
					<control type="image">
						<posx>1</posx>
						<posy>0</posy>
						<width>207</width>
						<height>280</height>
						<texture border="5">SubBack.png</texture>
					</control>
					<control type="image">
						<posx>10</posx>
						<posy>10</posy>
						<width>187</width>
						<height>190</height>
						<texture fallback="unknown-user.png">$INFO[Listitem.Icon]</texture>
					</control>
					<control type="label">
						<posx>103</posx>
						<posy>200</posy>
						<width>197</width>
						<height>25</height>
						<font>font20</font>
						<textcolor>white</textcolor>
						<selectedcolor>selected</selectedcolor>
						<align>center</align>
						<aligny>center</aligny>
						<label>$INFO[ListItem.Label]</label>
					</control>
					<control type="label">
						<posx>103</posx>
						<posy>230</posy>
						<width>197</width>
						<height>20</height>
						<font>font14_title</font>
						<textcolor>grey2</textcolor>
						<selectedcolor>selected</selectedcolor>
						<align>center</align>
						<aligny>center</aligny>
						<label>$LOCALIZE[31320]</label>
						<visible>!IsEmpty(ListItem.Label2)</visible>
					</control>
					<control type="label">
						<posx>103</posx>
						<posy>250</posy>
						<width>197</width>
						<height>20</height>
						<font>font12</font>
						<textcolor>grey2</textcolor>
						<selectedcolor>selected</selectedcolor>
						<align>center</align>
						<aligny>center</aligny>
						<label>$INFO[ListItem.Label2]</label>
					</control>
				</itemlayout>
				<focusedlayout height="280" width="207">
					<control type="image">
						<posx>1</posx>
						<posy>0</posy>
						<width>207</width>
						<height>280</height>
						<texture border="5">SubBack2.png</texture>
					</control>
					<control type="image">
						<posx>10</posx>
						<posy>10</posy>
						<width>187</width>
						<height>190</height>
						<texture fallback="unknown-user.png">$INFO[Listitem.Icon]</texture>
					</control>
					<control type="label">
						<posx>103</posx>
						<posy>200</posy>
						<width>197</width>
						<height>25</height>
						<font>font20</font>
						<textcolor>black</textcolor>
						<selectedcolor>selected</selectedcolor>
						<align>center</align>
						<aligny>center</aligny>
						<label>$INFO[ListItem.Label]</label>
					</control>
					<control type="label">
						<posx>103</posx>
						<posy>230</posy>
						<width>197</width>
						<height>20</height>
						<font>font14_title</font>
						<textcolor>black</textcolor>
						<selectedcolor>selected</selectedcolor>
						<align>center</align>
						<aligny>center</aligny>
						<label>$LOCALIZE[31320]</label>
						<visible>!IsEmpty(ListItem.Label2)</visible>
					</control>
					<control type="label">
						<posx>103</posx>
						<posy>250</posy>
						<width>197</width>
						<height>20</height>
						<font>font12</font>
						<textcolor>black</textcolor>
						<selectedcolor>selected</selectedcolor>
						<align>center</align>
						<aligny>center</aligny>
						<label>$INFO[ListItem.Label2]</label>
					</control>
				</focusedlayout>
			</control>
			<control type="scrollbar" id="60">
				<posx>1060</posx>
				<posy>60</posy>
				<width>25</width>
				<height>530</height>
				<texturesliderbackground border="0,14,0,14">ScrollBarV.png</texturesliderbackground>
				<texturesliderbar border="0,14,0,14">ScrollBarV_bar.png</texturesliderbar>
				<texturesliderbarfocus border="0,14,0,14">ScrollBarV_bar_focus.png</texturesliderbarfocus>
				<textureslidernib>ScrollBarNib.png</textureslidernib>
				<textureslidernibfocus>ScrollBarNib.png</textureslidernibfocus>
				<onleft>2</onleft>
				<onright>4</onright>
				<showonepage>false</showonepage>
				<orientation>vertical</orientation>
			</control>
		</control>
		<include>BehindDialogFadeOut</include>
	</controls>
</window>
