<?xml version="1.0" encoding="UTF-8"?>
<window id="1117" type="window">
    <defaultcontrol always="true">7100</defaultcontrol>
    <!-- removed allowoverlay true -->
    <controls>
		<include>CommonBackground</include>
		<include>CommonBackgroundAddons</include>
		<include>CommonNowPlayingBackground</include>
        <control type="group">
            <posx>0</posx>
            <posy>0</posy>   <!-- old: 45 -->
            <animation type="WindowOpen" reversible="false">
                <effect type="zoom" start="80" end="100" center="640,360" easing="out" tween="back" time="300" />
                <effect type="fade" start="0" end="100" time="300" />
            </animation>
            <animation type="WindowClose" reversible="false">
                <effect type="zoom" start="100" end="80" center="640,360" easing="in" tween="back" time="300" />
                <effect type="fade" start="100" end="0" time="300" />
            </animation>
			
            <!--control type="image">
                <posx>8</posx>
                <posy>8</posy>
                <width>1635</width>
                <height>945</height>
                <texture border="25">Settingspanel.png</texture>
            </control-->
            <!--control type="button">
                <description>Close Window button</description>
                <posx>1605</posx>
                <posy>95</posy>
                <width>96</width>
                <height>48</height>
                <label>-</label>
                <font>-</font>
                <onclick>PreviousMenu</onclick>
                <texturefocus>DialogCloseButton-focus.png</texturefocus>
                <texturenofocus>DialogCloseButton.png</texturenofocus>
                <onleft>1</onleft>
                <onright>1</onright>
                <onup>1</onup>
                <ondown>1</ondown>
                <visible>system.getbool(input.enablemouse)</visible>
            </control-->

			
			<control type="group">
				<posx>75</posx>
				<posy>95</posy>
				<visible>!Skin.HasSetting(UseBigBordersAndPanels)</visible>
				<control type="label">
					<description>header label</description>
					<posx>10</posx>
					<posy>5</posy>
					<width>1110</width>
					<height>45</height>
					<font>font16_light</font>
					<label>Video Addons</label>  <!-- $LOCALIZE[31000] -->
					<align>left</align>
					<aligny>center</aligny>
					<textcolor>white</textcolor>
					<!--shadowcolor>black</shadowcolor-->
				</control>
				<control type="list" id="7100">
					<posx>0</posx>
					<posy>50</posy>
					<width>1760</width>
					<height>250</height> 
					<onleft>7100</onleft>
					<onright>7100</onright>
					<onup>7300</onup>
					<ondown>7200</ondown>
					<orientation>Horizontal</orientation>
					<pagecontrol>-</pagecontrol>
					<scrolltime>300</scrolltime>
					<spinposx>0</spinposx>
					<itemlayout height="250" width="220">
						<control type="image">
							<posx>10</posx>
							<posy>0</posy>
							<width>200</width>
							<height>200</height>
							<texture background="true">$INFO[ListItem.Icon]</texture>
							<aspectratio>stretch</aspectratio>    
							<alignx>center</alignx>
							<aligny>bottom</aligny>
							<bordertexture border="12">Frames-and-Borders/Border-NF.png</bordertexture>
							<bordersize>7</bordersize>
							<visible></visible>
						</control>
						<control type="label">
							<posx>10</posx>
							<posy>205</posy>
							<width>200</width>
							<height>30</height>
							<font>font16</font>
							<textcolor>ListNF</textcolor>
							<align>left</align>
							<aligny>center</aligny>
							<label>$INFO[ListItem.Label]</label>
						</control>
					</itemlayout>
					<focusedlayout height="250" width="220">
						<control type="image">
							<posx>10</posx>
							<posy>0</posy>
							<width>200</width>
							<height>200</height>
							<texture background="true">$INFO[ListItem.Icon]</texture>
							<aspectratio>stretch</aspectratio>    
							<alignx>center</alignx>
							<aligny>bottom</aligny>
							<bordertexture border="12">Frames-and-Borders/Border-FO.png</bordertexture>
							<bordersize>7</bordersize>
							<visible>Control.HasFocus(7100)</visible>
						</control>
						<control type="image">
							<posx>10</posx>
							<posy>0</posy>
							<width>200</width>
							<height>200</height>
							<texture background="true">$INFO[ListItem.Icon]</texture>
							<aspectratio>stretch</aspectratio>    
							<alignx>center</alignx>
							<aligny>bottom</aligny>
							<bordertexture border="12">Frames-and-Borders/Border-NF.png</bordertexture>
							<bordersize>7</bordersize>
							<visible>!Control.HasFocus(7100)</visible>
						</control>
						<control type="label">
							<posx>10</posx>
							<posy>205</posy>
							<width>200</width>
							<height>30</height>
							<font>font16</font>
							<textcolor>ListFO</textcolor>
							<align>left</align>
							<aligny>center</aligny>
							<label>$INFO[ListItem.Label]</label>
							<visible>Control.HasFocus(7100)</visible>
						</control>
						<control type="label">
							<posx>10</posx>
							<posy>205</posy>
							<width>200</width>
							<height>30</height>
							<font>font16</font>
							<textcolor>ListNF</textcolor>
							<align>left</align>
							<aligny>center</aligny>
							<label>$INFO[ListItem.Label]</label>
							<visible>!Control.HasFocus(7100)</visible>
						</control>
					</focusedlayout>
					
					<content target="Video">addons://sources/video</content>
						
				</control>
			</control>
			
			<control type="group">
				<posx>75</posx>
				<posy>390</posy>
				<visible>!Skin.HasSetting(UseBigBordersAndPanels)</visible>
				<control type="label">
					<description>header label</description>
					<posx>10</posx>
					<posy>5</posy>
					<width>1110</width>
					<height>45</height>
					<font>font16_light</font>
					<label>Musik Addons</label>
					<align>left</align>
					<aligny>center</aligny>
					<textcolor>white</textcolor>
				</control>
				<control type="list" id="7200">
					<posx>0</posx>
					<posy>50</posy>
					<width>1760</width>
					<height>250</height> 
					<onleft>7200</onleft>
					<onright>7200</onright>
					<onup>7100</onup>
					<ondown>7300</ondown>
					<orientation>Horizontal</orientation>
					<pagecontrol>-</pagecontrol>
					<scrolltime>300</scrolltime>
					<spinposx>0</spinposx>
					<itemlayout height="250" width="220">
						<control type="image">
							<posx>10</posx>
							<posy>0</posy>
							<width>200</width>
							<height>200</height>
							<texture background="true">$INFO[ListItem.Icon]</texture>
							<aspectratio>stretch</aspectratio>    
							<alignx>center</alignx>
							<aligny>bottom</aligny>
							<bordertexture border="12">Frames-and-Borders/Border-NF.png</bordertexture>
							<bordersize>7</bordersize>
							<visible></visible>
						</control>
						<control type="label">
							<posx>10</posx>
							<posy>205</posy>
							<width>200</width>
							<height>30</height>
							<font>font16</font>
							<textcolor>ListNF</textcolor>
							<align>left</align>
							<aligny>center</aligny>
							<label>$INFO[ListItem.Label]</label>
						</control>
					</itemlayout>
					<focusedlayout height="250" width="220">
						<control type="image">
							<posx>10</posx>
							<posy>0</posy>
							<width>200</width>
							<height>200</height>
							<texture background="true">$INFO[ListItem.Icon]</texture>
							<aspectratio>stretch</aspectratio>    
							<alignx>center</alignx>
							<aligny>bottom</aligny>
							<bordertexture border="12">Frames-and-Borders/Border-FO.png</bordertexture>
							<bordersize>7</bordersize>
							<visible>Control.HasFocus(7200)</visible>
						</control>
						<control type="image">
							<posx>10</posx>
							<posy>0</posy>
							<width>200</width>
							<height>200</height>
							<texture background="true">$INFO[ListItem.Icon]</texture>
							<aspectratio>stretch</aspectratio>    
							<alignx>center</alignx>
							<aligny>bottom</aligny>
							<bordertexture border="12">Frames-and-Borders/Border-NF.png</bordertexture>
							<bordersize>7</bordersize>
							<visible>!Control.HasFocus(7200)</visible>
						</control>
						<control type="label">
							<posx>10</posx>
							<posy>205</posy>
							<width>200</width>
							<height>30</height>
							<font>font16</font>
							<textcolor>ListFO</textcolor>
							<align>left</align>
							<aligny>center</aligny>
							<label>$INFO[ListItem.Label]</label>
							<visible>Control.HasFocus(7200)</visible>
						</control>
						<control type="label">
							<posx>10</posx>
							<posy>205</posy>
							<width>200</width>
							<height>30</height>
							<font>font16</font>
							<textcolor>ListNF</textcolor>
							<align>left</align>
							<aligny>center</aligny>
							<label>$INFO[ListItem.Label]</label>
							<visible>!Control.HasFocus(7200)</visible>
						</control>
					</focusedlayout>
					
					<content target="Video">addons://sources/audio</content>
						
				</control>
			</control>
			
			<control type="group">
				<posx>75</posx>
				<posy>685</posy> 
				<visible>!Skin.HasSetting(UseBigBordersAndPanels)</visible>
				<control type="label">
					<description>header label</description>
					<posx>10</posx>
					<posy>5</posy>
					<width>1110</width>
					<height>45</height>
					<font>font16_light</font>
					<label>Programm Addons</label>
					<align>left</align>
					<aligny>center</aligny>
					<textcolor>white</textcolor>
				</control>
				<control type="list" id="7300">
					<posx>0</posx>
					<posy>50</posy>
					<width>1760</width>
					<height>250</height>  
					<onleft>7300</onleft>
					<onright>7300</onright>
					<onup>7200</onup>
					<ondown>7100</ondown>
					<orientation>Horizontal</orientation>
					<pagecontrol>-</pagecontrol>
					<scrolltime>300</scrolltime>
					<spinposx>0</spinposx>
					<itemlayout height="250" width="220">
						<control type="image">
							<posx>10</posx>
							<posy>0</posy>
							<width>200</width>
							<height>200</height>
							<texture background="true">$INFO[ListItem.Icon]</texture>
							<aspectratio>stretch</aspectratio>    
							<alignx>center</alignx>
							<aligny>bottom</aligny>
							<bordertexture border="12">Frames-and-Borders/Border-NF.png</bordertexture>
							<bordersize>7</bordersize>
							<visible></visible>
						</control>
						<control type="label">
							<posx>10</posx>
							<posy>205</posy>
							<width>200</width>
							<height>30</height>
							<font>font16</font>
							<textcolor>ListNF</textcolor>
							<align>left</align>
							<aligny>center</aligny>
							<label>$INFO[ListItem.Label]</label>
						</control>
					</itemlayout>
					<focusedlayout height="250" width="220">
						<control type="image">
							<posx>10</posx>
							<posy>0</posy>
							<width>200</width>
							<height>200</height>
							<texture background="true">$INFO[ListItem.Icon]</texture>
							<aspectratio>stretch</aspectratio>    
							<alignx>center</alignx>
							<aligny>bottom</aligny>
							<bordertexture border="12">Frames-and-Borders/Border-FO.png</bordertexture>
							<bordersize>7</bordersize>
							<visible>Control.HasFocus(7300)</visible>
						</control>
						<control type="image">
							<posx>10</posx>
							<posy>0</posy>
							<width>200</width>
							<height>200</height>
							<texture background="true">$INFO[ListItem.Icon]</texture>
							<aspectratio>stretch</aspectratio>    
							<alignx>center</alignx>
							<aligny>bottom</aligny>
							<bordertexture border="12">Frames-and-Borders/Border-NF.png</bordertexture>
							<bordersize>7</bordersize>
							<visible>!Control.HasFocus(7300)</visible>
						</control>
						<control type="label">
							<posx>10</posx>
							<posy>205</posy>
							<width>200</width>
							<height>30</height>
							<font>font16</font>
							<textcolor>ListFO</textcolor>
							<align>left</align>
							<aligny>center</aligny>
							<label>$INFO[ListItem.Label]</label>
							<visible>Control.HasFocus(7300)</visible>
						</control>
						<control type="label">
							<posx>10</posx>
							<posy>205</posy>
							<width>200</width>
							<height>30</height>
							<font>font16</font>
							<textcolor>ListNF</textcolor>
							<align>left</align>
							<aligny>center</aligny>
							<label>$INFO[ListItem.Label]</label>
							<visible>!Control.HasFocus(7300)</visible>
						</control>
					</focusedlayout>
					
					<content target="Video">addons://sources/executable</content>
						
				</control>
			</control>
			
			<control type="group">
				<posx>75</posx>
				<posy>65</posy>
				<visible>Skin.HasSetting(UseBigBordersAndPanels)</visible>
				<control type="label">
					<description>header label</description>
					<posx>10</posx>
					<posy>5</posy>
					<width>1110</width>
					<height>45</height>
					<font>font16_light</font>
					<label>Video Addons</label>
					<align>left</align>
					<aligny>center</aligny>
					<textcolor>white</textcolor>
				</control>
				<control type="list" id="7100">
					<posx>0</posx>
					<posy>50</posy>
					<width>1760</width>
					<height>250</height>
					<onleft>7100</onleft>
					<onright>7100</onright>
					<onup>7300</onup>
					<ondown>7200</ondown>
					<orientation>Horizontal</orientation>
					<pagecontrol>-</pagecontrol>
					<scrolltime>300</scrolltime>
					<spinposx>0</spinposx>
					<itemlayout height="250" width="220">
						<control type="image">
							<posx>0</posx>
							<posy>0</posy>
							<width>220</width>
							<height>250</height>
							<texture background="true" border="7">Frames-and-Borders/SpezBorder_NF.png</texture>
							<aspectratio>stretch</aspectratio>    
							<bordertexture border="12"></bordertexture>
							<bordersize>7</bordersize>
							<visible></visible>
						</control>
						<control type="image">
							<posx>10</posx>
							<posy>10</posy>
							<width>200</width>
							<height>200</height>
							<texture background="true">$INFO[ListItem.Icon]</texture>
							<aspectratio>keep</aspectratio>    
							<alignx>center</alignx>
							<aligny>top</aligny>
							<bordersize>7</bordersize>
							<visible></visible>
						</control>
						<control type="label">
							<posx>15</posx>
							<posy>205</posy>
							<width>190</width>
							<height>30</height>
							<font>font16</font>
							<textcolor>ListNF</textcolor>
							<align>left</align>
							<aligny>center</aligny>
							<label>$INFO[ListItem.Label]</label>
						</control>
					</itemlayout>
					<focusedlayout height="250" width="220">
						<control type="image">
							<posx>0</posx>
							<posy>0</posy>
							<width>220</width>
							<height>250</height>
							<texture background="true" border="7">Frames-and-Borders/SpezBorder_FO.png</texture>
							<aspectratio>stretch</aspectratio>    
							<bordertexture border="12"></bordertexture>
							<bordersize>7</bordersize>
							<visible>Control.HasFocus(7100)</visible>
						</control>
						<control type="image">
							<posx>0</posx>
							<posy>0</posy>
							<width>220</width>
							<height>250</height>
							<texture background="true" border="7">Frames-and-Borders/SpezBorder_NF.png</texture>
							<aspectratio>stretch</aspectratio>    
							<bordertexture border="12"></bordertexture>
							<bordersize>7</bordersize>
							<visible>!Control.HasFocus(7100)</visible>
						</control>
						<control type="image">
							<posx>10</posx>
							<posy>10</posy>
							<width>200</width>
							<height>200</height>
							<texture background="true">$INFO[ListItem.Icon]</texture>
							<aspectratio>keep</aspectratio>    
							<alignx>center</alignx>
							<aligny>top</aligny>
							<bordersize>7</bordersize>
							<visible></visible>
						</control>
						<control type="label">
							<posx>15</posx>
							<posy>205</posy>
							<width>190</width>
							<height>30</height>
							<font>font16</font>
							<textcolor>ListNF</textcolor>
							<align>left</align>
							<aligny>center</aligny>
							<label>$INFO[ListItem.Label]</label>
							<visible></visible>
						</control>
					</focusedlayout>					
					<content target="Video">addons://sources/video</content>						
				</control>
			</control>
			
			<control type="group">
				<posx>75</posx>
				<posy>360</posy>
				<visible>Skin.HasSetting(UseBigBordersAndPanels)</visible>
				<control type="label">
					<description>header label</description>
					<posx>10</posx>
					<posy>5</posy>
					<width>1110</width>
					<height>45</height>
					<font>font16_light</font>
					<label>Musik Addons</label>
					<align>left</align>
					<aligny>center</aligny>
					<textcolor>white</textcolor>
				</control>
				<control type="list" id="7200">
					<posx>0</posx>
					<posy>50</posy>
					<width>1760</width>
					<height>250</height>
					<onleft>7200</onleft>
					<onright>7200</onright>
					<onup>7100</onup>
					<ondown>7300</ondown>
					<orientation>Horizontal</orientation>
					<pagecontrol>-</pagecontrol>
					<scrolltime>300</scrolltime>
					<spinposx>0</spinposx>
					<itemlayout height="250" width="220">
						<control type="image">
							<posx>0</posx>
							<posy>0</posy>
							<width>220</width>
							<height>250</height>
							<texture background="true" border="7">Frames-and-Borders/SpezBorder_NF.png</texture>
							<aspectratio>stretch</aspectratio>    
							<bordertexture border="12"></bordertexture>
							<bordersize>7</bordersize>
							<visible></visible>
						</control>
						<control type="image">
							<posx>10</posx>
							<posy>10</posy>
							<width>200</width>
							<height>200</height>
							<texture background="true">$INFO[ListItem.Icon]</texture>
							<aspectratio>keep</aspectratio>    
							<alignx>center</alignx>
							<aligny>top</aligny>
							<bordersize>7</bordersize>
							<visible></visible>
						</control>
						<control type="label">
							<posx>15</posx>
							<posy>205</posy>
							<width>190</width>
							<height>30</height>
							<font>font16</font>
							<textcolor>ListNF</textcolor>
							<align>left</align>
							<aligny>center</aligny>
							<label>$INFO[ListItem.Label]</label>
						</control>
					</itemlayout>
					<focusedlayout height="250" width="220">
						<control type="image">
							<posx>0</posx>
							<posy>0</posy>
							<width>220</width>
							<height>250</height>
							<texture background="true" border="7">Frames-and-Borders/SpezBorder_FO.png</texture>
							<aspectratio>stretch</aspectratio>    
							<bordertexture border="12"></bordertexture>
							<bordersize>7</bordersize>
							<visible>Control.HasFocus(7200)</visible>
						</control>
						<control type="image">
							<posx>0</posx>
							<posy>0</posy>
							<width>220</width>
							<height>250</height>
							<texture background="true" border="7">Frames-and-Borders/SpezBorder_NF.png</texture>
							<aspectratio>stretch</aspectratio>    
							<bordertexture border="12"></bordertexture>
							<bordersize>7</bordersize>
							<visible>!Control.HasFocus(7200)</visible>
						</control>
						<control type="image">
							<posx>10</posx>
							<posy>10</posy>
							<width>200</width>
							<height>200</height>
							<texture background="true">$INFO[ListItem.Icon]</texture>
							<aspectratio>keep</aspectratio>    
							<alignx>center</alignx>
							<aligny>top</aligny>
							<bordersize>7</bordersize>
							<visible></visible>
						</control>
						<control type="label">
							<posx>15</posx>
							<posy>205</posy>
							<width>190</width>
							<height>30</height>
							<font>font16</font>
							<textcolor>ListNF</textcolor>
							<align>left</align>
							<aligny>center</aligny>
							<label>$INFO[ListItem.Label]</label>
							<visible></visible>
						</control>
					</focusedlayout>				
					<content target="Video">addons://sources/audio</content>						
				</control>
			</control>
			
			<control type="group">
				<posx>75</posx>
				<posy>655</posy>
				<visible>Skin.HasSetting(UseBigBordersAndPanels)</visible>
				<control type="label">
					<description>header label</description>
					<posx>10</posx>
					<posy>5</posy>
					<width>1110</width>
					<height>45</height>
					<font>font16_light</font>
					<label>Programm Addons</label>
					<align>left</align>
					<aligny>center</aligny>
					<textcolor>white</textcolor>
				</control>
				<control type="list" id="7300">
					<posx>0</posx>
					<posy>50</posy>
					<width>1760</width>
					<height>250</height> 
					<onleft>7300</onleft>
					<onright>7300</onright>
					<onup>7200</onup>
					<ondown>7100</ondown>
					<orientation>Horizontal</orientation>
					<pagecontrol>-</pagecontrol>
					<scrolltime>300</scrolltime>
					<spinposx>0</spinposx>
					<itemlayout height="250" width="220">
						<control type="image">
							<posx>0</posx>
							<posy>0</posy>
							<width>220</width>
							<height>250</height>
							<texture background="true" border="7">Frames-and-Borders/SpezBorder_NF.png</texture>
							<aspectratio>stretch</aspectratio>    
							<bordertexture border="12"></bordertexture>
							<bordersize>7</bordersize>
							<visible></visible>
						</control>
						<control type="image">
							<posx>10</posx>
							<posy>10</posy>
							<width>200</width>
							<height>200</height>
							<texture background="true">$INFO[ListItem.Icon]</texture>
							<aspectratio>keep</aspectratio>    
							<alignx>center</alignx>
							<aligny>top</aligny>
							<bordersize>7</bordersize>
							<visible></visible>
						</control>
						<control type="label">
							<posx>15</posx>
							<posy>205</posy>
							<width>190</width>
							<height>30</height>
							<font>font16</font>
							<textcolor>ListNF</textcolor>
							<align>left</align>
							<aligny>center</aligny>
							<label>$INFO[ListItem.Label]</label>
						</control>
					</itemlayout>
					<focusedlayout height="250" width="220">
						<control type="image">
							<posx>0</posx>
							<posy>0</posy>
							<width>220</width>
							<height>250</height>
							<texture background="true" border="7">Frames-and-Borders/SpezBorder_FO.png</texture>
							<aspectratio>stretch</aspectratio>    
							<bordertexture border="12"></bordertexture>
							<bordersize>7</bordersize>
							<visible>Control.HasFocus(7300)</visible>
						</control>
						<control type="image">
							<posx>0</posx>
							<posy>0</posy>
							<width>220</width>
							<height>250</height>
							<texture background="true" border="7">Frames-and-Borders/SpezBorder_NF.png</texture>
							<aspectratio>stretch</aspectratio>    
							<bordertexture border="12"></bordertexture>
							<bordersize>7</bordersize>
							<visible>!Control.HasFocus(7300)</visible>
						</control>
						<control type="image">
							<posx>10</posx>
							<posy>10</posy>
							<width>200</width>
							<height>200</height>
							<texture background="true">$INFO[ListItem.Icon]</texture>
							<aspectratio>keep</aspectratio>    
							<alignx>center</alignx>
							<aligny>top</aligny>
							<bordersize>7</bordersize>
							<visible></visible>
						</control>
						<control type="label">
							<posx>15</posx>
							<posy>205</posy>
							<width>190</width>
							<height>30</height>
							<font>font16</font>
							<textcolor>ListNF</textcolor>
							<align>left</align>
							<aligny>center</aligny>
							<label>$INFO[ListItem.Label]</label>
							<visible></visible>
						</control>
					</focusedlayout>					
					<content target="Video">addons://sources/executable</content>						
				</control>
			</control>
			
			
			
		</control>
        <include>MainWindowMouseButtons</include>
        <include>BehindDialogFadeOut</include>
        <control type="image">
            <description>Section header image</description>
            <posx>30</posx>
            <posy>4</posy>
            <width>52</width>
            <height>52</height>
            <aspectratio>keep</aspectratio>
            <texture>icon_addons.png</texture>
        </control>
        <control type="grouplist">
            <posx>98</posx>
            <posy>8</posy>
            <width>1500</width>
            <height>45</height>
            <orientation>horizontal</orientation>
            <align>left</align>
            <itemgap>8</itemgap>
            <control type="label">
                <include>WindowTitleCommons</include>
                <label>$LOCALIZE[24001]</label>
            </control>
        </control>
        <include>Clock</include>
    </controls>
</window>