<window id="502">
	<defaultcontrol always="true">50</defaultcontrol>
	<views>50,500</views>
	<onunload>Skin.Reset(MediaSubMenuVisible2)</onunload>
	<controls>
		<include>CommonBackground</include>
		<include>FileCountCommons</include> 
		<include>MediaBladeLeft</include>
		<include>BottomNowPLaying</include>
		<include>HomeButtonCommons</include>
		
		<control type="label">
			<description>Window label</description>
			<include>MediaWindowTitleCommons</include>
			<label>$LOCALIZE[10516]$INFO[Container.FolderName, - ]</label>
		</control>
		<control type="group">
			<include>Window_OpenClose_Animation_Zoom</include>
			<include>CommonRootView</include> <!-- view id = 50 -->
			<include>ThumbnailView</include> <!-- view id = 500 -->
			<onleft>Control.SetFocus(555)</onleft>
			<onright>Control.SetFocus(556)</onright>
		</control>

		<include>MediaSubMenu</include> 
		<control type="group">
			<visible>Skin.HasSetting(MediaSubMenuVisible2)</visible>
			<include>VisibleFadeEffect</include>
			<control type="button">
				<description>Hidden button to close the sort when its focused</description>
				<posx>0</posx>
				<posy>0</posy>
				<width>ScreenWidth</width>
				<height>ScreenHeight</height>
				<texturenofocus>-</texturenofocus>
				<texturefocus>-</texturefocus>
				<onclick>Skin.Reset(MediaSubMenuVisible2)</onclick>
			</control>
			<control type="group">
				<posx>340r</posx>
				<posy>130</posy>
				<control type="image">
					<description>Shadow Background</description>
					<posx>-30</posx>
					<posy>-30</posy>
					<width>380</width>
					<height>400</height>
					<texture border="30">ShadowBorder.png</texture>
				</control>
				<control type="button">
					<description>Panel Background image</description>
					<posx>0</posx>
					<posy>0</posy>
					<width>320</width>
					<height>440</height>
					<texturefocus border="5">SubBack.png</texturefocus>
					<texturenofocus border="5">SubBack.png</texturenofocus>
					<onclick>noop</onclick>
				</control>
				<control type="image">
					<description>Panel Forground image</description>
					<posx>10</posx>
					<posy>10</posy>
					<width>300</width>
					<height>420</height>
					<texture border="5">SubBack2.png</texture>
				</control>
				<control type="button">
					<description>Panel Arrow image</description>
					<posx>270</posx>
					<posy>-34</posy>
					<width>40</width>
					<height>40</height>
					<texture>arrow-big-up.png</texture>
					<onclick>Skin.Reset(MediaSubMenuVisible2)</onclick>
				</control>
				<control type="grouplist" id="556">
					<posx>11</posx>
					<posy>10</posy>
					<width>298</width>
					<height>420</height>
					<onleft>666</onleft>
					<onright></onright>
					<onup></onup>
					<ondown condition="Control.IsVisible(50)">50</ondown>
					<ondown condition="Control.IsVisible(500)">500</ondown>
					<itemgap>0</itemgap>
					<control type="button" id="3">
						<description>Sort by button</description>
						<include>ButtonCommonValues2</include>
						<label>103</label>
					</control>
					<control type="togglebutton" id="4">
						<description>Sort asc</description>
						<include>ButtonCommonValues2</include>
						<alttexturefocus>button-focus2.png</alttexturefocus>
						<alttexturenofocus>button-nofocus.png</alttexturenofocus>
						<label>31051</label>
						<altlabel>31050</altlabel>
						<usealttexture>Container.SortDirection(Ascending)</usealttexture>
					</control>
<!--				<control type="radiobutton" id="99">
						<description>Library button</description>
						<label>$LOCALIZE[29800]</label>
						<onclick>Skin.Reset(MediaSubMenuVisible2)</onclick>
						<onclick>ReplaceWindow(MusicFiles)</onclick>
						<selected>Window.IsVisible(MusicLibrary)</selected>
						<include>ButtonCommonValues2</include>
					</control> -->
					<control type="button" id="8">
						<description>Search</description>
						<include>ButtonCommonValues2</include>
						<label>137</label>
					</control>
					<control type="radiobutton" id="16">
						<description>PartyMode</description>
						<label>589</label>
						<include>ButtonCommonValues2</include>
						<onclick>Skin.Reset(MediaSubMenuVisible2)</onclick>
					</control>
				</control>
			</control>
		</control>
		<include>ScrollBarCommons</include>
		<include>ScrollOffsetLabel</include>
		<include>BehindDialogFadeOut</include>
	</controls>
</window>
