<window id="2600">
	<defaultcontrol always="true">50</defaultcontrol>
	<controls>
		<include>CommonBackground</include>
		<!-- <include>CommonBackgroundOverlay</include> -->
		<include>CommonTopBar</include>
		<include>HomeButtonCommons</include>
		<!-- <include>CommonNowPlaying</include> -->
		
		<control type="label">
			<description>Window label</description>
			<include>MediaWindowTitleCommons</include>
			<label>$LOCALIZE[8]</label>
		</control>
		<control type="group">
			<posx>77r</posx>
			<posy>4</posy>
			<visible>!Window.IsActive(PlayerControls)</visible>
			<include>VisibleFadeEffect</include>
			<control type="button">
				<description>Options Button</description>
				<posx>0</posx>
				<posy>0</posy>
				<width>70</width>
				<height>70</height>
				<font>-</font>
				<texturenofocus border="5">floor_button.png</texturenofocus>
				<texturefocus border="5">floor_buttonFO.png</texturefocus>
				<onclick>ActivateWindow(MyWeatherSettings)</onclick>
			</control>
			<control type="image">
				<description>Options Button Image</description>
				<posx>0</posx>
				<posy>0</posy>
				<width>67</width>
				<height>67</height>
				<texture>icon_system.png</texture>
			</control>
		</control>
		<control type="group">
			<include>Window_OpenClose_Animation_Zoom</include>
			<include>16x9_xPos_Relocation</include>
			<control type="group">
				<posx>-100</posx>
				<posy>57</posy>
				<control type="image">
					<posx>0</posx>
					<posy>0</posy>
					<width>462</width>
					<height>570</height>
					<texture border="4">SubBack.png</texture>
					<bordertexture border="15">ShadowBorder2.png</bordertexture>
					<bordersize>15</bordersize>
				</control>
				<control type="image">
					<posx>35</posx>
					<posy>15</posy>
					<width>390</width>
					<height>67</height>
					<aspectratio>stretch</aspectratio>
					<colordiffuse>99FFFFFF</colordiffuse>
					<texture>GlassTitleBar.png</texture>
				</control>
				<control type="label">
					<description>header label</description>
					<posx>35</posx>
					<posy>19</posy>
					<width>390</width>
					<height>22</height>
					<font>font16_title</font>
					<label>31300</label>
					<align>center</align>
					<aligny>center</aligny>
					<textcolor>white</textcolor>
					<shadowcolor>black</shadowcolor>
				</control>
				<control type="label">
					<description>Provider Text</description>
					<posx>35</posx>
					<posy>45</posy>
					<width>390</width>
					<height>26</height>
					<font>font23</font>
					<textcolor>white</textcolor>
					<scroll>true</scroll>
					<align>center</align>
					<aligny>center</aligny>
					<label>$LOCALIZE[31303] : [COLOR=orange]$INFO[Window.Property(WeatherProvider)][/COLOR]</label>
					<include>Window_OpenClose_Animation</include>
				</control>
				<control type="label">
					<description>weather location label</description>
					<posx>35</posx>
					<posy>75</posy>
					<width>390</width>
					<height>40</height>
					<font>font24_title</font>
					<textcolor>white</textcolor>
					<scroll>false</scroll>
					<align>center</align>
					<aligny>center</aligny>
					<label>$INFO[Window.Property(Location)]</label>
				</control>
				<control type="label">
					<description>update label</description>
					<posx>35</posx>
					<posy>120</posy>
					<width>390</width>
					<height>26</height>
					<font>font20</font>
					<label>$LOCALIZE[31301] - $INFO[Window.Property(Updated)]</label>
					<align>center</align>
					<aligny>center</aligny>
					<textcolor>grey2</textcolor>
				</control>
				<control type="image">
					<description>current weather icon</description>
					<posx>200</posx>
					<posy>132</posy>
					<width>210</width>
					<height>210</height>
					<info>Window.Property(Current.ConditionIcon)</info>
					<aspectratio>keep</aspectratio>
				</control>
				<control type="grouplist">
					<posx>50</posx>
					<posy>162</posy>
					<width>165</width>
					<height>172</height>
					<orientation>horizontal</orientation>
					<align>center</align>
					<itemgap>5</itemgap>
					<control type="label">
						<description>current temp Value</description>
						<width min="0" max="170">auto</width>
						<height>127</height>
						<font>WeatherTemp</font>
						<aligny>center</aligny>
						<label>$INFO[Window.Property(Current.Temperature)]</label>
						<textcolor>white</textcolor>
						<shadowcolor>black</shadowcolor>
					</control>
					<control type="label">
						<description>current temp Value</description>
						<width min="0" max="50">auto</width>
						<height>97</height>
						<font>font16caps</font>
						<aligny>center</aligny>
						<label>$INFO[System.TemperatureUnits]</label>
						<textcolor>white</textcolor>
						<shadowcolor>black</shadowcolor>
					</control>
				</control>
				<control type="label">
					<description>current condition label</description>
					<posx>45</posx>
					<posy>335</posy>
					<width>390</width>
					<height>22</height>
					<info>Window.Property(Current.Condition)</info>
					<wrapmultiline>true</wrapmultiline>
					<font>font20</font>
					<align>center</align>
					<aligny>center</aligny>
					<textcolor>white</textcolor>
					<shadowcolor>black</shadowcolor>
				</control>
				<control type="image">
					<posx>45</posx>
					<posy>365</posy>
					<width>345</width>
					<height>4</height>
					<texture>separator.png</texture>
				</control>
				<control type="group">
					<posx>75</posx>
					<posy>380</posy>
					<control type="label">
						<description>current feels like label</description>
						<posx>147</posx>
						<posy>0</posy>
						<width>127</width>
						<height>35</height>
						<font>font20</font>
						<align>right</align>
						<aligny>center</aligny>
						<label>$LOCALIZE[402] :</label>
						<textcolor>grey2</textcolor>
						<shadowcolor>black</shadowcolor>
					</control>
					<control type="label">
						<description>current dew label</description>
						<posx>147</posx>
						<posy>30</posy>
						<width>170</width>
						<height>35</height>
						<font>font20</font>
						<align>right</align>
						<aligny>center</aligny>
						<label>$LOCALIZE[405] :</label>
						<textcolor>grey2</textcolor>
						<shadowcolor>black</shadowcolor>
					</control>
					<control type="label">
						<description>current humidity label</description>
						<posx>147</posx>
						<posy>60</posy>
						<width>170</width>
						<height>35</height>
						<font>font20</font>
						<align>right</align>
						<aligny>center</aligny>
						<label>$LOCALIZE[406] :</label>
						<textcolor>grey2</textcolor>
						<shadowcolor>black</shadowcolor>
					</control>
					<control type="label">
						<description>current UV Index label</description>
						<posx>147</posx>
						<posy>90</posy>
						<width>170</width>
						<height>35</height>
						<font>font20</font>
						<align>right</align>
						<aligny>center</aligny>
						<label>$LOCALIZE[403] :</label>
						<textcolor>grey2</textcolor>
						<shadowcolor>black</shadowcolor>
					</control>
					<control type="label">
						<description>current Wind label</description>
						<posx>147</posx>
						<posy>120</posy>
						<width>170</width>
						<height>35</height>
						<font>font20</font>
						<align>right</align>
						<aligny>center</aligny>
						<label>$LOCALIZE[404] :</label>
						<textcolor>grey2</textcolor>
						<shadowcolor>black</shadowcolor>
					</control>
					<control type="label">
						<description>current feels like Value</description>
						<posx>159</posx>
						<posy>0</posy>
						<width>350</width>
						<height>35</height>
						<font>font20</font>
						<align>left</align>
						<aligny>center</aligny>
						<label>$INFO[Window.Property(Current.FeelsLike)]$INFO[System.TemperatureUnits]</label>
						<textcolor>white</textcolor>
						<shadowcolor>black</shadowcolor>
					</control>
					<control type="label">
						<description>current dew Value</description>
						<posx>159</posx>
						<posy>30</posy>
						<width>350</width>
						<height>35</height>
						<font>font20</font>
						<align>left</align>
						<aligny>center</aligny>
						<label>$INFO[Window.Property(Current.DewPoint)]$INFO[System.TemperatureUnits]</label>
						<textcolor>white</textcolor>
						<shadowcolor>black</shadowcolor>
					</control>
					<control type="label">
						<description>current humidity Value</description>
						<posx>159</posx>
						<posy>60</posy>
						<width>350</width>
						<height>35</height>
						<font>font20</font>
						<align>left</align>
						<aligny>center</aligny>
						<info>Window.Property(Current.Humidity)</info>
						<textcolor>white</textcolor>
						<shadowcolor>black</shadowcolor>
					</control>
					<control type="label">
						<description>current UV Index Value</description>
						<posx>159</posx>
						<posy>90</posy>
						<width>350</width>
						<height>35</height>
						<font>font20</font>
						<align>left</align>
						<aligny>center</aligny>
						<info>Window.Property(Current.UVIndex)</info>
						<textcolor>white</textcolor>
						<shadowcolor>black</shadowcolor>
					</control>
					<control type="label">
						<description>current Wind Value</description>
						<posx>159</posx>
						<posy>120</posy>
						<width>350</width>
						<height>35</height>
						<font>font20</font>
						<align>left</align>
						<aligny>center</aligny>
						<info>Window.Property(Current.Wind)</info>
						<textcolor>white</textcolor>
						<shadowcolor>black</shadowcolor>
					</control>
				</control>
			</control>
			<control type="group">
				<posx>350</posx>
				<posy>50</posy>
				<visible>Weather.IsFetched + !IsEmpty(Window.Property(Day0.Title))</visible>
				<control type="image">
					<posx>0</posx>
					<posy>0</posy>
					<width>600</width>
					<height>540</height>
					<texture border="20">ShadowBorder2.png</texture>
				</control>
				<control type="panel" id="50">
					<posx>20</posx>
					<posy>20</posy>
					<width>560</width>
					<height>540</height>
					<onleft>9000</onleft>
					<onright>61</onright>
					<onup>50</onup>
					<ondown>50</ondown>
					<viewtype label="535">list</viewtype>
					<pagecontrol>60</pagecontrol>
					<scrolltime>200</scrolltime>
					<itemlayout height="190" width="570">
						<control type="image">
							<posx>0</posx>
							<posy>0</posy>
							<width>560</width>
							<height>189</height>
							<texture border="5">SubBack.png</texture>
						</control>
						<control type="image">
							<posx>300</posx>
							<posy>2</posy>
							<width>260</width>
							<height>164</height>
							<aspectratio>scale</aspectratio>
							<texture>$INFO[ListItem.ActualIcon]</texture>
						</control>
						<control type="label">
							<posx>20</posx>
							<posy>10</posy>
							<width>240</width>
							<height>25</height>
							<font>font28_title</font>
							<textcolor>white</textcolor>
							<shadowcolor>black</shadowcolor>
							<selectedcolor>selected</selectedcolor>
							<align>left</align>
							<aligny>center</aligny>
							<label>$INFO[ListItem.Label]</label>
						</control>
						<control type="label">
							<posx>100</posx>
							<posy>60</posy>
							<width>200</width>
							<height>45</height>
							<font>font25</font>
							<textcolor>white</textcolor>
							<shadowcolor>black</shadowcolor>
							<selectedcolor>selected</selectedcolor>
							<align>center</align>
							<aligny>center</aligny>
							<label>[COLOR=grey2]$LOCALIZE[419][/COLOR][CR][B]$INFO[ListItem.Property(HighTemp)][/B]$INFO[ListItem.Property(TempUnits)]</label>
							<visible>!IsEmpty(ListItem.Property(HighTemp))</visible>
						</control>
						<control type="label">
							<posx>170</posx>
							<posy>70</posy>
							<width>200</width>
							<height>25</height>
							<font>font25</font>
							<textcolor>white</textcolor>
							<shadowcolor>black</shadowcolor>
							<selectedcolor>selected</selectedcolor>
							<align>center</align>
							<aligny>center</aligny>
							<label>[COLOR=grey2]$LOCALIZE[418][/COLOR][CR][B]$INFO[ListItem.Property(LowTemp)][/B]$INFO[ListItem.Property(TempUnits)]</label>
							<visible>!IsEmpty(ListItem.Property(HighTemp))</visible>
						</control>
						<control type="textbox">
							<posx>20</posx>
							<posy>120</posy>
							<width>280</width>
							<height>40</height>
							<font>font20</font>
							<textcolor>white</textcolor>
							<shadowcolor>black</shadowcolor>
							<selectedcolor>selected</selectedcolor>
							<align>left</align>
							<label>$INFO[ListItem.Property(Outlook)]</label>
						</control>
					</itemlayout>
					<focusedlayout height="190" width="560">
						<control type="image">
							<posx>0</posx>
							<posy>0</posy>
							<width>560</width>
							<height>189</height>
							<texture border="5">SubBack.png</texture>
						</control>
						<control type="image">
							<posx>300</posx>
							<posy>2</posy>
							<width>260</width>
							<height>170</height>
							<aspectratio>scale</aspectratio>
							<texture>$INFO[ListItem.ActualIcon]</texture>
						</control>
						<control type="label">
							<posx>20</posx>
							<posy>10</posy>
							<width>240</width>
							<height>25</height>
							<font>font20_title</font>
							<textcolor>white</textcolor>
							<shadowcolor>black</shadowcolor>
							<selectedcolor>selected</selectedcolor>
							<align>left</align>
							<aligny>center</aligny>
							<label>$INFO[ListItem.Label]</label>
						</control>
						<control type="label">
							<posx>100</posx>
							<posy>70</posy>
							<width>200</width>
							<height>25</height>
							<font>font20</font>
							<textcolor>white</textcolor>
							<shadowcolor>black</shadowcolor>
							<selectedcolor>selected</selectedcolor>
							<align>center</align>
							<aligny>center</aligny>
							<label>[COLOR=grey2]$LOCALIZE[419][/COLOR][CR][B]$INFO[ListItem.Property(HighTemp)][/B]$INFO[ListItem.Property(TempUnits)]</label>
							<visible>!IsEmpty(ListItem.Property(HighTemp))</visible>
						</control>
						<control type="label">
							<posx>210</posx>
							<posy>70</posy>
							<width>200</width>
							<height>25</height>
							<font>font20</font>
							<textcolor>white</textcolor>
							<shadowcolor>black</shadowcolor>
							<selectedcolor>selected</selectedcolor>
							<align>center</align>
							<aligny>center</aligny>
							<label>[COLOR=grey2]$LOCALIZE[418][/COLOR][CR][B]$INFO[ListItem.Property(LowTemp)][/B]$INFO[ListItem.Property(TempUnits)]</label>
							<visible>!IsEmpty(ListItem.Property(HighTemp))</visible>
						</control>
						<control type="textbox">
							<posx>20</posx>
							<posy>120</posy>
							<width>280</width>
							<height>40</height>
							<font>font20</font>
							<textcolor>white</textcolor>
							<shadowcolor>black</shadowcolor>
							<selectedcolor>selected</selectedcolor>
							<align>left</align>
							<label>$INFO[ListItem.Property(Outlook)]</label>
						</control>
					</focusedlayout>
					<content>
						<item>
							<label>$LOCALIZE[31909]</label>
							<icon>-</icon>
							<onclick>noop</onclick>
							<visible>!Weather.IsFetched</visible>
						</item>
						<item>
							<label>$INFO[Window.Property(Day0.Title)]</label>
							<icon>$INFO[Window.Property(Day0.OutlookIcon)]</icon>
							<property name="HighTemp">$INFO[Window.Property(Day0.HighTemp)]</property>
							<property name="LowTemp">$INFO[Window.Property(Day0.LowTemp)]</property>
							<property name="Outlook">$INFO[Window.Property(Day0.Outlook)]</property>
							<property name="TempUnits">$INFO[System.TemperatureUnits]</property>
							<onclick>noop</onclick>
							<visible>Weather.IsFetched + !IsEmpty(Window.Property(Day0.Title))</visible>
						</item>
						<item>
							<label>$INFO[Window.Property(Day1.Title)]</label>
							<icon>$INFO[Window.Property(Day1.OutlookIcon)]</icon>
							<property name="HighTemp">$INFO[Window.Property(Day1.HighTemp)]</property>
							<property name="LowTemp">$INFO[Window.Property(Day1.LowTemp)]</property>
							<property name="Outlook">$INFO[Window.Property(Day1.Outlook)]</property>
							<property name="TempUnits">$INFO[System.TemperatureUnits]</property>
							<onclick>noop</onclick>
							<visible>Weather.IsFetched + !IsEmpty(Window.Property(Day1.Title))</visible>
						</item>
						<item>
							<label>$INFO[Window.Property(Day2.Title)]</label>
							<icon>$INFO[Window.Property(Day2.OutlookIcon)]</icon>
							<property name="HighTemp">$INFO[Window.Property(Day2.HighTemp)]</property>
							<property name="LowTemp">$INFO[Window.Property(Day2.LowTemp)]</property>
							<property name="Outlook">$INFO[Window.Property(Day2.Outlook)]</property>
							<property name="TempUnits">$INFO[System.TemperatureUnits]</property>
							<onclick>noop</onclick>
							<visible>Weather.IsFetched + !IsEmpty(Window.Property(Day2.Title))</visible>
						</item>
						<item>
							<label>$INFO[Window.Property(Day3.Title)]</label>
							<icon>$INFO[Window.Property(Day3.OutlookIcon)]</icon>
							<property name="HighTemp">$INFO[Window.Property(Day3.HighTemp)]</property>
							<property name="LowTemp">$INFO[Window.Property(Day3.LowTemp)]</property>
							<property name="Outlook">$INFO[Window.Property(Day3.Outlook)]</property>
							<property name="TempUnits">$INFO[System.TemperatureUnits]</property>
							<onclick>noop</onclick>
							<visible>Weather.IsFetched + !IsEmpty(Window.Property(Day3.Title))</visible>
						</item>
						<item>
							<label>$INFO[Window.Property(Day4.Title)]</label>
							<icon>$INFO[Window.Property(Day4.OutlookIcon)]</icon>
							<property name="HighTemp">$INFO[Window.Property(Day4.HighTemp)]</property>
							<property name="LowTemp">$INFO[Window.Property(Day4.LowTemp)]</property>
							<property name="Outlook">$INFO[Window.Property(Day4.Outlook)]</property>
							<property name="TempUnits">$INFO[System.TemperatureUnits]</property>
							<onclick>noop</onclick>
							<visible>Weather.IsFetched + !IsEmpty(Window.Property(Day4.Title))</visible>
						</item>
						<item>
							<label>$INFO[Window.Property(Day5.Title)]</label>
							<icon>$INFO[Window.Property(Day5.OutlookIcon)]</icon>
							<property name="HighTemp">$INFO[Window.Property(Day5.HighTemp)]</property>
							<property name="LowTemp">$INFO[Window.Property(Day5.LowTemp)]</property>
							<property name="Outlook">$INFO[Window.Property(Day5.Outlook)]</property>
							<property name="TempUnits">$INFO[System.TemperatureUnits]</property>
							<onclick>noop</onclick>
							<visible>Weather.IsFetched + !IsEmpty(Window.Property(Day5.Title))</visible>
						</item>
						<item>
							<label>$INFO[Window.Property(Day6.Title)]</label>
							<icon>$INFO[Window.Property(Day6.OutlookIcon)]</icon>
							<property name="HighTemp">$INFO[Window.Property(Day6.HighTemp)]</property>
							<property name="LowTemp">$INFO[Window.Property(Day6.LowTemp)]</property>
							<property name="Outlook">$INFO[Window.Property(Day6.Outlook)]</property>
							<property name="TempUnits">$INFO[System.TemperatureUnits]</property>
							<onclick>noop</onclick>
							<visible>Weather.IsFetched + !IsEmpty(Window.Property(Day6.Title))</visible>
						</item>
						<item>
							<label>$INFO[Window.Property(Day7.Title)]</label>
							<icon>$INFO[Window.Property(Day7.OutlookIcon)]</icon>
							<property name="HighTemp">$INFO[Window.Property(Day7.HighTemp)]</property>
							<property name="LowTemp">$INFO[Window.Property(Day7.LowTemp)]</property>
							<property name="Outlook">$INFO[Window.Property(Day7.Outlook)]</property>
							<property name="TempUnits">$INFO[System.TemperatureUnits]</property>
							<onclick>noop</onclick>
							<visible>Weather.IsFetched + !IsEmpty(Window.Property(Day7.Title))</visible>
						</item>
						<item>
							<label>$INFO[Window.Property(Day8.Title)]</label>
							<icon>$INFO[Window.Property(Day8.OutlookIcon)]</icon>
							<property name="HighTemp">$INFO[Window.Property(Day8.HighTemp)]</property>
							<property name="LowTemp">$INFO[Window.Property(Day8.LowTemp)]</property>
							<property name="Outlook">$INFO[Window.Property(Day8.Outlook)]</property>
							<property name="TempUnits">$INFO[System.TemperatureUnits]</property>
							<onclick>noop</onclick>
							<visible>Weather.IsFetched + !IsEmpty(Window.Property(Day8.Title))</visible>
						</item>
						<item>
							<label>$INFO[Window.Property(Day9.Title)]</label>
							<icon>$INFO[Window.Property(Day9.OutlookIcon)]</icon>
							<property name="HighTemp">$INFO[Window.Property(Day9.HighTemp)]</property>
							<property name="LowTemp">$INFO[Window.Property(Day9.LowTemp)]</property>
							<property name="Outlook">$INFO[Window.Property(Day9.Outlook)]</property>
							<property name="TempUnits">$INFO[System.TemperatureUnits]</property>
							<onclick>noop</onclick>
							<visible>Weather.IsFetched + !IsEmpty(Window.Property(Day9.Title))</visible>
						</item>
					</content>
				</control>
			</control>
		</control>
		<include>ScrollBarCommons</include>
		<include>CommonBottomBar</include>
		<include>BottomNowPLaying</include>
		<control type="panel" id="9002">
			<visible>!Window.IsActive(PlayerControls)</visible>
			<include>VisibleFadeEffect</include>
			<include>SubMenuCommonLayout</include>
			<content>
				<item>
					<label>184</label>
					<onclick>Weather.Refresh</onclick>
					<icon>button_weather_reload.png</icon>
				</item>
				<item>
					<label>31201</label>
					<onclick>Weather.LocationNext</onclick>
					<icon>button_weather_city.png</icon>
				</item>
				<item>
					<label>31200</label>
					<onclick>back</onclick>
					<icon>icon_back_w.png</icon>
				</item>
<!--				<item>
					<label>1036</label>
					<onclick>ActivateWindow(Favourites)</onclick>
					<icon>icon_favourites_w.png</icon>
				</item>  -->
			</content>
		</control>
	</controls>
</window>
