<window type="dialog" id="1122">
	<defaultcontrol always="false">103</defaultcontrol>
	<!-- removed allowoverlay -->
	<include>16x9_xPos_Relocation</include>
	<include>Window_OpenClose_Animation_Zoom</include>
	<onload>Skin.SetString(FirstSettings,1)</onload>
	<onload>Control.SetFocus(103)</onload>
	<coordinates>
		<system>1</system>
		<posx>-50</posx>
		<posy>0</posy>
	</coordinates>
	<controls>
		<control type="image">
			<posx>0</posx>
			<posy>0</posy>
			<width>1000</width>
			<height>60</height>
			<texture border="5">DialogHeader.png</texture>
		</control> 
		<control type="label">
			<description>header label</description>
			<posx>40</posx>
			<posy>0</posy>
			<include>WindowTitleCommons</include>
			<width>910</width>
			<label>$LOCALIZE[31226]</label>
		</control>
		<control type="group">
			<posx>930</posx>
			<posy>0</posy>
			<include>DialogCloseButtonCommons</include>
		</control>
		<control type="image">
			<posx>0</posx>
			<posy>60</posy>
			<width>1000</width>
			<height>650</height>
			<texture border="5">dialog_back_black.png</texture>
		</control>

		<control type="group">
			<posx>20</posx>
			<posy>30</posy>
			<width>920</width>
			<control type="image">
				<description>Settings Menu Background</description>
				<posx>0</posx>
				<posy>60</posy>
		        <height>60</height>
				<width>920</width>
		        <texture>>menuitem_black2_nf.png</texture>
			</control>
			<control type="label">
				<visible>Skin.String(FirstSettings,1)</visible>
				<description>Version</description>
				<posx>640</posx>
				<posy>100</posy>
				<width>70</width>
				<height>30</height>
				<align>right</align>
				<font>font18_title</font>
				<textcolor>white</textcolor>
				<label>v2.2.0</label>
			</control>
		</control>


<!-- ### Page 1 - Welcome Screen ### -->

		<control type="group">
			<visible>Skin.String(FirstSettings,1)</visible>
			<posx>20</posx>
			<posy>70</posy>
			<width>920</width>
			<height>550</height>
			<orientation>vertical</orientation>
			<control type="label" id="10">
				<description>Fake Label</description>
				<posx>0</posx>
				<posy>0</posy>
				<width>10</width>
				<height>10</height>
				<font>WeatherTemp</font>
				<textcolor>white</textcolor>
				<label></label>
				<ondown>103</ondown>
			</control>
			<control type="image">
				<description>xTouch Logo</description>
				<posx>350</posx>
				<posy>40</posy>
		        <height>120</height>
				<width>240</width>
		        <texture>xtouch_logo.png</texture>
			</control>
			<control type="label">
				<description>Welcome</description>
				<posx>160</posx>
				<posy>160</posy>
				<width>650</width>
				<height>100</height>
				<align>center</align>
				<aligny>top</aligny>
				<font>WeatherTemp</font>
				<textcolor>white</textcolor>
				<label>$LOCALIZE[31221]</label>
			</control>
			<control type="label">
				<posx>180</posx>
				<posy>280</posy>
				<height>330</height>
				<width>600</width>
				<wrapmultiline>true</wrapmultiline>
				<font>font13_title</font>
				<label>$LOCALIZE[31220]</label>
				<textcolor>white</textcolor>
				<align>center</align>
				<aligny>top</aligny>
			</control>
			<control type="label">
				<width>300</width>
				<height>100</height>
				<label></label>
			</control>
			<control type="button" id="103">
				<centerleft>480</centerleft>
				<posy>470</posy>
				<height>60</height>
			   	<width>340</width>
				<font>font24_title</font>
				<align>center</align>
				<aligny>center</aligny>
				<label>$LOCALIZE[31222]</label>  
				<textcolor>white</textcolor>
				<focusedcolor>$VAR[CustomColorFocus]</focusedcolor>
				<texturefocus border="0,2,0,2">button_outline_black_f.png</texturefocus>
			    <texturenofocus border="0,2,0,2">button_outline_black.png</texturenofocus>
				<onclick>Skin.Reset(FirstSettings)</onclick>
				<onclick>Skin.SetString(FirstSettings,2)</onclick>
				<onclick>Control.SetFocus(201)</onclick>
			</control> 
		</control>







<!-- ### Page 1 End ####################################################################################### -->
<!-- ### Page 2 ############################################################################################ -->

<!-- ### Colors ### -->

		<control type="group" id="200">
			<description>Step 1: Set the Skin Colors</description>
			<visible>Skin.String(FirstSettings,2)</visible>
			<posx>40</posx>
			<posy>90</posy>
			<width>920</width>
			<height>150</height>
			<itemgap>10</itemgap>
			<align>top</align>
			<control type="label">
				<width>300</width>
				<height>60</height>
				<label></label>
			</control>
			<control type="label">
				<posx>0</posx>
				<posy>0</posy>
				<height>60</height>
				<width>920</width>
				<wrapmultiline>true</wrapmultiline>
				<font>font24_title</font>
				<label>$LOCALIZE[31223]</label>
				<textcolor>white</textcolor>
				<align>center</align>
				<aligny>top</aligny>
			</control>
			<control type="label">
				<posx>0</posx>
				<posy>40</posy>
				<height>230</height>
				<width>920</width>
				<wrapmultiline>true</wrapmultiline>
				<font>font13_title</font>
				<label>$LOCALIZE[31224]</label>
				<textcolor>white</textcolor>
				<align>left</align>
				<aligny>top</aligny>
			</control>
			<control type="label">
				<width>300</width>
				<height>60</height>
				<label></label>
			</control>
		</control>



<!-- Standard Skin Color -->
		<control type="group">
			<description>Colorlist10</description>
			<posx>30</posx>
			<posy>350</posy>
			<width>1000</width>
			<height>60</height>
			<visible>Skin.String(FirstSettings,2)</visible>

            <control type="image">
                <description>Hintergrund</description>
				<posx>0</posx>
				<posy>0</posy>
                <posx>0</posx>
                <posy>0</posy>
                <width>1000</width>
                <height>70</height>
                <texture border="0,2,0,2">MenuItemNF.png</texture>
            </control>
			<control type="button" id="201">
				<posx>130</posx>
				<posy>10</posy>
				<height>50</height>
			   	<width>340</width>
				<font>font24_title</font>
				<align>center</align>
				<aligny>center</aligny>
				<label>$LOCALIZE[31132]</label>  
				<textcolor>white</textcolor>
				<focusedcolor>$VAR[CustomColorFocus]</focusedcolor>
				<texturefocus border="0,2,0,2">button_outline_black_f.png</texturefocus>
			    <texturenofocus border="0,2,0,2">button_outline_black.png</texturenofocus>
				<onclick>Skin.Reset(ChangeFocusColor)</onclick>
				<onclick>Skin.Reset(ChangeIconTextColor)</onclick>
				<onclick>Skin.Reset(ChangeOutlineColor)</onclick>
				<onclick>Skin.SetString(ChangeSkinColor,1)</onclick>
				<onclick>ActivateWindow(1130)</onclick>
				<ondown>202</ondown>
			</control> 
			<control type="label">
				<posx>500</posx>
				<posy>5</posy>
				<height>60</height>
				<width>270</width>
				<font>font24_title</font>
				<label>$LOCALIZE[31190]</label>
				<textcolor>white</textcolor>
				<align>left</align>
				<aligny>center</aligny>
			</control>
            <control type="image">
                <description>Color field</description>
                <visible>!IsEmpty(Skin.String(CustomColorNofocus))</visible>
				<posx>700</posx>
				<posy>15</posy>
                <posx>0</posx>
                <posy>0</posy>
                <width>100</width>
                <height>40</height>
                <texture colordiffuse="$VAR[CustomColorNofocus]">button-nofocus.png</texture>
            </control>
            <control type="image">
                <description>Color field clear</description>
                <visible>IsEmpty(Skin.String(CustomColorNofocus))</visible>
				<posx>700</posx>
				<posy>15</posy>
                <posx>0</posx>
                <posy>0</posy>
                <width>100</width>
                <height>40</height>
                <texture>button_clear.png</texture>
            </control>
		</control>

<!-- Focus Color -->
		<control type="group">
			<description>Set Focus Color</description>
			<posx>30</posx>
			<posy>440</posy>
			<width>1000</width>
			<height>60</height>
			<visible>Skin.String(FirstSettings,2)</visible>

            <control type="image">
                <description>Hintergrund</description>
				<posx>0</posx>
				<posy>0</posy>
                <posx>0</posx>
                <posy>0</posy>
                <width>1000</width>
                <height>70</height>
                <texture border="0,2,0,2">MenuItemNF.png</texture>
            </control>
			<control type="button" id="202">
				<posx>130</posx>
				<posy>10</posy>
				<height>50</height>
			   	<width>340</width>
				<font>font24_title</font>
				<align>center</align>
				<aligny>center</aligny>
				<label>$LOCALIZE[31133]</label>  
				<textcolor>white</textcolor>
				<focusedcolor>$VAR[CustomColorFocus]</focusedcolor>
				<texturefocus border="0,2,0,2">button_outline_black_f.png</texturefocus>
			    <texturenofocus border="0,2,0,2">button_outline_black.png</texturenofocus>
				<onclick>Skin.Reset(ChangeSkinColor)</onclick>
				<onclick>Skin.Reset(ChangeIconTextColor)</onclick>
				<onclick>Skin.Reset(ChangeOutlineColor)</onclick>
				<onclick>Skin.SetString(ChangeFocusColor,1)</onclick>
				<onclick>ActivateWindow(1130)</onclick>
				<onup>201</onup>
				<ondown>203</ondown>
			</control> 
			<control type="label">
				<posx>500</posx>
				<posy>5</posy>
				<height>60</height>
				<width>270</width>
				<font>font24_title</font>
				<label>$LOCALIZE[31190]</label>
				<textcolor>white</textcolor>
				<align>left</align>
				<aligny>center</aligny>
			</control>
            <control type="image">
                <description>Farbfeld</description>
                <visible>!IsEmpty(Skin.String(CustomColorFocus))</visible>
				<posx>700</posx>
				<posy>15</posy>
                <posx>0</posx>
                <posy>0</posy>
                <width>100</width>
                <height>40</height>
                <texture colordiffuse="$VAR[CustomColorFocus]">button-nofocus.png</texture>
            </control>
            <control type="image">
                <description>Color field clear</description>
                <visible>IsEmpty(Skin.String(CustomColorFocus))</visible>
				<posx>700</posx>
				<posy>15</posy>
                <posx>0</posx>
                <posy>0</posy>
                <width>100</width>
                <height>40</height>
                <texture>button_clear.png</texture>
            </control>
		</control>

			<control type="button" id="203">
				<visible>Skin.String(FirstSettings,2)</visible>
				<centerleft>500</centerleft>
				<posy>600</posy>
				<height>60</height>
			   	<width>340</width>
				<font>font24_title</font>
				<align>center</align>
				<aligny>center</aligny>
				<label>$LOCALIZE[31231]</label>  
				<textcolor>white</textcolor>
				<focusedcolor>$VAR[CustomColorFocus]</focusedcolor>
				<texturefocus border="0,2,0,2">button_outline_black_f.png</texturefocus>
			    <texturenofocus border="0,2,0,2">button_outline_black.png</texturenofocus>
				<onclick>Skin.Reset(FirstSettings)</onclick>
				<onclick>Skin.SetString(FirstSettings,3)</onclick>
				<onclick>Control.SetFocus(301)</onclick>
				<onup>202</onup>
				<ondown>201</ondown>
			</control> 

<!-- ### Page 2 End ####################################################################################### -->
<!-- ### Page 3 ############################################################################################ -->

		<control type="group" id="300">
			<description>Step 3: Style Main Buttons</description>
			<visible>Skin.String(FirstSettings,3)</visible>
			<posx>40</posx>
			<posy>90</posy>
			<width>920</width>
			<height>150</height>
			<itemgap>10</itemgap>
			<align>top</align>
			<control type="label">
				<width>300</width>
				<height>60</height>
				<label></label>
			</control>
			<control type="label">
				<posx>0</posx>
				<posy>0</posy>
				<height>60</height>
				<width>920</width>
				<wrapmultiline>true</wrapmultiline>
				<font>font24_title</font>
				<label>$LOCALIZE[31227]</label>
				<textcolor>white</textcolor>
				<align>center</align>
				<aligny>top</aligny>
			</control>
			<control type="label">
				<posx>0</posx>
				<posy>40</posy>
				<height>230</height>
				<width>920</width>
				<wrapmultiline>true</wrapmultiline>
				<font>font13_title</font>
				<label>$LOCALIZE[31225] [CR][CR]$LOCALIZE[31230]</label>
				<textcolor>white</textcolor>
				<align>left</align>
				<aligny>top</aligny>
			</control>
			<control type="label">
				<width>300</width>
				<height>60</height>
				<label></label>
			</control>
		</control>



<!-- Home Button Auswahl -->
		<control type="grouplist">
			<description>Main Menu Buttons List 1</description>
			<posx>40</posx>
			<posy>300</posy>
			<width>455</width>
			<height>335</height>
			<itemgap>-1</itemgap>
			<pagecontrol></pagecontrol>
			<onup></onup>
			<ondown>311</ondown>
			<onleft></onleft>
			<onright></onright>
			<visible>Skin.String(FirstSettings,3)</visible>
					<control type="button" id="301">
						<height>55</height>
			        	<width>440</width>
						<font>font24_title</font>
						<label>$LOCALIZE[31061]</label>  
						<label2>$INFO[Skin.String(HomePosRadio)]</label2>
						<textcolor>white</textcolor>
						<focusedcolor>$VAR[CustomColorFocus]</focusedcolor>
						<texturefocus border="0,2,0,2">MenuItemNF.png</texturefocus>
				        <texturenofocus border="0,2,0,2">MenuItemNF.png</texturenofocus>
				        <onclick>Skin.Reset(HomePosRadio)</onclick>
						<onclick>Skin.SetNumeric(HomePosRadio)</onclick>
						<onup></onup>
						<ondown>302</ondown>
						<onright>305</onright>
					</control>
					<control type="button" id="302">
						<height>55</height>
			        	<width>440</width>
						<font>font24_title</font>
						<label>$LOCALIZE[31062]</label>  
						<label2>$INFO[Skin.String(HomePosMusic)]</label2>
						<textcolor>white</textcolor>
						<focusedcolor>$VAR[CustomColorFocus]</focusedcolor>
						<texturefocus border="0,2,0,2">MenuItemNF.png</texturefocus>
				        <texturenofocus border="0,2,0,2">MenuItemNF.png</texturenofocus>
				        <onclick>Skin.Reset(HomePosMusic)</onclick>
						<onclick>Skin.SetNumeric(HomePosMusic)</onclick>
						<onup>301</onup>
						<ondown>303</ondown>
						<onright>306</onright>
					</control>  
					<control type="button" id="303">
						<height>55</height>
			        	<width>440</width>
						<font>font24_title</font>
						<label>$LOCALIZE[31063]</label>  
						<label2>$INFO[Skin.String(HomePosVideo)]</label2>
						<textcolor>white</textcolor>
						<focusedcolor>$VAR[CustomColorFocus]</focusedcolor>
						<texturefocus border="0,2,0,2">MenuItemNF.png</texturefocus>
				        <texturenofocus border="0,2,0,2">MenuItemNF.png</texturenofocus>
				        <onclick>Skin.Reset(HomePosVideo)</onclick>
						<onclick>Skin.SetNumeric(HomePosVideo)</onclick>
						<onup>302</onup>
						<ondown>304</ondown>
						<onright>307</onright>
					</control>  
					<control type="button" id="304">
						<height>55</height>
			        	<width>440</width>
						<font>font24_title</font>
						<label>$LOCALIZE[31064]</label>  
						<label2>$INFO[Skin.String(HomePosNavi)]</label2>
						<textcolor>white</textcolor>
						<focusedcolor>$VAR[CustomColorFocus]</focusedcolor>
						<texturefocus border="0,2,0,2">MenuItemNF.png</texturefocus>
				        <texturenofocus border="0,2,0,2">MenuItemNF.png</texturenofocus>
				        <onclick>Skin.Reset(HomePosNavi)</onclick>
						<onclick>Skin.SetNumeric(HomePosNavi)</onclick>
						<onup>303</onup>
						<ondown>Control.SetFocus(311)</ondown>
						<onright>308</onright>
					</control>  
		</control>

		<control type="grouplist">
			<description>Main Menu Buttons List 2</description>
			<posx>495</posx>
			<posy>250</posy>
			<width>4</width>
			<height>335</height>
			<itemgap>-1</itemgap>
			<pagecontrol>30</pagecontrol>
			<onup>9</onup>
			<ondown>9001</ondown>
			<onleft>2</onleft>
			<onright>30</onright>
			<visible>Skin.String(FirstSettings,3)</visible>

			<control type="image">
				<height>300</height>
				<width>4</width>
				<texture>separator_v.png</texture>
			</control>  
		</control>


		<control type="grouplist">
			<description>control area</description>
			<posx>515</posx>
			<posy>300</posy>
			<width>455</width>
			<height>335</height>
			<itemgap>-1</itemgap>
			<pagecontrol></pagecontrol>
			<onup></onup>
			<ondown>311</ondown>
			<onleft></onleft>
			<onright></onright>
			<visible>Skin.String(FirstSettings,3)</visible>
					<control type="button" id="305">
						<height>55</height>
			        	<width>440</width>
						<font>font24_title</font>
						<label>$LOCALIZE[31065]</label>  
						<label2>$INFO[Skin.String(HomePosSettings)]</label2>
						<textcolor>white</textcolor>
						<focusedcolor>$VAR[CustomColorFocus]</focusedcolor>
						<texturefocus border="0,2,0,2">MenuItemNF.png</texturefocus>
				        <texturenofocus border="0,2,0,2">MenuItemNF.png</texturenofocus>
				        <onclick>Skin.Reset(HomePosSettings)</onclick>
						<onclick>Skin.SetNumeric(HomePosSettings)</onclick>
						<onup>304</onup>
						<ondown>306</ondown>
						<onleft>301</onleft>
					</control>  
					<control type="button" id="306">
						<height>55</height>
			        	<width>440</width>
						<font>font24_title</font>
						<label>$LOCALIZE[31119]</label>  
						<label2>$INFO[Skin.String(HomePosShutdown)]</label2>
						<textcolor>white</textcolor>
						<focusedcolor>$VAR[CustomColorFocus]</focusedcolor>
						<texturefocus border="0,2,0,2">MenuItemNF.png</texturefocus>
				        <texturenofocus border="0,2,0,2">MenuItemNF.png</texturenofocus>
				        <onclick>Skin.Reset(HomePosShutdown)</onclick>
						<onclick>Skin.SetNumeric(HomePosShutdown)</onclick>
						<onup>305</onup>
						<ondown>307</ondown>
						<onleft>302</onleft>
					</control>  
					<control type="button" id="307">
						<height>55</height>
			        	<width>440</width>
						<font>font24_title</font>
						<label>$LOCALIZE[31135]</label>  
						<label2>$INFO[Skin.String(HomePosWeather)]</label2>
						<textcolor>white</textcolor>
						<focusedcolor>$VAR[CustomColorFocus]</focusedcolor>
						<texturefocus border="0,2,0,2">MenuItemNF.png</texturefocus>
				        <texturenofocus border="0,2,0,2">MenuItemNF.png</texturenofocus>
				        <onclick>Skin.Reset(HomePosWeather)</onclick>
						<onclick>Skin.SetNumeric(HomePosWeather)</onclick>
						<onup>306</onup>
						<ondown>308</ondown>
						<onleft>303</onleft>
					</control>  
					<control type="button" id="308">
						<height>55</height>
			        	<width>440</width>
						<font>font24_title</font>
						<label>$LOCALIZE[31136]</label>  
						<label2>$INFO[Skin.String(HomePos3G)]</label2>
						<textcolor>white</textcolor>
						<focusedcolor>$VAR[CustomColorFocus]</focusedcolor>
						<texturefocus border="0,2,0,2">MenuItemNF.png</texturefocus>
				        <texturenofocus border="0,2,0,2">MenuItemNF.png</texturenofocus>
				        <onclick>Skin.Reset(HomePos3G)</onclick>
						<onclick>Skin.SetNumeric(HomePos3G)</onclick>
						<onup>307</onup>
						<ondown>Control.SetFocus(311)</ondown>
						<onleft>304</onleft>
					</control>  
			</control>


					<control type="button" id="310">
						<visible>Skin.String(FirstSettings,3)</visible>
						<posx>100</posx>
						<posy>600</posy>
						<height>60</height>
					   	<width>180</width>
						<font>font24_title</font>
						<align>center</align>
						<aligny>center</aligny>
						<label>$LOCALIZE[31200]</label>  
						<textcolor>white</textcolor>
						<focusedcolor>$VAR[CustomColorFocus]</focusedcolor>
						<texturefocus border="0,2,0,2">button_outline_black_f.png</texturefocus>
					    <texturenofocus border="0,2,0,2">button_outline_black.png</texturenofocus>
						<onclick>Skin.Reset(FirstSettings)</onclick>
						<onclick>Skin.SetString(FirstSettings,2)</onclick>
						<onclick>Control.SetFocus(201)</onclick>
						<onup>304</onup>
						<ondown></ondown>
						<onright>311</onright>
					</control> 


					<control type="button" id="311">
						<visible>Skin.String(FirstSettings,3)</visible>
						<centerleft>500</centerleft>
						<posy>600</posy>
						<height>60</height>
					   	<width>340</width>
						<font>font24_title</font>
						<align>center</align>
						<aligny>center</aligny>
						<label>$LOCALIZE[31231]</label>  
						<textcolor>white</textcolor>
						<focusedcolor>$VAR[CustomColorFocus]</focusedcolor>
						<texturefocus border="0,2,0,2">button_outline_black_f.png</texturefocus>
					    <texturenofocus border="0,2,0,2">button_outline_black.png</texturenofocus>
						<onclick>Skin.Reset(FirstSettings)</onclick>
						<onclick>Skin.SetString(FirstSettings,4)</onclick>
						<onclick>Control.SetFocus(401)</onclick>
						<onup>308</onup>
						<ondown></ondown>
						<onleft>310</onleft>
					</control> 


<!-- ### Page 3 End ####################################################################################### -->
<!-- ### Page 4 ############################################################################################ -->

		<control type="group" id="400">
			<description>Step 3: Style Main Buttons</description>
			<visible>Skin.String(FirstSettings,4)</visible>
			<posx>40</posx>
			<posy>90</posy>
			<width>920</width>
			<height>150</height>
			<itemgap>10</itemgap>
			<align>top</align>
			<control type="label">
				<width>300</width>
				<height>60</height>
				<label></label>
			</control>
			<control type="label">
				<posx>0</posx>
				<posy>0</posy>
				<height>60</height>
				<width>920</width>
				<wrapmultiline>true</wrapmultiline>
				<font>font24_title</font>
				<label>$LOCALIZE[31228]</label>
				<textcolor>white</textcolor>
				<align>center</align>
				<aligny>top</aligny>
			</control>
			<control type="label">
				<posx>0</posx>
				<posy>40</posy>
				<height>230</height>
				<width>920</width>
				<wrapmultiline>true</wrapmultiline>
				<font>font13_title</font>
				<label>$LOCALIZE[31229]</label>
				<textcolor>white</textcolor>
				<align>left</align>
				<aligny>top</aligny>
			</control>
			<control type="label">
				<width>300</width>
				<height>60</height>
				<label></label>
			</control>
		</control>



<!-- Home Button Text&Icon Color -->
		<control type="group">
			<description>Home Button Text&Icon Color</description>
			<posx>30</posx>
			<posy>310</posy>
			<width>1000</width>
			<height>60</height>
			<visible>Skin.String(FirstSettings,4)</visible>

            <control type="image">
                <description>Hintergrund</description>
				<posx>0</posx>
				<posy>0</posy>
                <posx>0</posx>
                <posy>0</posy>
                <width>1000</width>
                <height>70</height>
                <texture border="0,2,0,2">MenuItemNF.png</texture>
            </control>
			<control type="button" id="401">
				<posx>130</posx>
				<posy>10</posy>
				<height>50</height>
			   	<width>340</width>
				<font>font24_title</font>
				<align>center</align>
				<aligny>center</aligny>
				<label>$LOCALIZE[31184]</label>  
				<textcolor>white</textcolor>
				<focusedcolor>$VAR[CustomColorFocus]</focusedcolor>
				<texturefocus border="0,2,0,2">button_outline_black_f.png</texturefocus>
			    <texturenofocus border="0,2,0,2">button_outline_black.png</texturenofocus>
				<onclick>Skin.Reset(ChangeSkinColor)</onclick>
				<onclick>Skin.Reset(ChangeFocusColor)</onclick>
				<onclick>Skin.Reset(ChangeOutlineColor)</onclick>
				<onclick>Skin.SetString(ChangeIconTextColor,1)</onclick>
				<onclick>ActivateWindow(1130)</onclick>
				<onup></onup>
				<ondown>402</ondown>
			</control> 
			<control type="label">
				<posx>500</posx>
				<posy>5</posy>
				<height>60</height>
				<width>270</width>
				<font>font24_title</font>
				<label>$LOCALIZE[31190]</label>
				<textcolor>white</textcolor>
				<align>left</align>
				<aligny>center</aligny>
			</control>
            <control type="image">
                <description>Color field</description>
                <visible>!IsEmpty(Skin.String(CustomColorHomebuttons))</visible>
				<posx>700</posx>
				<posy>15</posy>
                <posx>0</posx>
                <posy>0</posy>
                <width>100</width>
                <height>40</height>
                <texture colordiffuse="$VAR[CustomColorHomebuttons]">button-nofocus.png</texture>
            </control>
            <control type="image">
                <description>Color field clear</description>
                <visible>IsEmpty(Skin.String(CustomColorHomebuttons))</visible>
				<posx>700</posx>
				<posy>15</posy>
                <posx>0</posx>
                <posy>0</posy>
                <width>100</width>
                <height>40</height>
                <texture>button_clear.png</texture>
            </control>
		</control> 

<!-- Home Button Outline Color -->

		<control type="group">
				<visible>Skin.String(FirstSettings,4)</visible>
				<description>Color for Button Outline</description>
				<posx>30</posx>
				<posy>400</posy>
				<width>1000</width>
				<height>70</height>
	
	            <control type="image">
	                <description>Hintergrund</description>
					<posx>0</posx>
					<posy>0</posy>
	                <posx>0</posx>
	                <posy>0</posy>
					<width>1000</width>
					<height>70</height>
	                <texture border="0,2,0,2">MenuItemNF.png</texture>
				</control>
				<control type="button" id="402">
					<posx>130</posx>
					<posy>10</posy>
					<height>50</height>
			   		<width>340</width>
					<font>font24_title</font>
					<align>center</align>
					<aligny>center</aligny>
					<label>$LOCALIZE[31215]</label>  
					<textcolor>white</textcolor>
					<focusedcolor>$VAR[CustomColorFocus]</focusedcolor>
					<texturefocus border="0,2,0,2">button_outline_black_f.png</texturefocus>
			    	<texturenofocus border="0,2,0,2">button_outline_black.png</texturenofocus>
					<onclick>Skin.Reset(ChangeSkinColor)</onclick>
					<onclick>Skin.Reset(ChangeFocusColor)</onclick>
					<onclick>Skin.Reset(ChangeIconTextColor)</onclick>
					<onclick>Skin.SetString(ChangeOutlineColor,1)</onclick>
					<onclick>Skin.SetBool(ShowOutlines)</onclick>
					<onclick>ActivateWindow(1130)</onclick>
					<onup>401</onup>
					<ondown>404</ondown>
				</control> 
				<control type="label">
					<posx>500</posx>
					<posy>5</posy>
					<height>60</height>
					<width>270</width>
					<font>font24_title</font>
					<label>$LOCALIZE[31190]</label>
					<textcolor>white</textcolor>
					<align>left</align>
					<aligny>center</aligny>
				</control>
	           	<control type="image">
					<description>No Color</description>
					<posx>700</posx>
					<posy>15</posy>
                	<posx>0</posx>
                	<posy>0</posy>
                	<width>100</width>
                	<height>40</height>
                	<texture>button_outline.png</texture>
				</control>
				<control type="label">
					<posx>700</posx>
					<posy>15</posy>
					<height>40</height>
					<width>100</width>
					<font>font22_title</font>
					<label>$LOCALIZE[31212]</label>
					<textcolor>white</textcolor>
					<align>center</align>
					<aligny>center</aligny>
				</control>
	           	<control type="image">
					<description>Farbfeld</description>
					<visible>!IsEmpty(Skin.String(HBOutlineColor))</visible>
					<posx>700</posx>
					<posy>15</posy>
                	<posx>0</posx>
                	<posy>0</posy>
                	<width>100</width>
                	<height>40</height>
                	<texture colordiffuse="$VAR[HBOutlineColor]">button-nofocus.png</texture>
				</control>
	            <control type="image">
					<description>Color field clear</description>
					<visible>IsEmpty(Skin.String(HBOutlineColor))</visible>
					<posx>700</posx>
					<posy>15</posy>
					<posx>0</posx>
					<posy>0</posy>
					<width>100</width>
					<height>40</height>
					<texture>button_clear.png</texture>
				</control>
			</control> 


			<control type="button" id="403">
				<visible>Skin.String(FirstSettings,4)</visible>
				<posx>100</posx>
				<posy>600</posy>
				<height>60</height>
			   	<width>180</width>
				<font>font24_title</font>
				<align>center</align>
				<aligny>center</aligny>
				<label>$LOCALIZE[31200]</label>  
				<textcolor>white</textcolor>
				<focusedcolor>$VAR[CustomColorFocus]</focusedcolor>
				<texturefocus border="0,2,0,2">button_outline_black_f.png</texturefocus>
			    <texturenofocus border="0,2,0,2">button_outline_black.png</texturenofocus>
				<onclick>Skin.Reset(FirstSettings)</onclick>
				<onclick>Skin.SetString(FirstSettings,3)</onclick>
				<onclick>Control.SetFocus(301)</onclick>
				<onup>402</onup>
				<ondown></ondown>
				<onright>404</onright>
			</control> 


			<control type="button" id="404">
				<visible>Skin.String(FirstSettings,4)</visible>
				<centerleft>500</centerleft>
				<posy>600</posy>
				<height>60</height>
			   	<width>340</width>
				<font>font24_title</font>
				<align>center</align>
				<aligny>center</aligny>
				<label>$LOCALIZE[31231]</label>  
				<textcolor>white</textcolor>
				<focusedcolor>$VAR[CustomColorFocus]</focusedcolor>
				<texturefocus border="0,2,0,2">button_outline_black_f.png</texturefocus>
			    <texturenofocus border="0,2,0,2">button_outline_black.png</texturenofocus>
				<onclick>Skin.Reset(FirstSettings)</onclick>
				<onclick>Skin.SetString(FirstSettings,5)</onclick>
				<onclick>Control.SetFocus(504)</onclick>
				<onup>402</onup>
				<ondown></ondown>
				<onleft>403</onleft>
			</control> 

<!-- ### Page 4 End ######################################################################################## -->

<!-- ### Page 5  ########################################################################################### -->

		<control type="group">
			<visible>Skin.String(FirstSettings,5)</visible>
			<posx>20</posx>
			<posy>70</posy>
			<width>920</width>
			<height>550</height>
			<orientation>vertical</orientation>
			<ondown>502</ondown>
			<control type="label">
				<description>Version</description>
				<posx>160</posx>
				<posy>80</posy>
				<width>650</width>
				<height>100</height>
				<align>center</align>
				<aligny>top</aligny>
				<font>WeatherTemp</font>
				<textcolor>white</textcolor>
				<label>$LOCALIZE[31232]</label>
			</control>
			<control type="label">
				<posx>130</posx>
				<posy>200</posy>
				<height>330</height>
				<width>700</width>
				<wrapmultiline>true</wrapmultiline>
				<font>font13_title</font>
				<label>$LOCALIZE[31233]</label>
				<textcolor>white</textcolor>
				<align>center</align>
				<aligny>top</aligny>
			</control>

			<control type="button" id="503">
				<visible>Skin.String(FirstSettings,5)</visible>
				<posx>100</posx>
				<posy>500</posy>
				<height>60</height>
			   	<width>180</width>
				<font>font24_title</font>
				<align>center</align>
				<aligny>center</aligny>
				<label>$LOCALIZE[31200]</label>  
				<textcolor>white</textcolor>
				<focusedcolor>$VAR[CustomColorFocus]</focusedcolor>
				<texturefocus border="0,2,0,2">button_outline_black_f.png</texturefocus>
			    <texturenofocus border="0,2,0,2">button_outline_black.png</texturenofocus>
				<onclick>Skin.Reset(FirstSettings)</onclick>
				<onclick>Skin.SetString(FirstSettings,4)</onclick>
				<onclick>Control.SetFocus(401)</onclick>
				<onright>504</onright>
			</control> 


			<control type="button" id="504">
				<visible>Skin.String(FirstSettings,5)</visible>
				<centerleft>500</centerleft>
				<posy>500</posy>
				<height>60</height>
			   	<width>340</width>
				<font>font24_title</font>
				<align>center</align>
				<aligny>center</aligny>
				<label>$LOCALIZE[31234]</label>  
				<textcolor>white</textcolor>
				<focusedcolor>$VAR[CustomColorFocus]</focusedcolor>
				<texturefocus border="0,2,0,2">button_outline_black_f.png</texturefocus>
			    <texturenofocus border="0,2,0,2">button_outline_black.png</texturenofocus>
				<onclick>Skin.Reset(FirstSettings)</onclick>
				<onclick>Skin.ToggleSetting(HideSettingsManager2.2)</onclick> 
				<onclick>Dialog.Close(1122)</onclick>
				<onclick>XBMC.ReloadSkin()</onclick>
				<onleft>503</onleft>
			</control> 
		</control>


<!-- ### Page 5 End ######################################################################################## -->


	</controls>

</window>
