<includes>
	<default type="image">
		<posx>0</posx>
		<posy>0</posy>
		<texture></texture>
		<colorkey>0</colorkey>
	</default>
	<default type="label">
		<posx>80</posx>
		<posy>60</posy>
		<label></label>
		<font>font20</font>
		<textcolor>white</textcolor>
	</default>
	<default type="fadelabel">
		<posx>80</posx>
		<posy>60</posy>
		<font>font20</font>
		<textcolor>white</textcolor>
	</default>
	<default type="button">
		<posx>300</posx>
		<posy>200</posy>
		<width>300</width>
		<height>42</height>
		<texturefocus>button-focus.png</texturefocus>
		<texturenofocus>button-nofocus.png</texturenofocus>
		<font>font20</font>
		<textcolor>white</textcolor>
		<disabledcolor>grey3</disabledcolor>
		<textoffsetx>10</textoffsetx>
		<aligny>center</aligny>
		<pulseonselect>no</pulseonselect>
	</default>
	<default type="togglebutton">
		<posx>140</posx>
		<posy>167</posy>
		<width>20</width>
		<height>20</height>
		<texturefocus>scroll-up-focus.png</texturefocus>
		<texturenofocus>scroll-up.png</texturenofocus>
		<alttexturefocus>scroll-down-focus.png</alttexturefocus>
		<alttexturenofocus>scroll-down.png</alttexturenofocus>
		<textcolor>white</textcolor>
		<label></label>
		<font>font20</font>
		<disabledcolor>grey3</disabledcolor>
		<pulseonselect>no</pulseonselect>
	</default>
	<default type="textbox">
		<posx>220</posx>
		<posy>220</posy>
		<width>410</width>
		<height>215</height>
		<align>left</align>
		<textcolor>white</textcolor>
		<font>font20</font>
	</default>
	<default type="progress">
		<posx>100</posx>
		<posy>325</posy>
		<texturebg border="16,0,16,0">OSDProgressBack.png</texturebg>
		<lefttexture></lefttexture>
		<midtexture border="16,0,16,0">OSDProgressMid.png</midtexture>
		<righttexture></righttexture>
		<overlaytexture></overlaytexture>
		<reveal>true</reveal>
	</default>
	<default type="spincontrol">
		<posx>330</posx>
		<posy>126</posy>
		<spinwidth>45</spinwidth>
		<spinheight>45</spinheight>
		<textureup>Select_Up.png</textureup>
		<texturedown>Select_Down.png</texturedown>
		<textureupfocus>Select_Up.png</textureupfocus>
		<texturedownfocus>Select_Down.png</texturedownfocus>
		<align>right</align>
		<width>33</width>
		<height>22</height>
		<font>font20</font>
		<reverse>yes</reverse>
		<textcolor>white</textcolor>
		<disabledcolor>grey3</disabledcolor>
		<subtype>text</subtype>
		<textoffsetx>-5</textoffsetx>
		<textoffsety>0</textoffsety>
		<aligny></aligny>
		<pulseonselect>no</pulseonselect>
	</default>
	<default type="spincontrolex">
		<posx>530</posx>
		<posy>160</posy>
		<width>300</width>
		<height>42</height>
		<spinwidth>45</spinwidth>
		<spinheight>45</spinheight>
		<texturefocus>button-focus.png</texturefocus>
		<texturenofocus></texturenofocus>
		<textureup>Select_Up.png</textureup>
		<texturedown>Select_Down.png</texturedown>
		<textureupfocus>Select_Up.png</textureupfocus>
		<texturedownfocus>Select_Down.png</texturedownfocus>
		<font>font20</font>
		<textcolor>white</textcolor>
		<disabledcolor>grey3</disabledcolor>
		<textoffsetx>10</textoffsetx>
		<aligny>center</aligny>
		<reverse>yes</reverse>
		<pulseonselect>no</pulseonselect>
	</default>
	<default type="radiobutton">
		<posx>300</posx>
		<posy>200</posy>
		<width>300</width>
		<height>42</height>
		<radiowidth>90</radiowidth>
		<radioheight>45</radioheight>
		<textureradioon>radiobutton2-focus.png</textureradioon>
		<textureradiooff>radiobutton2-nofocus.png</textureradiooff>
		<textureradioondisabled>radiobutton2-disabled_focus.png</textureradioondisabled>
		<textureradiooffdisabled>radiobutton2-disabled_nofocus.png</textureradiooffdisabled>
		<texturefocus>button-focus.png</texturefocus>
		<texturenofocus>button-nofocus.png</texturenofocus>
		<label>215</label>
		<font>font20</font>
		<textcolor>white</textcolor>
		<disabledcolor>grey3</disabledcolor>
		<textoffsetx>10</textoffsetx>
		<aligny>center</aligny>
		<pulseonselect>no</pulseonselect>
	</default>
	<default type="radiobutton2">
		<posx>300</posx>
		<posy>200</posy>
		<width>300</width>
		<height>42</height>
		<radiowidth>90</radiowidth>
		<radioheight>45</radioheight>
		<textureradioon>radiobutton-focus.png</textureradioon>
		<textureradiooff>radiobutton-nofocus.png</textureradiooff>
		<textureradioondisabled>radiobutton-disabled_focus.png</textureradioondisabled>
		<textureradiooffdisabled>radiobutton-disabled_nofocus.png</textureradiooffdisabled>
		<texturefocus>button-focus.png</texturefocus>
		<texturenofocus>button-nofocus.png</texturenofocus>
		<label>215</label>
		<font>font20</font>
		<textcolor>white</textcolor>
		<disabledcolor>grey3</disabledcolor>
		<textoffsetx>10</textoffsetx>
		<aligny>center</aligny>
		<pulseonselect>no</pulseonselect>
	</default>
	<default type="selectbutton">
		<posx>490</posx>
		<posy>335</posy>
		<width>300</width>
		<height>50</height>
		<label></label>
		<font>font16</font>
		<texturefocus></texturefocus>
		<texturenofocus></texturenofocus>
		<texturebg>button-focus.png</texturebg>
		<textureleft>scroll-left.png</textureleft>
		<textureleftfocus>scroll-left-focus.png</textureleftfocus>
		<textureright>scroll-right.png</textureright>
		<texturerightfocus>scroll-right-focus.png</texturerightfocus>
		<font>font20</font>
		<textcolor>white</textcolor>
		<disabledcolor>grey3</disabledcolor>
		<aligny>center</aligny>
	</default>
	<default type="slider">
		<orientation>horizontal</orientation>
		<controloffsetx>75</controloffsetx>
		<controloffsety>0</controloffsety>
	</default>
	<default type="sliderex">
		<height>35</height>
		<textoffsetx>10</textoffsetx>
		<aligny>center</aligny>
		<texturefocus border="5">button-focus.png</texturefocus>
		<texturenofocus border="5">button-nofocus.png</texturenofocus>
		<sliderwidth>250</sliderwidth>
		<sliderheight>20</sliderheight>
		<texturesliderbar>osd_slider_bg_2.png</texturesliderbar>
		<textureslidernib>osd_slider_nibNF.png</textureslidernib>
		<textureslidernibfocus>osd_slider_nib.png</textureslidernibfocus>
		<font>font16</font>
		<textcolor>white</textcolor>
		<disabledcolor>grey3</disabledcolor>
	</default>
	<default type="mover">
		<posx>60</posx>
		<posy>192</posy>
		<texturefocus>button-focus.png</texturefocus>
		<texturenofocus>button-nofocus.png</texturenofocus>
	</default>
	<default type="resize">
		<posx>60</posx>
		<posy>192</posy>
		<texturefocus>button-focus.png</texturefocus>
		<texturenofocus>button-nofocus.png</texturenofocus>
	</default>
	<default type="edit">
		<posx>300</posx>
		<posy>200</posy>
		<width>300</width>
		<height>42</height>
		<texturefocus>button-focus2.png</texturefocus>
		<texturenofocus>button-focus2.png</texturenofocus>
		<font>font25</font>
		<textcolor>white</textcolor>
		<disabledcolor>grey3</disabledcolor>
		<textoffsetx>10</textoffsetx>
		<aligny>center</aligny>
		<pulseonselect>no</pulseonselect>
	</default>
	<default type="wraplist">
		<description>My first wraplist container</description>
		<left>80</left>
		<top>60</top>
		<width>920</width>
		<height>650</height>
		<visible>true</visible>
		<viewtype label="wrap">list</viewtype>
		<orientation>vertical</orientation>
		<pagecontrol></pagecontrol>
		<focusposition></focusposition>
		<itemlayout width="250" height="29">
            <control type="button">
                <posx>0</posx>
                <posy>0</posy>
                <width>80</width>
                <height>50</height>
                <bordersize></bordersize>
                <texture>button-nofocus.png</texture>
            </control>
		</itemlayout>
		<focusedlayout height="29" width="250">
            <control type="button">
                <posx>0</posx>
                <posy>0</posy>
                <width>80</width>
                <height>50</height>
                <bordersize></bordersize>
                <texture>button-focus2.png</texture>
            </control>
		</focusedlayout>
	</default>    

</includes>