<?xml version="1.0" encoding="UTF-8"?>

<!-- Submenu Buttons -->

	<includes>
		<include name="MidBigSubmenuButtons">
			<item id="4010">
				<label></label>
				<visible>!Skin.HasSetting(HideHomeButtonMusic) + !Skin.String(HomeButton1Value,MusicPath) + !Skin.String(HomeButton2Value,MusicPath) + !Skin.String(HomeButton3Value,MusicPath) + !Skin.String(HomeButton4Value,MusicPath) + !Skin.String(HomeButton5Value,MusicPath) + !Skin.String(HomeButton6Value,MusicPath)</visible>
				<icon>button_music.png</icon>
				<onclick condition="!String.IsEmpty(Skin.String(CustomMusicPath1))">ActivateWindow(Music,$INFO[Skin.String(CustomMusicPath1)])</onclick>
				<onclick condition="!String.IsEmpty(Skin.String(CustomMusicPath2))">ActivateWindow(Music,$INFO[Skin.String(CustomMusicPath2)])</onclick>
				<onclick condition="!String.IsEmpty(Skin.String(CustomMusicPath3))">ActivateWindow(Music,$INFO[Skin.String(CustomMusicPath3)])</onclick>
				<onclick condition="!String.IsEmpty(Skin.String(CustomMusicPath4))">ActivateWindow(Music,$INFO[Skin.String(CustomMusicPath4)])</onclick>
				<onclick condition="!String.IsEmpty(Skin.String(CustomMusicPath5))">ActivateWindow(Music,$INFO[Skin.String(CustomMusicPath5)])</onclick>
				<onclick condition="!String.IsEmpty(Skin.String(CustomMusicPath6))">ActivateWindow(Music,$INFO[Skin.String(CustomMusicPath6)])</onclick>
			</item>
			<item id="4011">
				<label></label>
				<visible>!Skin.HasSetting(HideHomeButtonMusicArtists) + !Skin.String(HomeButton1Value,MusicArtists) + !Skin.String(HomeButton2Value,MusicArtists) + !Skin.String(HomeButton3Value,MusicArtists) + !Skin.String(HomeButton4Value,MusicArtists) + !Skin.String(HomeButton5Value,MusicArtists) + !Skin.String(HomeButton6Value,MusicArtists)</visible>
				<icon>button_musicartist.png</icon>
				<onclick>ActivateWindow(Music,musicdb://artists/,return)</onclick>
			</item>
			<item id="4012">
				<label></label>
				<visible>!Skin.HasSetting(HideHomeButtonMusicAlbums) + !Skin.String(HomeButton1Value,MusicAlbums) + !Skin.String(HomeButton2Value,MusicAlbums) + !Skin.String(HomeButton3Value,MusicAlbums) + !Skin.String(HomeButton4Value,MusicAlbums) + !Skin.String(HomeButton5Value,MusicAlbums) + !Skin.String(HomeButton6Value,MusicAlbums)</visible>
				<icon>button_musicalbum.png</icon>
				<onclick>ActivateWindow(Music,musicdb://albums/,return])</onclick>
			</item>
			<item id="4013">
				<label></label>
				<visible>!Skin.HasSetting(HideHomeButtonMusicGenre) + !Skin.String(HomeButton1Value,MusicGenre) + !Skin.String(HomeButton2Value,MusicGenre) + !Skin.String(HomeButton3Value,MusicGenre) + !Skin.String(HomeButton4Value,MusicGenre) + !Skin.String(HomeButton5Value,MusicGenre) + !Skin.String(HomeButton6Value,MusicGenre)</visible>
				<icon>button_musicgenre.png</icon>
				<onclick>ActivateWindow(Music,musicdb://genres/,return)</onclick>
			</item>
			<item id="4014">
				<label></label>
				<visible>!Skin.HasSetting(HideHomeButtonVideo) + !Skin.String(HomeButton1Value,Video) + !Skin.String(HomeButton2Value,Video) + !Skin.String(HomeButton3Value,Video) + !Skin.String(HomeButton4Value,Video) + !Skin.String(HomeButton5Value,Video) + !Skin.String(HomeButton6Value,Video)</visible>
				<icon>button_video.png</icon>
				<onclick condition="!String.IsEmpty(Skin.String(CustomVideoPath1))">ActivateWindow(Videos,$INFO[Skin.String(CustomVideoPath1)])</onclick>
				<onclick condition="!String.IsEmpty(Skin.String(CustomVideoPath2))">ActivateWindow(Videos,$INFO[Skin.String(CustomVideoPath2)])</onclick>
				<onclick condition="!String.IsEmpty(Skin.String(CustomVideoPath3))">ActivateWindow(Videos,$INFO[Skin.String(CustomVideoPath3)])</onclick>
				<onclick condition="!String.IsEmpty(Skin.String(CustomVideoPath4))">ActivateWindow(Videos,$INFO[Skin.String(CustomVideoPath4)])</onclick>
				<onclick condition="!String.IsEmpty(Skin.String(CustomVideoPath5))">ActivateWindow(Videos,$INFO[Skin.String(CustomVideoPath5)])</onclick>
				<onclick condition="!String.IsEmpty(Skin.String(CustomVideoPath6))">ActivateWindow(Videos,$INFO[Skin.String(CustomVideoPath6)])</onclick>
			</item>
			<item id="4015">
				<label></label>
				<visible>!Skin.HasSetting(HideHomeButtonNavigation) + !Skin.String(HomeButton1Value,Navigation) + !Skin.String(HomeButton2Value,Navigation) + !Skin.String(HomeButton3Value,Navigation) + !Skin.String(HomeButton4Value,Navigation) + !Skin.String(HomeButton5Value,Navigation) + !Skin.String(HomeButton6Value,Navigation)</visible>
				<icon>button_navi.png</icon>
				<onclick condition="Player.HasVideo">PlayerControl(Stop)</onclick>
				<onclick>RunScript("plugin.program.navigation")</onclick>
			</item>
			<item id="4016">
				<label></label>
				<visible>!Skin.HasSetting(HideHomeButtonRadio) + !Skin.String(HomeButton1Value,RadioFM) + !Skin.String(HomeButton2Value,RadioFM) + !Skin.String(HomeButton3Value,RadioFM) + !Skin.String(HomeButton4Value,RadioFM) + !Skin.String(HomeButton5Value,RadioFM) + !Skin.String(HomeButton6Value,RadioFM)</visible>
				<icon>button_radio.png</icon>
				<onclick>RunScript("ActivateWindow(1126)")</onclick>
			</item>
			<item id="4017">
				<label></label>
				<visible>!Skin.HasSetting(HideHomeButtonSettings) + !Skin.String(HomeButton1Value,Settings) + !Skin.String(HomeButton2Value,Settings) + !Skin.String(HomeButton3Value,Settings) + !Skin.String(HomeButton4Value,Settings) + !Skin.String(HomeButton5Value,Settings) + !Skin.String(HomeButton6Value,Settings)</visible>
				<icon>button_settings.png</icon>
				<onclick>ActivateWindow(Settings)</onclick>
			</item>
			<item id="4018">
				<label></label>
				<visible>Skin.HasSetting(HideHomeButtonShutdownDialog) + !Skin.String(HomeButton1Value,Shutdown) + !Skin.String(HomeButton2Value,Shutdown) + !Skin.String(HomeButton3Value,Shutdown) + !Skin.String(HomeButton4Value,Shutdown) + !Skin.String(HomeButton5Value,Shutdown) + !Skin.String(HomeButton6Value,Shutdown) + !Skin.String(HomeButton1Value,ShutdownNoDialog) + !Skin.String(HomeButton2Value,ShutdownNoDialog) + !Skin.String(HomeButton3Value,ShutdownNoDialog) + !Skin.String(HomeButton4Value,ShutdownNoDialog) + !Skin.String(HomeButton5Value,ShutdownNoDialog) + !Skin.String(HomeButton6Value,ShutdownNoDialog)</visible>
				<icon>button_shutdown.png</icon>
				<onclick>ActivateWindow(1998)</onclick>
			</item>  
			<item id="4019">
				<label></label>
				<visible>!Skin.HasSetting(HideHomeButtonShutdownDialog) + !Skin.String(HomeButton1Value,Shutdown) + !Skin.String(HomeButton2Value,Shutdown) + !Skin.String(HomeButton3Value,Shutdown) + !Skin.String(HomeButton4Value,Shutdown) + !Skin.String(HomeButton5Value,Shutdown) + !Skin.String(HomeButton6Value,Shutdown) + !Skin.String(HomeButton1Value,ShutdownNoDialog) + !Skin.String(HomeButton2Value,ShutdownNoDialog) + !Skin.String(HomeButton3Value,ShutdownNoDialog) + !Skin.String(HomeButton4Value,ShutdownNoDialog) + !Skin.String(HomeButton5Value,ShutdownNoDialog) + !Skin.String(HomeButton6Value,ShutdownNoDialog)</visible>
				<icon>button_shutdown.png</icon>
				<onclick>RunScript("special://skin/scripts/system_poweroff.py")</onclick>
			</item>  
			<item id="4020">
				<label></label>
				<visible>!Skin.HasSetting(HideHomeButtonFileManager)</visible>
				<icon>button_filemanager.png</icon>
				<onclick>ActivateWindow(FileManager)</onclick>
			</item>
			<item id="4021">
				<label></label>
				<visible>!Skin.HasSetting(HideHomeButtonConnect3g) + !Skin.String(HomeButton1Value,Connect3G) + !Skin.String(HomeButton2Value,Connect3G) + !Skin.String(HomeButton3Value,Connect3G) + !Skin.String(HomeButton4Value,Connect3G) + !Skin.String(HomeButton5Value,Connect3G) + !Skin.String(HomeButton6Value,Connect3G)</visible>
				<icon>button_3g.png</icon>
				<onclick>ActivateWindow(1118)</onclick>
			</item>
			<item id="4022">
				<label></label>
				<visible>!Skin.HasSetting(HideHomeButtonOBD) + !Skin.String(HomeButton1Value,OBD) + !Skin.String(HomeButton2Value,OBD) + !Skin.String(HomeButton3Value,OBD) + !Skin.String(HomeButton4Value,OBD) + !Skin.String(HomeButton5Value,OBD) + !Skin.String(HomeButton6Value,OBD) + System.HasAddon(script.cardiagnostic)</visible>
				<icon>button_obd.png</icon>
				<onclick>RunScript("script.cardiagnostic")</onclick>
			</item>  
			<item id="4023">
				<label></label>
				<visible>!Skin.HasSetting(HideHomeButtonWeather) + !Skin.String(HomeButton1Value,Weather) + !Skin.String(HomeButton2Value,Weather) + !Skin.String(HomeButton3Value,Weather) + !Skin.String(HomeButton4Value,Weather) + !Skin.String(HomeButton5Value,Weather) + !Skin.String(HomeButton6Value,Weather)</visible>
				<icon>button_weather.png</icon>
				<onclick>ActivateWindow(Weather)</onclick>
			</item>
			<item id="4024">
				<label></label>
				<visible>!Skin.HasSetting(HideHomeButtonFavourites) + !Skin.String(HomeButton1Value,Favourites) + !Skin.String(HomeButton2Value,Favourites) + !Skin.String(HomeButton3Value,Favourites) + !Skin.String(HomeButton4Value,Favourites) + !Skin.String(HomeButton5Value,Favourites) + !Skin.String(HomeButton6Value,Favourites)</visible>
				<icon>button_favs.png</icon>
				<onclick>ActivateWindow(Favourites)</onclick>
			</item>
			<item id="4025">
				<label></label>
				<visible>!Skin.HasSetting(HideHomeButtonPrograms) + !Skin.String(HomeButton1Value,Programs) + !Skin.String(HomeButton2Value,Programs) + !Skin.String(HomeButton3Value,Programs) + !Skin.String(HomeButton4Value,Programs) + !Skin.String(HomeButton5Value,Programs) + !Skin.String(HomeButton6Value,Programs)</visible>
				<icon>button_apps.png</icon>
				<onclick>ActivateWindow(Programs,addons://sources/executable)</onclick>
			</item>
			<item id="40251">
				<label></label>
				<visible>System.Platform.Android + !Skin.HasSetting(HideHomeButtonAndroidApps)</visible>
				<icon>button_android_apps.png</icon>
				<onclick>ActivateWindow(10001,"androidapp://source/apps/",return)</onclick>
			</item>
			<item id="4026">
				<label></label>
				<visible>!Skin.HasSetting(HideHomeButtonPlaylistEditor)</visible>
				<icon>button_musicplaylisteditor.png</icon>
				<onclick>ActivateWindow(503)</onclick>
			</item>
			<item id="4027">
				<label></label>
				<visible>System.HasAddon(plugin.program.wifimanager) + !Skin.HasSetting(HideHomeButtonConnectWiFi) + !String.IsEqual(System.InternetState,$LOCALIZE[13296])</visible>
				<icon>button_wifi.png</icon>
				<onclick>ActivateWindow(1119)</onclick>
			</item>
			<item id="4027">
				<label></label>
				<visible>System.HasAddon(plugin.program.wifimanager) + !Skin.HasSetting(HideHomeButtonConnectWiFi) + String.IsEqual(System.InternetState,$LOCALIZE[13296])</visible>
				<icon>button_wifi_on.png</icon>
				<onclick>ActivateWindow(1119)</onclick>
			</item>
			<item id="4029">
				<label></label>
				<visible>!Skin.HasSetting(HideHomeButtonTempClockSwitch) + System.HasAddon(plugin.program.piwire) + Skin.HasSetting(Enable_Temp_Display)</visible>
				<icon>buttons-tempclock-switch.png</icon>
				<onclick>Skin.ToggleSetting(SwitchTempClock)</onclick>
			</item>
			<item id="4030">
				<label></label>
				<visible>!Skin.HasSetting(HideHomeButtonUSBManager) + System.HasAddon(plugin.program.usbmanager)</visible>
				<icon>button_usbmanager.png</icon>
				<onclick>RunPlugin(plugin://plugin.program.usbmanager)</onclick>
			</item>
			<item id="4031">
				<label></label>
				<visible>!Skin.HasSetting(HideHomeButtonPiWire) + System.HasAddon(plugin.program.piwire)</visible>
				<icon>button_piwire.png</icon>
				<onclick>RunPlugin(plugin://plugin.program.piwire)</onclick>
			</item>
			<item id="4032">
				<label></label>
				<visible>!Skin.HasSetting(HideHomeButtonGPIODiag) + System.HasAddon(plugin.program.gpiodiag)</visible>
				<icon>button_gpiodiag.png</icon>
				<onclick>RunPlugin(plugin://plugin.program.gpiodiag)</onclick>
			</item>
			<item id="4033">
				<label></label>
				<visible>!Skin.HasSetting(HideHomeButtonPiDash) + System.HasAddon(plugin.program.pidash)</visible>
				<icon>button_pidash.png</icon>
				<onclick>RunPlugin(plugin://plugin.program.pidash)</onclick>
			</item>
			<item id="4034">
				<label></label>
				<visible>Skin.HasSetting(ShowMagicSMB1) + !String.IsEmpty(Skin.String(MagicSMBLabel1)) + !Skin.HasSetting(MagicSMB1ShowInAppswitcherOnly)</visible>
				<icon>$INFO[Skin.String(MagicSMBIcon1)]</icon>
				<onclick>$VAR[MagicSMButton1]</onclick>
			</item>
			<item id="4035">
				<label></label>
				<visible>Skin.HasSetting(ShowMagicSMB2) + !String.IsEmpty(Skin.String(MagicSMBLabel2)) + !Skin.HasSetting(MagicSMB2ShowInAppswitcherOnly)</visible>
				<icon>$INFO[Skin.String(MagicSMBIcon2)]</icon>
				<onclick>$VAR[MagicSMButton2]</onclick>
			</item>
			<item id="4036">
				<label></label>
				<visible>Skin.HasSetting(ShowMagicSMB3) + !String.IsEmpty(Skin.String(MagicSMBLabel3)) + !Skin.HasSetting(MagicSMB3ShowInAppswitcherOnly)</visible>
				<icon>$INFO[Skin.String(MagicSMBIcon3)]</icon>
				<onclick>$VAR[MagicSMButton3]</onclick>
			</item>
			<item id="4037">
				<label></label>
				<visible>Skin.HasSetting(ShowMagicSMB4) + !String.IsEmpty(Skin.String(MagicSMBLabel4)) + !Skin.HasSetting(MagicSMB4ShowInAppswitcherOnly)</visible>
				<icon>$INFO[Skin.String(MagicSMBIcon4)]</icon>
				<onclick>$VAR[MagicSMButton4]</onclick>
			</item>
<!-- 
			<item id="4038">
				<label></label>
				<posx>23</posx>
				<posy>18</posy>
				<width>55</width>
				<height>55</height>
				<visible>System.Platform.Android + !Skin.HasSetting(HideAppSwitcher)</visible>
				<icon>button_switcher_sub.png</icon>
				<onclick>ActivateWindow(1125)</onclick>
			</item>
 -->
		</include>
		<include name="SmallSubmenuButtons">
			<item id="3010">
				<label></label>
				<visible>!Skin.HasSetting(HideHomeButtonMusic) + !Skin.String(HomeButton1Value,MusicPath) + !Skin.String(HomeButton2Value,MusicPath) + !Skin.String(HomeButton3Value,MusicPath) + !Skin.String(HomeButton4Value,MusicPath) + !Skin.String(HomeButton5Value,MusicPath) + !Skin.String(HomeButton6Value,MusicPath)</visible>
				<icon>button_music_68.png</icon>
<!--				<onclick>ActivateWindow(Music,$INFO[Skin.String(CustomMusicPath)])</onclick> -->
				<onclick condition="!String.IsEmpty(Skin.String(CustomMusicPath1))">ActivateWindow(Music,$INFO[Skin.String(CustomMusicPath1)])</onclick>
				<onclick condition="!String.IsEmpty(Skin.String(CustomMusicPath2))">ActivateWindow(Music,$INFO[Skin.String(CustomMusicPath2)])</onclick>
				<onclick condition="!String.IsEmpty(Skin.String(CustomMusicPath3))">ActivateWindow(Music,$INFO[Skin.String(CustomMusicPath3)])</onclick>
				<onclick condition="!String.IsEmpty(Skin.String(CustomMusicPath4))">ActivateWindow(Music,$INFO[Skin.String(CustomMusicPath4)])</onclick>
				<onclick condition="!String.IsEmpty(Skin.String(CustomMusicPath5))">ActivateWindow(Music,$INFO[Skin.String(CustomMusicPath5)])</onclick>
				<onclick condition="!String.IsEmpty(Skin.String(CustomMusicPath6))">ActivateWindow(Music,$INFO[Skin.String(CustomMusicPath6)])</onclick>
			</item>
			<item id="3011">
				<label></label>
				<visible>!Skin.HasSetting(HideHomeButtonMusicArtists) + !Skin.String(HomeButton1Value,MusicArtists) + !Skin.String(HomeButton2Value,MusicArtists) + !Skin.String(HomeButton3Value,MusicArtists) + !Skin.String(HomeButton4Value,MusicArtists) + !Skin.String(HomeButton5Value,MusicArtists) + !Skin.String(HomeButton6Value,MusicArtists)</visible>
				<icon>button_musicartist_68.png</icon>
				<onclick>ActivateWindow(Music,musicdb://artists/,return)</onclick>
			</item>
			<item id="3012">
				<label></label>
				<visible>!Skin.HasSetting(HideHomeButtonMusicAlbums) + !Skin.String(HomeButton1Value,MusicAlbums) + !Skin.String(HomeButton2Value,MusicAlbums) + !Skin.String(HomeButton3Value,MusicAlbums) + !Skin.String(HomeButton4Value,MusicAlbums) + !Skin.String(HomeButton5Value,MusicAlbums) + !Skin.String(HomeButton6Value,MusicAlbums)</visible>
				<icon>button_musicalbum_68.png</icon>
				<onclick>ActivateWindow(Music,musicdb://albums/,return])</onclick>
			</item>
			<item id="3013">
				<label></label>
				<visible>!Skin.HasSetting(HideHomeButtonMusicGenre) + !Skin.String(HomeButton1Value,MusicGenre) + !Skin.String(HomeButton2Value,MusicGenre) + !Skin.String(HomeButton3Value,MusicGenre) + !Skin.String(HomeButton4Value,MusicGenre) + !Skin.String(HomeButton5Value,MusicGenre) + !Skin.String(HomeButton6Value,MusicGenre)</visible>
				<icon>button_musicgenre_68.png</icon>
				<onclick>ActivateWindow(Music,musicdb://genres/,return)</onclick>
			</item>
			<item id="3014">
				<label></label>
				<visible>!Skin.HasSetting(HideHomeButtonVideo) + !Skin.String(HomeButton1Value,Video) + !Skin.String(HomeButton2Value,Video) + !Skin.String(HomeButton3Value,Video) + !Skin.String(HomeButton4Value,Video) + !Skin.String(HomeButton5Value,Video) + !Skin.String(HomeButton6Value,Video)</visible>
				<icon>button_video_68.png</icon>
<!--				<onclick>ActivateWindow(Videos,$INFO[Skin.String(CustomVideoPath)])</onclick> -->
				<onclick condition="!String.IsEmpty(Skin.String(CustomVideoPath1))">ActivateWindow(Videos,$INFO[Skin.String(CustomVideoPath1)])</onclick>
				<onclick condition="!String.IsEmpty(Skin.String(CustomVideoPath2))">ActivateWindow(Videos,$INFO[Skin.String(CustomVideoPath2)])</onclick>
				<onclick condition="!String.IsEmpty(Skin.String(CustomVideoPath3))">ActivateWindow(Videos,$INFO[Skin.String(CustomVideoPath3)])</onclick>
				<onclick condition="!String.IsEmpty(Skin.String(CustomVideoPath4))">ActivateWindow(Videos,$INFO[Skin.String(CustomVideoPath4)])</onclick>
				<onclick condition="!String.IsEmpty(Skin.String(CustomVideoPath5))">ActivateWindow(Videos,$INFO[Skin.String(CustomVideoPath5)])</onclick>
				<onclick condition="!String.IsEmpty(Skin.String(CustomVideoPath6))">ActivateWindow(Videos,$INFO[Skin.String(CustomVideoPath6)])</onclick>
			</item>
			<item id="3015">
				<label></label>
				<visible>!Skin.HasSetting(HideHomeButtonNavigation) + !Skin.String(HomeButton1Value,Navigation) + !Skin.String(HomeButton2Value,Navigation) + !Skin.String(HomeButton3Value,Navigation) + !Skin.String(HomeButton4Value,Navigation) + !Skin.String(HomeButton5Value,Navigation) + !Skin.String(HomeButton6Value,Navigation)</visible>
				<icon>button_navi_68.png</icon>
				<onclick>RunScript("plugin.program.navigation")</onclick>
				<onclick condition="Player.HasVideo">PlayerControl(Stop)</onclick>
			</item>
			<item id="3016">
				<label></label>
				<visible>!Skin.HasSetting(HideHomeButtonRadio) + !Skin.String(HomeButton1Value,RadioFM) + !Skin.String(HomeButton2Value,RadioFM) + !Skin.String(HomeButton3Value,RadioFM) + !Skin.String(HomeButton4Value,RadioFM) + !Skin.String(HomeButton5Value,RadioFM) + !Skin.String(HomeButton6Value,RadioFM)</visible>
				<icon>button_radio_68.png</icon>
				<onclick>RunScript("ActivateWindow(1126)")</onclick>
			</item> 
			<item id="3017">
				<label></label>
				<visible>!Skin.HasSetting(HideHomeButtonSettings) + !Skin.String(HomeButton1Value,Settings) + !Skin.String(HomeButton2Value,Settings) + !Skin.String(HomeButton3Value,Settings) + !Skin.String(HomeButton4Value,Settings) + !Skin.String(HomeButton5Value,Settings) + !Skin.String(HomeButton6Value,Settings)</visible>
				<icon>button_settings_68.png</icon>
				<onclick>ActivateWindow(Settings)</onclick>
			</item>
			<item id="3018">
				<label></label>
				<visible>Skin.HasSetting(HideHomeButtonShutdownDialog) + !Skin.String(HomeButton1Value,Shutdown) + !Skin.String(HomeButton2Value,Shutdown) + !Skin.String(HomeButton3Value,Shutdown) + !Skin.String(HomeButton4Value,Shutdown) + !Skin.String(HomeButton5Value,Shutdown) + !Skin.String(HomeButton6Value,Shutdown) + !Skin.String(HomeButton1Value,ShutdownNoDialog) + !Skin.String(HomeButton2Value,ShutdownNoDialog) + !Skin.String(HomeButton3Value,ShutdownNoDialog) + !Skin.String(HomeButton4Value,ShutdownNoDialog) + !Skin.String(HomeButton5Value,ShutdownNoDialog) + !Skin.String(HomeButton6Value,ShutdownNoDialog)</visible>
				<icon>button_shutdown_68.png</icon>
				<onclick>ActivateWindow(1998)</onclick>
			</item>  
			<item id="3019">
				<label></label>
				<visible>!Skin.HasSetting(HideHomeButtonShutdownDialog) + !Skin.String(HomeButton1Value,Shutdown) + !Skin.String(HomeButton2Value,Shutdown) + !Skin.String(HomeButton3Value,Shutdown) + !Skin.String(HomeButton4Value,Shutdown) + !Skin.String(HomeButton5Value,Shutdown) + !Skin.String(HomeButton6Value,Shutdown) + !Skin.String(HomeButton1Value,ShutdownNoDialog) + !Skin.String(HomeButton2Value,ShutdownNoDialog) + !Skin.String(HomeButton3Value,ShutdownNoDialog) + !Skin.String(HomeButton4Value,ShutdownNoDialog) + !Skin.String(HomeButton5Value,ShutdownNoDialog) + !Skin.String(HomeButton6Value,ShutdownNoDialog)</visible>
				<icon>button_shutdown_68.png</icon>
				<onclick>RunScript("special://skin/scripts/system_poweroff.py")</onclick>
			</item>  
			<item id="3020">
				<label></label>
				<visible>!Skin.HasSetting(HideHomeButtonFileManager)</visible>
				<icon>button_filemanager_68.png</icon>
				<onclick>ActivateWindow(FileManager)</onclick>
			</item>
			<item id="3021">
				<label></label>
				<visible>!Skin.HasSetting(HideHomeButtonConnect3g) + !Skin.String(HomeButton1Value,Connect3G) + !Skin.String(HomeButton2Value,Connect3G) + !Skin.String(HomeButton3Value,Connect3G) + !Skin.String(HomeButton4Value,Connect3G) + !Skin.String(HomeButton5Value,Connect3G) + !Skin.String(HomeButton6Value,Connect3G)</visible>
				<icon>button_3g_68.png</icon>
				<onclick>ActivateWindow(1118)</onclick>
			</item>
			<item id="3022">
				<label></label>
				<visible>!Skin.HasSetting(HideHomeButtonOBD) + !Skin.String(HomeButton1Value,OBD) + !Skin.String(HomeButton2Value,OBD) + !Skin.String(HomeButton3Value,OBD) + !Skin.String(HomeButton4Value,OBD) + !Skin.String(HomeButton5Value,OBD) + !Skin.String(HomeButton6Value,OBD) + System.HasAddon(script.cardiagnostic)</visible>
				<icon>button_obd_68.png</icon>
				<onclick>RunScript("script.cardiagnostic")</onclick>
			</item>  
			<item id="3023">
				<label></label>
				<visible>!Skin.HasSetting(HideHomeButtonWeather) + !Skin.String(HomeButton1Value,Weather) + !Skin.String(HomeButton2Value,Weather) + !Skin.String(HomeButton3Value,Weather) + !Skin.String(HomeButton4Value,Weather) + !Skin.String(HomeButton5Value,Weather) + !Skin.String(HomeButton6Value,Weather)</visible>
				<icon>button_weather_68.png</icon>
				<onclick>ActivateWindow(Weather)</onclick>
			</item>
			<item id="3024">
				<label></label>
				<visible>!Skin.HasSetting(HideHomeButtonFavourites) + !Skin.String(HomeButton1Value,Favourites) + !Skin.String(HomeButton2Value,Favourites) + !Skin.String(HomeButton3Value,Favourites) + !Skin.String(HomeButton4Value,Favourites) + !Skin.String(HomeButton5Value,Favourites) + !Skin.String(HomeButton6Value,Favourites)</visible>
				<icon>button_favs_68.png</icon>
				<onclick>ActivateWindow(Favourites)</onclick>
			</item>
			<item id="3025">
				<label></label>
				<visible>!Skin.HasSetting(HideHomeButtonPrograms) + !Skin.String(HomeButton1Value,Programs) + !Skin.String(HomeButton2Value,Programs) + !Skin.String(HomeButton3Value,Programs) + !Skin.String(HomeButton4Value,Programs) + !Skin.String(HomeButton5Value,Programs) + !Skin.String(HomeButton6Value,Programs)</visible>
				<icon>button_apps_68.png</icon>
				<onclick>ActivateWindow(Programs,addons://sources/executable)</onclick>
			</item>
			<item id="30251">
				<label></label>
				<visible>System.Platform.Android + !Skin.HasSetting(HideHomeButtonAndroidApps)</visible>
				<icon>button_android_apps_68.png</icon>
				<onclick>ActivateWindow(10001,"androidapp://source/apps/",return)</onclick>
			</item>
			<item id="3026">
				<label></label>
				<visible>!Skin.HasSetting(HideHomeButtonPlaylistEditor)</visible>
				<icon>button_musicplaylisteditor_68.png</icon>
				<onclick>ActivateWindow(503)</onclick>
			</item>
			<item id="3027">
				<label></label>
				<visible>System.HasAddon(plugin.program.wifimanager) + !Skin.HasSetting(HideHomeButtonConnectWiFi) + !String.IsEqual(System.InternetState,$LOCALIZE[13296])</visible>
				<icon>button_wifi_68.png</icon>
				<onclick>ActivateWindow(1119)</onclick>
			</item>
			<item id="3027">
				<label></label>
				<visible>System.HasAddon(plugin.program.wifimanager) + !Skin.HasSetting(HideHomeButtonConnectWiFi) + String.IsEqual(System.InternetState,$LOCALIZE[13296])</visible>
				<icon>button_wifi_on_68.png</icon>
				<onclick>ActivateWindow(1119)</onclick>
			</item>
			<item id="3029">
				<label></label>
				<visible>!Skin.HasSetting(HideHomeButtonTempClockSwitch) + System.HasAddon(plugin.program.piwire) + Skin.HasSetting(Enable_Temp_Display)</visible>
				<icon>buttons-tempclock-switch_68.png</icon>
				<onclick>Skin.ToggleSetting(SwitchTempClock)</onclick>
			</item>
			<item id="3030">
				<label></label>
				<visible>!Skin.HasSetting(HideHomeButtonUSBManager) + System.HasAddon(plugin.program.usbmanager)</visible>
				<icon>button_usbmanager_68.png</icon>
				<onclick>RunPlugin(plugin://plugin.program.usbmanager)</onclick>
			</item>
			<item id="3031">
				<label></label>
				<visible>!Skin.HasSetting(HideHomeButtonPiWire) + System.HasAddon(plugin.program.piwire)</visible>
				<icon>button_piwire_68.png</icon>
				<onclick>RunPlugin(plugin://plugin.program.piwire)</onclick>
			</item>
			<item id="3032">
				<label></label>
				<visible>!Skin.HasSetting(HideHomeButtonGPIODiag) + System.HasAddon(plugin.program.gpiodiag)</visible>
				<icon>button_gpiodiag_68.png</icon>
				<onclick>RunPlugin(plugin://plugin.program.gpiodiag)</onclick>
			</item>
			<item id="3033">
				<label></label>
				<visible>!Skin.HasSetting(HideHomeButtonPiDash) + System.HasAddon(plugin.program.pidash)</visible>
				<icon>button_pidash_68.png</icon>
				<onclick>RunPlugin(plugin://plugin.program.pidash)</onclick>
			</item>
			<item id="3034">
				<label></label>
				<visible>Skin.HasSetting(ShowMagicSMB1) + !String.IsEmpty(Skin.String(MagicSMBLabel1)) + !Skin.HasSetting(MagicSMB1ShowInAppswitcherOnly)</visible>
				<icon>$INFO[Skin.String(MagicSMBIcon1)]</icon>
				<onclick>$VAR[MagicSMButton1]</onclick>
			</item>
			<item id="3035">
				<label></label>
				<visible>Skin.HasSetting(ShowMagicSMB2) + !String.IsEmpty(Skin.String(MagicSMBLabel2)) + !Skin.HasSetting(MagicSMB2ShowInAppswitcherOnly)</visible>
				<icon>$INFO[Skin.String(MagicSMBIcon2)]</icon>
				<onclick>$VAR[MagicSMButton2]</onclick>
			</item>
			<item id="3036">
				<label></label>
				<visible>Skin.HasSetting(ShowMagicSMB3) + !String.IsEmpty(Skin.String(MagicSMBLabel3)) + !Skin.HasSetting(MagicSMB3ShowInAppswitcherOnly)</visible>
				<icon>$INFO[Skin.String(MagicSMBIcon3)]</icon>
				<onclick>$VAR[MagicSMButton3]</onclick>
			</item>
			<item id="3037">
				<label></label>
				<visible>Skin.HasSetting(ShowMagicSMB4) + !String.IsEmpty(Skin.String(MagicSMBLabel4)) + !Skin.HasSetting(MagicSMB4ShowInAppswitcherOnly)</visible>
				<icon>$INFO[Skin.String(MagicSMBIcon4)]</icon>
				<onclick>$VAR[MagicSMButton4]</onclick>
			</item>
<!-- 
			<item id="3038">
				<label></label>
				<visible>!Skin.HasSetting(HideAppSwitcher)</visible>
				<icon>button_switcher_sub.png</icon>
				<onclick>ActivateWindow(1125)</onclick>
			</item>
 -->
		</include>
	</includes>
