<window id="1119">
	<defaultcontrol always="true">5001</defaultcontrol>
	<!-- removed allowoverlay -->
     <controls>
		
		<include>CommonBackground</include>
		<include>CommonTopBar</include>
		<include>CommonBottomBar</include>
		<include>HomeButtonCommons</include>
        <include>BottomNowPLaying</include>
<!--    <include>Time</include>  -->
      
 		<control type="group" id="">
		<include>Window_OpenClose_Animation_Zoom</include>
			<posx>150</posx>
			<posy>150</posy>
			<include>VisibleFadeEffect</include>
			<control type="label">
				<description>Connect</description>
				<posx>0</posx>
				<posy>0</posy>
				<height>50</height>
				<width>1000</width>
				<label>$LOCALIZE[31114] $INFO[Network.IPAddress]</label>
				<align>center</align>
				<aligny>center</aligny>
				<font>font30_title</font>
				<textcolor>FFFFFFFF</textcolor>		
			</control>
		</control>
		
		<control type="group" id="">
		<include>Window_OpenClose_Animation_Zoom</include>
			<posx>150</posx>
			<posy>200</posy>
			<include>VisibleFadeEffect</include>
			<control type="label">
				<description>Connect</description>
				<posx>0</posx>
				<posy>0</posy>
				<height>100</height>
				<width>1000</width>
				<label>$LOCALIZE[31115] $INFO[Network.LinkState]</label>
				<align>center</align>
				<aligny>center</aligny>
				<font>font30_title</font>
				<textcolor>FFFFFFFF</textcolor>		
			</control>
		</control>
		
		<control type="group" id="5000">
		<include>Window_OpenClose_Animation_Zoom</include>
			<posx>400</posx>
			<posy>300</posy>
			<include>VisibleFadeEffect</include>
			<control type="button" id="5001">
				<description>Connect</description>
                <onup>Control.SetFocus(666)</onup>
                <ondown>Control.SetFocus(5002)</ondown>
                <posx>0</posx>
				<posy>0</posy>
				<width>210</width>
				<height>200</height>
				<font>-</font>
				<texturenofocus colordiffuse="$VAR[CustomColorNofocus]">icon_connect_wifi.png</texturenofocus>
				<texturefocus colordiffuse="$VAR[CustomColorFocus]">icon_connect_wifi.png</texturefocus>
				<onclick>RunScript("special://skin/scripts/connect_wifi.py")</onclick>
			</control>
			<control type="label">
				<description>Connect</description>
				<posx>0</posx>
				<posy>210</posy>
				<height>50</height>
				<width>210</width>
				<label>$LOCALIZE[31116]</label>
				<align>center</align>
				<aligny>top</aligny>
				<font>font36_title</font>
				<textcolor>$INFO[Skin.String(CustomColorNofocus)</textcolor>		
			</control>
		</control>


		<control type="group" id="5002">
		<include>Window_OpenClose_Animation_Zoom</include>
			<posx>690</posx>
			<posy>300</posy>
			<include>VisibleFadeEffect</include>
			<control type="button" id="5003">
				<description>System Update</description>
                <onup>Control.SetFocus(5001)</onup>
                <ondown>Control.SetFocus(5005)</ondown>
                <posx>0</posx>
				<posy>0</posy>
				<width>210</width>
				<height>200</height>
				<font>-</font>
				<texturenofocus colordiffuse="$VAR[CustomColorNofocus]">icon_disconnect_wifi.png</texturenofocus>
				<texturefocus colordiffuse="$VAR[CustomColorFocus]">icon_disconnect_wifi.png</texturefocus>
				<onclick>RunScript("special://skin/scripts/disconnect_wifi.py")</onclick>
			</control>
			<control type="label">
				<description>System Update</description>
				<posx>0</posx>
				<posy>210</posy>
				<height>50</height>
				<width>210</width>
				<label>$LOCALIZE[31117]</label>
				<align>center</align>
				<aligny>top</aligny>
				<font>font36_title</font>
				<textcolor>$INFO[Skin.String(CustomColorNofocus)</textcolor>		
			</control>
		</control>













		<control type="label">
			<description>Window label</description>
			<include>MediaWindowTitleCommons</include>
			<label>Connect WiFi</label>
		</control>

		<control type="group" id="5004">
           <include>Window_OpenClose_Animation_Slide_Up</include>
            <posx>185r</posx>
            <posy>85r</posy>
            <control type="button" id="5005">
                <ondown>Control.SetFocus(5007)</ondown>
                <onup>Control.SetFocus(5003)</onup>
				<onright></onright>
                <description>Configure WiFi</description>
                <posx>0</posx>
                <posy>0</posy>
                <width>70</width>
                <height>70</height>
                <texturenofocus colordiffuse="$VAR[CustomColorNofocus]" border="4">button_wifi_settings.png</texturenofocus>
                <texturefocus colordiffuse="$VAR[CustomColorFocus]" border="4">button_wifi_settings.png</texturefocus>
                <onclick>RunPlugin(plugin://plugin.program.wifimanager)</onclick>
            </control>   
        </control>
		
		<control type="group" id="5006">
           <include>Window_OpenClose_Animation_Slide_Up</include>
            <posx>95r</posx>
            <posy>85r</posy>
            <control type="button" id="5007">
                <ondown></ondown>
                <onup>Control.SetFocus(5005)</onup>
				<onright></onright>
                <description>Back Button</description>
                <posx>0</posx>
                <posy>0</posy>
                <width>70</width>
                <height>70</height>
                <texturenofocus colordiffuse="$VAR[CustomColorNofocus]" border="4">icon_back_w.png</texturenofocus>
                <texturefocus colordiffuse="$VAR[CustomColorFocus]" border="4">icon_back_w.png</texturefocus>
                <onclick>back</onclick>
            </control>   
        </control>
		
		<include>BehindDialogFadeOut</include>
		      
   </controls>      
</window>
