<window id="12">
	<defaultcontrol>3</defaultcontrol>
	<controls>
<!--	<include>CommonBackground</include> -->
		<control type="image">
			<posx>0</posx>
			<posy>0</posy>
			<width>screenwidth</width>
			<height>screenheight</height>
			<texture border="5">dialog_back_black2.png</texture>
		</control>
		<include>HomeButtonCommons</include>
		<include>BottomNowPLaying</include>
		
		<control type="label">
			<description>Window label</description>
			<include>MediaWindowTitleCommons</include>
			<label>$LOCALIZE[5]$INFO[Control.GetLabel(2), - ]</label>
		</control>
		<control type="panel" id="9002">
			<posx>800</posx>
			<visible>!Window.IsActive(PlayerControls)</visible>
			<include>VisibleFadeEffect</include>
			<include>SubMenuCommonLayout</include>
			<content>
				<item>
					<label>31200</label>
					<onclick>Back</onclick>
					<icon>icon_back_w.png</icon>
				</item>
			</content>
		</control>
		<control type="group">
			<include>Window_OpenClose_Animation_Zoom</include>
			<posx>150</posx>
			<posy>105</posy>
			<control type="grouplist" id="3">
				<description>button area</description>
				<posx>0</posx>
				<posy>0</posy>
				<width>210</width>
				<height>500</height>
				<itemgap>-1</itemgap>
				<onleft>5</onleft>
				<onright>5</onright>
				<onup>3</onup>
				<ondown>3</ondown>
			</control>
			<control type="grouplist" id="5">
				<description>control area</description>
				<posx>220</posx>
				<posy>0</posy>
				<width>760</width>
				<height>500</height>
				<itemgap>0</itemgap>
				<pagecontrol>37</pagecontrol>
				<onleft>3</onleft>
				<onright>3</onright>
				<onup>5</onup>
				<ondown>5</ondown>
			</control>
		</control>
		<include>BehindDialogFadeOut</include>

		<control type="button" id="10">
			<description>Default Category Button</description>
			<height>70</height>
			<textoffsetx>5</textoffsetx>
			<align>left</align>
			<aligny>center</aligny>
			<textoffsetx>10</textoffsetx>
			<font>font24_title</font>
			<textcolor>white</textcolor>
			<focusedcolor>$VAR[CustomColorFocus]</focusedcolor>
			<texturefocus border="5">button-nofocus2.png</texturefocus>
			<texturenofocus border="5">button-nofocus2.png</texturenofocus>
			<pulseonselect>false</pulseonselect>
		</control>
		<control type="button" id="7">
			<description>Default Button</description>
			<posx>0</posx>
			<posy>0</posy>
			<height>70</height>
			<align>left</align>
			<aligny>center</aligny>
			<textoffsetx>10</textoffsetx>
			<font>font24_title</font>
			<textcolor>white</textcolor>
			<focusedcolor>$VAR[CustomColorFocus]</focusedcolor>
			<texturefocus border="5">menuitem_black2_nf.png</texturefocus>
			<texturenofocus border="5">listnf.png</texturenofocus>
		</control>
		<control type="radiobutton" id="8">
			<description>Default RadioButton</description>
			<posx>0</posx>
			<posy>0</posy>
			<height>70</height>
			<align>left</align>
			<aligny>center</aligny>
			<textoffsetx>10</textoffsetx>
			<font>font24_title</font>
			<textcolor>white</textcolor>
			<focusedcolor>$VAR[CustomColorFocus]</focusedcolor>
			<texturefocus border="5">menuitem_black2_nf.png</texturefocus>
			<texturenofocus border="5">listnf.png</texturenofocus>
		</control>
		<control type="spincontrolex" id="9">
			<description>Default SpinControlex</description>
			<posx>0</posx>
			<posy>0</posy>
			<height>70</height>
			<font>font24_title</font>
			<textcolor>white</textcolor>
			<focusedcolor>$VAR[CustomColorFocus]</focusedcolor>
			<texturefocus border="5">menuitem_black2_nf.png</texturefocus>
			<texturenofocus border="5">listnf.png</texturenofocus>
			<aligny>center</aligny>
			<reverse>yes</reverse>
		</control>
		<control type="image" id="11">
			<description>separator image</description>
			<height>1</height>
			<texture>separator_1px.png</texture>
		</control>
		<control type="scrollbar" id="37">
			<posx>1140</posx>
			<posy>105</posy>
			<width>45</width>
			<height>500</height>
			<texturesliderbackground border="0,14,0,14">ScrollBarV.png</texturesliderbackground>
			<texturesliderbar border="0,14,0,14">ScrollBarV_bar.png</texturesliderbar>
			<texturesliderbarfocus border="0,14,0,14">ScrollBarV_bar_focus.png</texturesliderbarfocus>
			<textureslidernib>ScrollBarNib.png</textureslidernib>
			<textureslidernibfocus>ScrollBarNib.png</textureslidernibfocus>
			<onleft>5</onleft>
			<onright>9002</onright>
			<showonepage>false</showonepage>
			<orientation>vertical</orientation>
			</control>
		<control type="label" id="2">
			<description>Fake Label so we can pass it on</description>
			<posx>0</posx>
			<posy>0</posy>
			<width>0</width>
			<height>0</height>
			<font>-</font>
			<visible>false</visible>
		</control>
	</controls>
</window>
