<window id="1999">
	<defaultcontrol always="true">5001</defaultcontrol>
	<backgroundcolor>0</backgroundcolor>

     <controls>
<!-- 
		<include>CommonBackground</include>
 -->
		<control type="image">
			<posx>0</posx>
			<posy>0</posy>
			<width>ScreenWidth</width>
			<height>ScreenHeight</height>
			<visible>Skin.HasSetting(RelayControlCustomBackground)</visible>
			<texture>$INFO[Skin.String(CustomRelayControlBgFullPath)]</texture> 
		</control>  
		<control type="image">
			<posx>0</posx>
			<posy>0</posy>
			<width>ScreenWidth</width>
			<height>ScreenHeight</height>
			<visible>!Skin.HasSetting(RelayControlCustomBackground)</visible>
			<texture>$INFO[Skin.String(CustomBackgroundPath)]</texture> 
		</control>  

		<include>HomeButtonCommons</include>

		<control type="label">
			<description>Window label</description>
			<include>MediaWindowTitleCommons</include>
			<label>$LOCALIZE[40195]</label>
		</control>		
 		<control type="group" id="">
			<include>Window_OpenClose_Animation_Zoom</include>
		<visible>!Skin.HasSetting(ShowRelay5) + !Skin.HasSetting(ShowRelay6) + !Skin.HasSetting(ShowRelay7) + !Skin.HasSetting(ShowRelay8)</visible>
			<posx>150</posx>
			<posy>80</posy>
			<include>VisibleFadeEffect</include>
			<control type="label">
				<description>Titel</description>
				<posx>0</posx>
				<posy>0</posy>
				<height>100</height>
				<width>1000</width>
				<label>$LOCALIZE[40193]</label>
				<align>center</align>
				<aligny>center</aligny>
				<font>font30_title</font>
				<textcolor>FFFFFFFF</textcolor>		
			</control>
		</control>
 		<control type="group" id="">
			<include>Window_OpenClose_Animation_Zoom</include>
		<visible>Skin.HasSetting(ShowRelay5) | Skin.HasSetting(ShowRelay6) | Skin.HasSetting(ShowRelay7) | Skin.HasSetting(ShowRelay8)</visible>
			<posx>150</posx>
			<posy>20</posy>
			<include>VisibleFadeEffect</include>
			<control type="label">
				<description>Titel</description>
				<posx>0</posx>
				<posy>0</posy>
				<height>100</height>
				<width>1000</width>
				<label>$LOCALIZE[40193]</label>
				<align>center</align>
				<aligny>center</aligny>
				<font>font30_title</font>
				<textcolor>FFFFFFFF</textcolor>		
			</control>
		</control>
		
<!-- #################### Button Area ################################################ -->
		
<!-- Buttons 1-4 -->		
	<control type="group">
		<description>4-button page</description>
		<visible>!Skin.HasSetting(ShowRelay5) + !Skin.HasSetting(ShowRelay6) + !Skin.HasSetting(ShowRelay7) + !Skin.HasSetting(ShowRelay8)</visible>
		<posx>0</posx>
		<posy>0</posy>
		<width>screenwidth</width>
		<height>screenheight</height>

	<!-- Button Funktion-1 -->		
		<control type="group" id="5000">
			<include>Window_OpenClose_Animation_Zoom</include>
			<visible>Skin.HasSetting(ShowRelay1)</visible>
			<posx>134</posx>
			<posy>196</posy>
			<include>VisibleFadeEffect</include>
			<control type="togglebutton" id="5001">
				<description>Funktion-1</description>
                <posx>0</posx>
				<posy>0</posy>
				<width>250</width>
				<height>250</height>
				<align>center</align>
				<aligny>top</aligny>
				<textoffsetx>20</textoffsetx>
				<textoffsety>140</textoffsety>
				<font>font30_title</font>
				<textcolor>FFFFFFFF</textcolor>
				<focusedcolor>$VAR[CustomColorFocus]</focusedcolor>	
				<texturefocus border="10">relaisbutton_off_big_p.png</texturefocus>
				<texturenofocus border="10">relaisbutton_off_big.png</texturenofocus>
				<alttexturefocus border="10">relaisbutton_on_big_p.png</alttexturefocus>
				<alttexturenofocus border="10">relaisbutton_on_big.png</alttexturenofocus>
				<usealttexture>Skin.HasSetting(Relais1)</usealttexture>
				<label>$INFO[Skin.String(RelayLabel1)]</label>
				<altlabel>$INFO[Skin.String(RelayLabel1)]</altlabel>
				<onclick>RunScript($INFO[Skin.String(Button1Script1)])</onclick>
				<onclick>Skin.ToggleSetting(Relais1)</onclick>
				<altclick>RunScript($INFO[Skin.String(Button1Script2)])</altclick>
				<altclick>Skin.ToggleSetting(Relais1)</altclick>
				<onup>666</onup>
				<onright>5003</onright>
				<ondown>5005</ondown>
			</control>
			<control type="Image">
				<description>Button-1 Icon</description>
                <posx>75</posx>
				<posy>25</posy>
				<width>100</width>
				<height>100</height>
                <texture colordiffuse="$VAR[CustomColorNofocus]">$VAR[RelayIcon1]</texture>
			</control>
		</control>

	<!-- Button Funktion-2 -->		
		<control type="group" id="5002">
			<include>Window_OpenClose_Animation_Zoom</include>
			<visible>Skin.HasSetting(ShowRelay2)</visible>
			<posx>388</posx>
			<posy>196</posy>
			<include>VisibleFadeEffect</include>
			<control type="togglebutton" id="5003">
				<description>Funktion-2</description>
                <posx>0</posx>
				<posy>0</posy>
				<width>250</width>
				<height>250</height>
				<align>center</align>
				<aligny>top</aligny>
				<textoffsetx>20</textoffsetx>
				<textoffsety>140</textoffsety>
				<font>font30_title</font>
				<textcolor>FFFFFFFF</textcolor>
				<focusedcolor>$VAR[CustomColorFocus]</focusedcolor>	
				<texturefocus border="10">relaisbutton_off_big_p.png</texturefocus>
				<texturenofocus border="10">relaisbutton_off_big.png</texturenofocus>
				<alttexturefocus border="10">relaisbutton_on_big_p.png</alttexturefocus>
				<alttexturenofocus border="10">relaisbutton_on_big.png</alttexturenofocus>
				<usealttexture>Skin.HasSetting(Relais2)</usealttexture>
				<label>$VAR[RelayLabel2]</label>
				<altlabel>$VAR[RelayLabel2]</altlabel>
				<onclick>RunScript($INFO[Skin.String(Button2Script1)])</onclick>
				<onclick>Skin.ToggleSetting(Relais2)</onclick>
				<altclick>RunScript($INFO[Skin.String(Button2Script2)])</altclick>
				<altclick>Skin.ToggleSetting(Relais2)</altclick>
				<onup>666</onup>
				<onleft>5001</onleft>
				<ondown>5007</ondown>
			</control>
			<control type="Image">
				<description>Button-2 Icon</description>
                <posx>75</posx>
				<posy>25</posy>
				<width>100</width>
				<height>100</height>
                <texture colordiffuse="$VAR[CustomColorNofocus]">$VAR[RelayIcon2]</texture>
			</control>
		</control>

	<!-- Button Funktion-3 -->		
		<control type="group" id="5004">
			<include>Window_OpenClose_Animation_Zoom</include>
			<visible>Skin.HasSetting(ShowRelay3)</visible>
			<posx>642</posx>
			<posy>196</posy>
			<include>VisibleFadeEffect</include>
			<control type="togglebutton" id="5005">
				<description>Funktion-3</description>
                <posx>0</posx>
				<posy>0</posy>
				<width>250</width>
				<height>250</height>
				<align>center</align>
				<aligny>top</aligny>
				<textoffsetx>20</textoffsetx>
				<textoffsety>140</textoffsety>
				<font>font30_title</font>
				<textcolor>FFFFFFFF</textcolor>
				<focusedcolor>$VAR[CustomColorFocus]</focusedcolor>	
				<texturefocus border="10">relaisbutton_off_big_p.png</texturefocus>
				<texturenofocus border="10">relaisbutton_off_big.png</texturenofocus>
				<alttexturefocus border="10">relaisbutton_on_big_p.png</alttexturefocus>
				<alttexturenofocus border="10">relaisbutton_on_big.png</alttexturenofocus>
				<usealttexture>Skin.HasSetting(Relais3)</usealttexture>
				<label>$VAR[RelayLabel3]</label>
				<altlabel>$VAR[RelayLabel3]</altlabel>
				<onclick>RunScript($INFO[Skin.String(Button3Script1)])</onclick>
				<onclick>Skin.ToggleSetting(Relais3)</onclick>
				<altclick>RunScript($INFO[Skin.String(Button3Script2)])</altclick>
				<altclick>Skin.ToggleSetting(Relais3)</altclick>
				<onup>5001</onup>
				<onright>5007</onright>
				<ondown>5015</ondown>
			</control>
			<control type="Image">
				<description>Button-3 Icon</description>
                <posx>75</posx>
				<posy>25</posy>
				<width>100</width>
				<height>100</height>
                <texture colordiffuse="$VAR[CustomColorNofocus]">$VAR[RelayIcon3]</texture>
			</control>
		</control>

	<!-- Button Funktion-4 -->		
		<control type="group" id="5006">
			<include>Window_OpenClose_Animation_Zoom</include>
			<visible>Skin.HasSetting(ShowRelay4)</visible>
			<posx>896</posx>
			<posy>196</posy>
			<include>VisibleFadeEffect</include>
			<control type="togglebutton" id="5007">
				<description>Funktion-4</description>
                <posx>0</posx>
				<posy>0</posy>
				<width>250</width>
				<height>250</height>
				<align>center</align>
				<aligny>top</aligny>
				<textoffsetx>20</textoffsetx>
				<textoffsety>140</textoffsety>
				<font>font30_title</font>
				<textcolor>FFFFFFFF</textcolor>
				<focusedcolor>$VAR[CustomColorFocus]</focusedcolor>	
				<texturefocus border="10">relaisbutton_off_big_p.png</texturefocus>
				<texturenofocus border="10">relaisbutton_off_big.png</texturenofocus>
				<alttexturefocus border="10">relaisbutton_on_big_p.png</alttexturefocus>
				<alttexturenofocus border="10">relaisbutton_on_big.png</alttexturenofocus>
				<usealttexture>Skin.HasSetting(Relais4)</usealttexture>
				<label>$VAR[RelayLabel4]</label>
				<altlabel>$VAR[RelayLabel4]</altlabel>
				<onclick>RunScript($INFO[Skin.String(Button4Script1)])</onclick>
				<onclick>Skin.ToggleSetting(Relais4)</onclick>
				<altclick>RunScript($INFO[Skin.String(Button4Script2)])</altclick>
				<altclick>Skin.ToggleSetting(Relais4)</altclick>
				<onup>5003</onup>
				<onleft>5005</onleft>
				<ondown>5009</ondown>
			</control>
			<control type="Image">
				<description>Button-4 Icon</description>
                <posx>75</posx>
				<posy>25</posy>
				<width>100</width>
				<height>100</height>
                <texture colordiffuse="$VAR[CustomColorNofocus]">$VAR[RelayIcon4]</texture>
			</control>
		</control>
	</control>

<!-- Buttons 1-8 -->		
	<control type="group">
		<description>8-button page</description>
		<visible>Skin.HasSetting(ShowRelay5) | Skin.HasSetting(ShowRelay6) | Skin.HasSetting(ShowRelay7) | Skin.HasSetting(ShowRelay8)</visible>
		<posx>0</posx>
		<posy>10</posy>
		<width>screenwidth</width>
		<height>screenheight</height>

	<!-- Button Funktion-1 -->		
		<control type="group" id="5000">
			<include>Window_OpenClose_Animation_Zoom</include>
			<visible>Skin.HasSetting(ShowRelay1)</visible>
			<posx>134</posx>
			<posy>96</posy>
			<include>VisibleFadeEffect</include>
			<control type="togglebutton" id="5001">
				<description>Funktion-1</description>
                <posx>0</posx>
				<posy>0</posy>
				<width>250</width>
				<height>250</height>
				<align>center</align>
				<aligny>top</aligny>
				<textoffsetx>20</textoffsetx>
				<textoffsety>140</textoffsety>
				<font>font30_title</font>
				<textcolor>FFFFFFFF</textcolor>
				<focusedcolor>$VAR[CustomColorFocus]</focusedcolor>	
				<texturefocus border="10">relaisbutton_off_big_p.png</texturefocus>
				<texturenofocus border="10">relaisbutton_off_big.png</texturenofocus>
				<alttexturefocus border="10">relaisbutton_on_big_p.png</alttexturefocus>
				<alttexturenofocus border="10">relaisbutton_on_big.png</alttexturenofocus>
				<usealttexture>Skin.HasSetting(Relais1)</usealttexture>
				<label>$VAR[RelayLabel1]</label>
				<altlabel>$VAR[RelayLabel1]</altlabel>
				<onclick>RunScript($INFO[Skin.String(Button1Script1)])</onclick>
				<onclick>Skin.ToggleSetting(Relais1)</onclick>
				<altclick>RunScript($INFO[Skin.String(Button1Script2)])</altclick>
				<altclick>Skin.ToggleSetting(Relais1)</altclick>
				<onup>666</onup>
				<onright>5003</onright>
				<ondown>5005</ondown>
			</control>
			<control type="Image">
				<description>Button-1 Icon</description>
                <posx>75</posx>
				<posy>25</posy>
				<width>100</width>
				<height>100</height>
                <texture colordiffuse="$VAR[CustomColorNofocus]">$VAR[RelayIcon1]</texture>
			</control>
		</control>
	<!-- Button Funktion-2 -->		
		<control type="group" id="5002">
			<include>Window_OpenClose_Animation_Zoom</include>
			<visible>Skin.HasSetting(ShowRelay2)</visible>
			<posx>388</posx>
			<posy>96</posy>
			<include>VisibleFadeEffect</include>
			<control type="togglebutton" id="5003">
				<description>Funktion-2</description>
                <posx>0</posx>
				<posy>0</posy>
				<width>250</width>
				<height>250</height>
				<align>center</align>
				<aligny>top</aligny>
				<textoffsetx>20</textoffsetx>
				<textoffsety>140</textoffsety>
				<font>font30_title</font>
				<textcolor>FFFFFFFF</textcolor>
				<focusedcolor>$VAR[CustomColorFocus]</focusedcolor>	
				<texturefocus border="10">relaisbutton_off_big_p.png</texturefocus>
				<texturenofocus border="10">relaisbutton_off_big.png</texturenofocus>
				<alttexturefocus border="10">relaisbutton_on_big_p.png</alttexturefocus>
				<alttexturenofocus border="10">relaisbutton_on_big.png</alttexturenofocus>
				<usealttexture>Skin.HasSetting(Relais2)</usealttexture>
				<label>$VAR[RelayLabel2]</label>
				<altlabel>$VAR[RelayLabel2]</altlabel>
				<onclick>RunScript($INFO[Skin.String(Button2Script1)])</onclick>
				<onclick>Skin.ToggleSetting(Relais2)</onclick>
				<altclick>RunScript($INFO[Skin.String(Button2Script2)])</altclick>
				<altclick>Skin.ToggleSetting(Relais2)</altclick>
				<onup>666</onup>
				<onleft>5001</onleft>
				<ondown>5007</ondown>
			</control>
			<control type="Image">
				<description>Button-2 Icon</description>
                <posx>75</posx>
				<posy>25</posy>
				<width>100</width>
				<height>100</height>
                <texture colordiffuse="$VAR[CustomColorNofocus]">$VAR[RelayIcon2]</texture>
			</control>
		</control>
	<!-- Button Funktion-3 -->		
		<control type="group" id="5004">
			<include>Window_OpenClose_Animation_Zoom</include>
			<visible>Skin.HasSetting(ShowRelay3)</visible>
			<posx>642</posx>
			<posy>96</posy>
			<include>VisibleFadeEffect</include>
			<control type="togglebutton" id="5005">
				<description>Funktion-3</description>
                <posx>0</posx>
				<posy>0</posy>
				<width>250</width>
				<height>250</height>
				<align>center</align>
				<aligny>top</aligny>
				<textoffsetx>20</textoffsetx>
				<textoffsety>140</textoffsety>
				<font>font30_title</font>
				<textcolor>FFFFFFFF</textcolor>
				<focusedcolor>$VAR[CustomColorFocus]</focusedcolor>	
				<texturefocus border="10">relaisbutton_off_big_p.png</texturefocus>
				<texturenofocus border="10">relaisbutton_off_big.png</texturenofocus>
				<alttexturefocus border="10">relaisbutton_on_big_p.png</alttexturefocus>
				<alttexturenofocus border="10">relaisbutton_on_big.png</alttexturenofocus>
				<usealttexture>Skin.HasSetting(Relais3)</usealttexture>
				<label>$VAR[RelayLabel3]</label>
				<altlabel>$VAR[RelayLabel3]</altlabel>
				<onclick>RunScript($INFO[Skin.String(Button3Script1)])</onclick>
				<onclick>Skin.ToggleSetting(Relais3)</onclick>
				<altclick>RunScript($INFO[Skin.String(Button3Script2)])</altclick>
				<altclick>Skin.ToggleSetting(Relais3)</altclick>
				<onup>5001</onup>
				<onright>5007</onright>
				<ondown>5101</ondown>
			</control>
			<control type="Image">
				<description>Button-3 Icon</description>
                <posx>75</posx>
				<posy>25</posy>
				<width>100</width>
				<height>100</height>
                <texture colordiffuse="$VAR[CustomColorNofocus]">$VAR[RelayIcon3]</texture>
			</control>
		</control>
	<!-- Button Funktion-4 -->		
		<control type="group" id="5006">
			<include>Window_OpenClose_Animation_Zoom</include>
			<visible>Skin.HasSetting(ShowRelay4)</visible>
			<posx>896</posx>
			<posy>96</posy>
			<include>VisibleFadeEffect</include>
			<control type="togglebutton" id="5007">
				<description>Funktion-4</description>
                <posx>0</posx>
				<posy>0</posy>
				<width>250</width>
				<height>250</height>
				<align>center</align>
				<aligny>top</aligny>
				<textoffsetx>20</textoffsetx>
				<textoffsety>140</textoffsety>
				<font>font30_title</font>
				<textcolor>FFFFFFFF</textcolor>
				<focusedcolor>$VAR[CustomColorFocus]</focusedcolor>	
				<texturefocus border="10">relaisbutton_off_big_p.png</texturefocus>
				<texturenofocus border="10">relaisbutton_off_big.png</texturenofocus>
				<alttexturefocus border="10">relaisbutton_on_big_p.png</alttexturefocus>
				<alttexturenofocus border="10">relaisbutton_on_big.png</alttexturenofocus>
				<usealttexture>Skin.HasSetting(Relais4)</usealttexture>
				<label>$VAR[RelayLabel4]</label>
				<altlabel>$VAR[RelayLabel4]</altlabel>
				<onclick>RunScript($INFO[Skin.String(Button4Script1)])</onclick>
				<onclick>Skin.ToggleSetting(Relais4)</onclick>
				<altclick>RunScript($INFO[Skin.String(Button4Script2)])</altclick>
				<altclick>Skin.ToggleSetting(Relais4)</altclick>
				<onup>5003</onup>
				<onleft>5005</onleft>
				<ondown>5103</ondown>
			</control>
			<control type="Image">
				<description>Button-4 Icon</description>
                <posx>75</posx>
				<posy>25</posy>
				<width>100</width>
				<height>100</height>
                <texture colordiffuse="$VAR[CustomColorNofocus]">$VAR[RelayIcon4]</texture>
			</control>
		</control>
	<!-- Button Funktion-5 -->		
		<control type="group" id="5100">
			<include>Window_OpenClose_Animation_Zoom</include>
			<visible>Skin.HasSetting(ShowRelay5)</visible>
			<posx>134</posx>
			<posy>350</posy>
			<include>VisibleFadeEffect</include>
			<control type="togglebutton" id="5101">
				<description>Funktion-5</description>
                <posx>0</posx>
				<posy>0</posy>
				<width>250</width>
				<height>250</height>
				<align>center</align>
				<aligny>top</aligny>
				<textoffsetx>20</textoffsetx>
				<textoffsety>140</textoffsety>
				<font>font30_title</font>
				<textcolor>FFFFFFFF</textcolor>
				<focusedcolor>$VAR[CustomColorFocus]</focusedcolor>	
				<texturefocus border="10">relaisbutton_off_big_p.png</texturefocus>
				<texturenofocus border="10">relaisbutton_off_big.png</texturenofocus>
				<alttexturefocus border="10">relaisbutton_on_big_p.png</alttexturefocus>
				<alttexturenofocus border="10">relaisbutton_on_big.png</alttexturenofocus>
				<usealttexture>Skin.HasSetting(Relais5)</usealttexture>
				<label>$VAR[RelayLabel5]</label>
				<altlabel>$VAR[RelayLabel5]</altlabel>
				<onclick>RunScript($INFO[Skin.String(Button5Script1)])</onclick>
				<onclick>Skin.ToggleSetting(Relais5)</onclick>
				<altclick>RunScript($INFO[Skin.String(Button5Script2)])</altclick>
				<altclick>Skin.ToggleSetting(Relais5)</altclick>
				<onup>5005</onup>
				<onright>5103</onright>
				<ondown>5105</ondown>
			</control>
			<control type="Image">
				<description>Button-5 Icon</description>
                <posx>75</posx>
				<posy>25</posy>
				<width>100</width>
				<height>100</height>
                <texture colordiffuse="$VAR[CustomColorNofocus]">$VAR[RelayIcon5]</texture>
			</control>
		</control>
	<!-- Button Funktion-6 -->		
		<control type="group" id="5102">
			<include>Window_OpenClose_Animation_Zoom</include>
			<visible>Skin.HasSetting(ShowRelay6)</visible>
			<posx>388</posx>
			<posy>350</posy>
			<include>VisibleFadeEffect</include>
			<control type="togglebutton" id="5103">
				<description>Funktion-6</description>
                <posx>0</posx>
				<posy>0</posy>
				<width>250</width>
				<height>250</height>
				<align>center</align>
				<aligny>top</aligny>
				<textoffsetx>20</textoffsetx>
				<textoffsety>140</textoffsety>
				<font>font30_title</font>
				<textcolor>FFFFFFFF</textcolor>
				<focusedcolor>$VAR[CustomColorFocus]</focusedcolor>	
				<texturefocus border="10">relaisbutton_off_big_p.png</texturefocus>
				<texturenofocus border="10">relaisbutton_off_big.png</texturenofocus>
				<alttexturefocus border="10">relaisbutton_on_big_p.png</alttexturefocus>
				<alttexturenofocus border="10">relaisbutton_on_big.png</alttexturenofocus>
				<usealttexture>Skin.HasSetting(Relais6)</usealttexture>
				<label>$VAR[RelayLabel6]</label>
				<altlabel>$VAR[RelayLabel6]</altlabel>
				<onclick>RunScript($INFO[Skin.String(Button6Script1)])</onclick>
				<onclick>Skin.ToggleSetting(Relais6)</onclick>
				<altclick>RunScript($INFO[Skin.String(Button6Script2)])</altclick>
				<altclick>Skin.ToggleSetting(Relais6)</altclick>
				<onup>5007</onup>
				<onleft>5101</onleft>
				<ondown>5107</ondown>
			</control>
			<control type="Image">
				<description>Button-6 Icon</description>
                <posx>75</posx>
				<posy>25</posy>
				<width>100</width>
				<height>100</height>
                <texture colordiffuse="$VAR[CustomColorNofocus]">$VAR[RelayIcon6]</texture>
			</control>
		</control>
	<!-- Button Funktion-7 -->		
		<control type="group" id="5104">
			<include>Window_OpenClose_Animation_Zoom</include>
			<visible>Skin.HasSetting(ShowRelay7)</visible>
			<posx>642</posx>
			<posy>350</posy>
			<include>VisibleFadeEffect</include>
			<control type="togglebutton" id="5105">
				<description>Funktion-7</description>
                <posx>0</posx>
				<posy>0</posy>
				<width>250</width>
				<height>250</height>
				<align>center</align>
				<aligny>top</aligny>
				<textoffsetx>20</textoffsetx>
				<textoffsety>140</textoffsety>
				<font>font30_title</font>
				<textcolor>FFFFFFFF</textcolor>
				<focusedcolor>$VAR[CustomColorFocus]</focusedcolor>	
				<texturefocus border="10">relaisbutton_off_big_p.png</texturefocus>
				<texturenofocus border="10">relaisbutton_off_big.png</texturenofocus>
				<alttexturefocus border="10">relaisbutton_on_big_p.png</alttexturefocus>
				<alttexturenofocus border="10">relaisbutton_on_big.png</alttexturenofocus>
				<usealttexture>Skin.HasSetting(Relais7)</usealttexture>
				<label>$VAR[RelayLabel7]</label>
				<altlabel>$VAR[RelayLabel7]</altlabel>
				<onclick>RunScript($INFO[Skin.String(Button7Script1)])</onclick>
				<onclick>Skin.ToggleSetting(Relais7)</onclick>
				<altclick>RunScript($INFO[Skin.String(Button7Script2)])</altclick>
				<altclick>Skin.ToggleSetting(Relais7)</altclick>
				<onup>5101</onup>
				<onright>5107</onright>
				<ondown>5015</ondown>
			</control>
			<control type="Image">
				<description>Button-7 Icon</description>
                <posx>75</posx>
				<posy>25</posy>
				<width>100</width>
				<height>100</height>
                <texture colordiffuse="$VAR[CustomColorNofocus]">$VAR[RelayIcon7]</texture>
			</control>
		</control>
	<!-- Button Funktion-8 -->		
		<control type="group" id="5106">
			<include>Window_OpenClose_Animation_Zoom</include>
			<visible>Skin.HasSetting(ShowRelay8)</visible>
			<posx>896</posx>
			<posy>350</posy>
			<include>VisibleFadeEffect</include>
			<control type="togglebutton" id="5107">
				<description>Funktion-8</description>
                <posx>0</posx>
				<posy>0</posy>
				<width>250</width>
				<height>250</height>
				<align>center</align>
				<aligny>top</aligny>
				<textoffsetx>20</textoffsetx>
				<textoffsety>140</textoffsety>
				<font>font30_title</font>
				<textcolor>FFFFFFFF</textcolor>
				<focusedcolor>$VAR[CustomColorFocus]</focusedcolor>	
				<texturefocus border="10">relaisbutton_off_big_p.png</texturefocus>
				<texturenofocus border="10">relaisbutton_off_big.png</texturenofocus>
				<alttexturefocus border="10">relaisbutton_on_big_p.png</alttexturefocus>
				<alttexturenofocus border="10">relaisbutton_on_big.png</alttexturenofocus>
				<usealttexture>Skin.HasSetting(Relais8)</usealttexture>
				<label>$VAR[RelayLabel8]</label>
				<altlabel>$VAR[RelayLabel8]</altlabel>
				<onclick>RunScript($INFO[Skin.String(Button8Script1)])</onclick>
				<onclick>Skin.ToggleSetting(Relais8)</onclick>
				<altclick>RunScript($INFO[Skin.String(Button8Script2)])</altclick>
				<altclick>Skin.ToggleSetting(Relais8)</altclick>
				<onup>5103</onup>
				<onleft>5105</onleft>
				<ondown>5015</ondown>
			</control>
			<control type="Image">
				<description>Button-8 Icon</description>
                <posx>75</posx>
				<posy>25</posy>
				<width>100</width>
				<height>100</height>
                <texture colordiffuse="$VAR[CustomColorNofocus]">$VAR[RelayIcon8]</texture>
			</control>
		</control>
	</control>

		
<!-- ################# Ende Button Area ############################################## -->

<!-- Settings Button -->
		<control type="group" id="5012">
			<include>Window_OpenClose_Animation_Slide_Up</include>
			<include>VisibleFadeEffect</include>
			<visible>!Window.IsActive(1899)</visible>
        	<posx>15</posx>
            <posy>85r</posy>
            <control type="button" id="5013">
                <description>Back Button</description>
                <posx>0</posx>
                <posy>0</posy>
                <width>70</width>
                <height>70</height>
                <texturenofocus colordiffuse="$VAR[CustomColorNofocus]">icon_settings_w.png</texturenofocus>
                <texturefocus colordiffuse="$VAR[CustomColorFocus]">icon_settings_w.png</texturefocus>
                <onclick>ActivateWindow(1899)</onclick>
                <onup>5105</onup>
				<onright>5015</onright>
            </control>   
        </control>

<!-- Alle aus Button -->
		<control type="group" id="5014">
			<include>Window_OpenClose_Animation_Zoom</include>
			<posx>360</posx>
			<posy>630</posy>
			<include>VisibleFadeEffect</include>
			<control type="button" id="5015">
				<description>Alle aus</description>
                <posx>0</posx>
				<posy>0</posy>
				<width>250</width>
				<height>70</height>
				<label>$LOCALIZE[40192]!</label>
				<align>center</align>
				<aligny>center</aligny>
				<font>font30_title</font>
				<textcolor>$VAR[CustomColorNofocus]</textcolor>	
				<focusedcolor>$VAR[CustomColorFocus]</focusedcolor>	
				<texturefocus colordiffuse="$VAR[CustomColorFocus]">button_outline.png</texturefocus>
				<texturenofocus colordiffuse="$VAR[CustomColorNofocus]">button_outline.png</texturenofocus>
				<onclick condition="Skin.HasSetting(ShowRelay1) + Skin.HasSetting(Relais1)">RunScript($INFO[Skin.String(Button1Script2)])</onclick>
				<onclick condition="Skin.HasSetting(ShowRelay1) + Skin.HasSetting(Relais1)">Skin.ToggleSetting(Relais1)</onclick>
				<onclick condition="Skin.HasSetting(ShowRelay2) + Skin.HasSetting(Relais2)">RunScript($INFO[Skin.String(Button2Script2)])</onclick>
				<onclick condition="Skin.HasSetting(ShowRelay2) + Skin.HasSetting(Relais2)">Skin.ToggleSetting(Relais2)</onclick>
				<onclick condition="Skin.HasSetting(ShowRelay3) + Skin.HasSetting(Relais3)">RunScript($INFO[Skin.String(Button3Script2)])</onclick>
				<onclick condition="Skin.HasSetting(ShowRelay3) + Skin.HasSetting(Relais3)">Skin.ToggleSetting(Relais3)</onclick>
				<onclick condition="Skin.HasSetting(ShowRelay4) + Skin.HasSetting(Relais4)">RunScript($INFO[Skin.String(Button4Script2)])</onclick>
				<onclick condition="Skin.HasSetting(ShowRelay4) + Skin.HasSetting(Relais4)">Skin.ToggleSetting(Relais4)</onclick>
				<onclick condition="Skin.HasSetting(ShowRelay5) + Skin.HasSetting(Relais5)">RunScript($INFO[Skin.String(Button5Script2)])</onclick>
				<onclick condition="Skin.HasSetting(ShowRelay5) + Skin.HasSetting(Relais5)">Skin.ToggleSetting(Relais5)</onclick>
				<onclick condition="Skin.HasSetting(ShowRelay6) + Skin.HasSetting(Relais6)">RunScript($INFO[Skin.String(Button6Script2)])</onclick>
				<onclick condition="Skin.HasSetting(ShowRelay6) + Skin.HasSetting(Relais6)">Skin.ToggleSetting(Relais6)</onclick>
				<onclick condition="Skin.HasSetting(ShowRelay7) + Skin.HasSetting(Relais7)">RunScript($INFO[Skin.String(Button7Script2)])</onclick>
				<onclick condition="Skin.HasSetting(ShowRelay7) + Skin.HasSetting(Relais7)">Skin.ToggleSetting(Relais7)</onclick>
				<onclick condition="Skin.HasSetting(ShowRelay8) + Skin.HasSetting(Relais8)">RunScript($INFO[Skin.String(Button8Script2)])</onclick>
				<onclick condition="Skin.HasSetting(ShowRelay8) + Skin.HasSetting(Relais8)">Skin.ToggleSetting(Relais8)</onclick>
				<onup>5105</onup>
				<onright>5009</onright>
				<onleft>5013</onleft>
			</control>
		</control>

<!-- Abbrechen Button -->
		<control type="group" id="5008">
		<include>Window_OpenClose_Animation_Zoom</include>
			<posx>670</posx>
			<posy>630</posy>
			<include>VisibleFadeEffect</include>
			<control type="button" id="5009">
				<description>Button Close</description>
                <posx>0</posx>
				<posy>0</posy>
				<width>250</width>
				<height>70</height>
				<label>$LOCALIZE[31001]</label>
				<align>center</align>
				<aligny>center</aligny>
				<font>font30_title</font>
				<textcolor>$VAR[CustomColorNofocus]</textcolor>	
				<focusedcolor>$VAR[CustomColorFocus]</focusedcolor>	
				<texturefocus colordiffuse="$VAR[CustomColorFocus]">button_outline.png</texturefocus>
				<texturenofocus colordiffuse="$VAR[CustomColorNofocus]">button_outline.png</texturenofocus>
				<onclick>back</onclick>
				<onleft>5015</onleft>
				<onup>5107</onup>
				<onright>5011</onright>
			</control>
		</control>

<!-- Zurück Button -->		
		<control type="group" id="5010">
			<include>Window_OpenClose_Animation_Slide_Up</include>
			<include>VisibleFadeEffect</include>
			<visible>!Window.IsActive(1899)</visible>
            <posx>95r</posx>
            <posy>85r</posy>
            <control type="button" id="5011">
                <posx>0</posx>
                <posy>0</posy>
                <width>70</width>
                <height>70</height>
                <description>Back Button</description>
                <texturenofocus colordiffuse="$VAR[CustomColorNofocus]">icon_back_w.png</texturenofocus>
                <texturefocus colordiffuse="$VAR[CustomColorFocus]">icon_back_w.png</texturefocus>
                <onclick>back</onclick>
                <onup>5107</onup>
				<onright></onright>
				<onleft>5009</onleft>
            </control>   
        </control>

		<include>BehindDialogFadeOut</include>
		      
   </controls>      
</window>
