<window type="dialog" id="1899">
	<defaultcontrol always="true">171</defaultcontrol>
	<!-- removed allowoverlay -->
	<onunload>Control.SetFocus(9002)</onunload>
	<include>16x9_xPos_Relocation</include>
	<include>Window_OpenClose_Animation_Zoom</include>

	<coordinates>
		<system>1</system>
		<posx>-75</posx>
		<posy>0</posy>
	</coordinates>
	<controls>

<!-- ### Header and background ############################################################################# -->

		<control type="image">
			<posx>0</posx>
			<posy>0</posy>
			<width>1000</width>
			<height>60</height>
			<texture border="5">DialogHeader.png</texture>
		</control> 
		<control type="label">
			<description>header label</description>
			<posx>20</posx>
			<posy>0</posy>
			<include>WindowTitleCommons</include>
			<width>910</width>
			<label>$LOCALIZE[40194]</label>
		</control>
<!--	<control type="group">
			<posx>930</posx>
			<posy>0</posy>
			<include>DialogCloseButtonCommons</include>
		</control> -->
		<control type="image">
			<posx>0</posx>
			<posy>60</posy>
			<width>1000</width>
			<height>665</height>
			<texture border="5">dialog_back_black.png</texture>
		</control>
		<control type="image">
			<description>Settings Menu Background</description>
			<posx>0</posx>
			<posy>60</posy>
		    <height>60</height>
			<width>1000</width>
	        <texture>>menuitem_black2_nf.png</texture>
		</control>
		<control type="button" id="999">
			<description>Fake Focus Control</description>
			<posx>2</posx>
			<posy>55</posy>
			<width>1</width>
			<height>1</height>
			<label></label>
			<texturefocus colordiffuse="00ffffff">1px_transparent.png</texturefocus>
			<texturenofocus>1px_transparent.png</texturenofocus>
			<onright>1</onright>
			<ondown>1</ondown>
		</control>


<!-- ### Settings ############################################################################################ -->

<!-- Relay Buttons -->
		<control type="grouplist">
			<description>control area</description>
			<posx>0</posx>
			<posy>60</posy>
			<width>450</width>
			<height>450</height>
			<itemgap>-1</itemgap>
			<visible></visible>
			<control type="label">
				<height>70</height>
			   	<width>460</width>
				<font>font24_title</font>
				<textcolor>white</textcolor>
				<label>$LOCALIZE[40199]</label> 
				<align>center</align> 
				<aligny>center</aligny> 
			</control>  			
			<control type="image">
				<height>50</height>
			   	<width>450</width>
				<texture border="0,2,0,2">MenuItemNF.png</texture>
			</control>  			
			<control type="image">
				<height>50</height>
			   	<width>450</width>
				<texture border="0,2,0,2">MenuItemNF.png</texture>
			</control>  			
			<control type="image">
				<height>50</height>
			   	<width>450</width>
				<texture border="0,2,0,2">MenuItemNF.png</texture>
			</control>  			
			<control type="image">
				<height>50</height>
			   	<width>450</width>
				<texture border="0,2,0,2">MenuItemNF.png</texture>
			</control>  			
			<control type="image">
				<height>50</height>
			   	<width>450</width>
				<texture border="0,2,0,2">MenuItemNF.png</texture>
			</control>  			
			<control type="image">
				<height>50</height>
			   	<width>450</width>
				<texture border="0,2,0,2">MenuItemNF.png</texture>
			</control>  			
			<control type="image">
				<height>50</height>
			   	<width>450</width>
				<texture border="0,2,0,2">MenuItemNF.png</texture>
			</control>  			
			<control type="image">
				<height>50</height>
			   	<width>450</width>
				<texture border="0,2,0,2">MenuItemNF.png</texture>
			</control>  			
		</control>

<!-- Button list left -->
		<control type="grouplist" id="100">
			<description>control area</description>
			<posx>20</posx>
			<posy>130</posy>
			<width>270</width>
			<height>450</height>
			<itemgap>-1</itemgap>
			<onup></onup>
			<ondown>500</ondown>
			<onleft></onleft>
			<onright></onright>
			<visible></visible>
			<control type="radiobutton" id="171">
				<description>Activate Relay Button 1</description>
				<height>50</height>
				<width>270</width>
				<font>font24_title</font>
				<focusedcolor>$VAR[CustomColorFocus]</focusedcolor>				
				<textcolor>white</textcolor>
				<texturefocus border="0,2,0,2">-</texturefocus>
				<texturenofocus border="0,2,0,2">-</texturenofocus>
				<label>$VAR[RelayLabel1]</label>
				<onclick>Skin.ToggleSetting(ShowRelay1)</onclick>
				<selected>Skin.HasSetting(ShowRelay1)</selected>
				<onup></onup>
				<ondown>172</ondown>
				<onleft></onleft>
				<onright>Control.SetFocus(181)</onright>
			</control> 
			<control type="radiobutton" id="172">
				<description>Activate Relay Button 2</description>
				<height>50</height>
				<width>270</width>
				<font>font24_title</font>
				<focusedcolor>$VAR[CustomColorFocus]</focusedcolor>				
				<textcolor>white</textcolor>
				<texturefocus border="0,2,0,2">-</texturefocus>
				<texturenofocus border="0,2,0,2">-</texturenofocus>
				<label>$VAR[RelayLabel2]</label>
				<onclick>Skin.ToggleSetting(ShowRelay2)</onclick>
				<selected>Skin.HasSetting(ShowRelay2)</selected>
				<onup>171</onup>
				<ondown>173</ondown>
				<onleft></onleft>
				<onright>Control.SetFocus(182)</onright>
			</control> 
			<control type="radiobutton" id="173">
				<description>Activate Relay Button 3</description>
				<height>50</height>
				<width>270</width>
				<font>font24_title</font>
				<focusedcolor>$VAR[CustomColorFocus]</focusedcolor>				
				<textcolor>white</textcolor>
				<texturefocus border="0,2,0,2">-</texturefocus>
				<texturenofocus border="0,2,0,2">-</texturenofocus>
				<label>$VAR[RelayLabel3]</label>
				<onclick>Skin.ToggleSetting(ShowRelay3)</onclick>
				<selected>Skin.HasSetting(ShowRelay3)</selected>
				<onup>172</onup>
				<ondown>174</ondown>
				<onleft></onleft>
				<onright>Control.SetFocus(183)</onright>
			</control> 
			<control type="radiobutton" id="174">
				<description>Activate Relay Button 4</description>
				<height>50</height>
				<width>270</width>
				<font>font24_title</font>
				<focusedcolor>$VAR[CustomColorFocus]</focusedcolor>				
				<textcolor>white</textcolor>
				<texturefocus border="0,2,0,2">-</texturefocus>
				<texturenofocus border="0,2,0,2">-</texturenofocus>
				<label>$VAR[RelayLabel4]</label>
				<onclick>Skin.ToggleSetting(ShowRelay4)</onclick>
				<selected>Skin.HasSetting(ShowRelay4)</selected>
				<onup>173</onup>
				<ondown>175</ondown>
				<onleft></onleft>
				<onright>Control.SetFocus(184)</onright>
			</control> 
			<control type="radiobutton" id="175">
				<description>Activate Relay Button 5</description>
				<height>50</height>
				<width>270</width>
				<font>font24_title</font>
				<focusedcolor>$VAR[CustomColorFocus]</focusedcolor>				
				<textcolor>white</textcolor>
				<texturefocus border="0,2,0,2">-</texturefocus>
				<texturenofocus border="0,2,0,2">-</texturenofocus>
				<label>$VAR[RelayLabel5]</label>
				<onclick>Skin.ToggleSetting(ShowRelay5)</onclick>
				<selected>Skin.HasSetting(ShowRelay5)</selected>
				<onup>174</onup>
				<ondown>176</ondown>
				<onleft></onleft>
				<onright>Control.SetFocus(185)</onright>
			</control> 
			<control type="radiobutton" id="176">
				<description>Activate Relay Button 6</description>
				<height>50</height>
				<width>270</width>
				<font>font24_title</font>
				<focusedcolor>$VAR[CustomColorFocus]</focusedcolor>				
				<textcolor>white</textcolor>
				<texturefocus border="0,2,0,2">-</texturefocus>
				<texturenofocus border="0,2,0,2">-</texturenofocus>
				<label>$VAR[RelayLabel6]</label>
				<onclick>Skin.ToggleSetting(ShowRelay6)</onclick>
				<selected>Skin.HasSetting(ShowRelay6)</selected>
				<onup>175</onup>
				<ondown>177</ondown>
				<onleft></onleft>
				<onright>Control.SetFocus(186)</onright>
			</control> 
			<control type="radiobutton" id="177">
				<description>Activate Relay Button 7</description>
				<height>50</height>
				<width>270</width>
				<font>font24_title</font>
				<focusedcolor>$VAR[CustomColorFocus]</focusedcolor>				
				<textcolor>white</textcolor>
				<texturefocus border="0,2,0,2">-</texturefocus>
				<texturenofocus border="0,2,0,2">-</texturenofocus>
				<label>$VAR[RelayLabel7]</label>
				<onclick>Skin.ToggleSetting(ShowRelay7)</onclick>
				<selected>Skin.HasSetting(ShowRelay7)</selected>
				<onup>176</onup>
				<ondown>178</ondown>
				<onleft></onleft>
				<onright>Control.SetFocus(187)</onright>
			</control> 
			<control type="radiobutton" id="178">
				<description>Activate Relay Button 8</description>
				<height>50</height>
				<width>270</width>
				<font>font24_title</font>
				<focusedcolor>$VAR[CustomColorFocus]</focusedcolor>				
				<textcolor>white</textcolor>
				<texturefocus border="0,2,0,2">-</texturefocus>
				<texturenofocus border="0,2,0,2">-</texturenofocus>
				<label>$VAR[RelayLabel8]</label>
				<onclick>Skin.ToggleSetting(ShowRelay8)</onclick>
				<selected>Skin.HasSetting(ShowRelay8)</selected>
				<onup>177</onup>
				<ondown>Control.SetFocus(500)</ondown>
				<onleft></onleft>
				<onright>Control.SetFocus(188)</onright>
			</control> 
		</control>
<!-- Config Buttons -->
		<control type="group">
			<description>Config Buttons</description>
			<posx>300</posx>
			<posy>132</posy>
			<width>170</width>
			<height>450</height>
			<itemgap>30</itemgap>
			<visible></visible>
			<control type="Button" id="181">
				<visible>Skin.HasSetting(ShowRelay1)</visible>
				<posy>0</posy>
				<height>40</height>
			   	<width>170</width>
				<font>font20_title</font>
				<focusedcolor>$VAR[CustomColorFocus]</focusedcolor>				
			   	<label>$LOCALIZE[31265]</label>
				<textcolor>white</textcolor>
				<align>center</align> 
				<aligny>center</aligny> 
				<texturefocus>button_outline_black170.png</texturefocus>
				<texturenofocus>button_outline_black170.png</texturenofocus>
				<onclick>Skin.SetString(ConfigRelay1,1)</onclick>
				<onclick>Skin.Reset(ConfigRelay2)</onclick>
				<onclick>Skin.Reset(ConfigRelay3)</onclick>
				<onclick>Skin.Reset(ConfigRelay4)</onclick>
				<onclick>Skin.Reset(ConfigRelay5)</onclick>
				<onclick>Skin.Reset(ConfigRelay6)</onclick>
				<onclick>Skin.Reset(ConfigRelay7)</onclick>
				<onclick>Skin.Reset(ConfigRelay8)</onclick>
				<onload condition="String.IsEmpty(RelayLabel1)">Skin.Reset(RelayLabel1)</onload>
				<onload condition="String.IsEmpty(RelayIcon1)">Skin.SetString(RelayIcon1,--)</onload>
				<onload condition="String.IsEmpty(Button1Script1)">Skin.Reset(Button1Script1)</onload>
				<onload condition="String.IsEmpty(Button1Script2)">Skin.Reset(Button1Script2)</onload>
				<onleft>171</onleft>
				<onright>871</onright>
				<onup></onup>
				<ondown>182</ondown>
			</control>  			
			<control type="Button" id="182">
				<visible>Skin.HasSetting(ShowRelay2)</visible>
				<posy>50</posy>
				<height>40</height>
			   	<width>170</width>
				<font>font20_title</font>
				<focusedcolor>$VAR[CustomColorFocus]</focusedcolor>				
			   	<label>$LOCALIZE[31265]</label>
				<textcolor>white</textcolor>
				<align>center</align> 
				<aligny>center</aligny> 
				<texturefocus>button_outline_black170.png</texturefocus>
				<texturenofocus>button_outline_black170.png</texturenofocus>
				<onclick>Skin.SetString(ConfigRelay2,1)</onclick>
				<onclick>Skin.Reset(ConfigRelay1)</onclick>
				<onclick>Skin.Reset(ConfigRelay3)</onclick>
				<onclick>Skin.Reset(ConfigRelay4)</onclick>
				<onclick>Skin.Reset(ConfigRelay5)</onclick>
				<onclick>Skin.Reset(ConfigRelay6)</onclick>
				<onclick>Skin.Reset(ConfigRelay7)</onclick>
				<onclick>Skin.Reset(ConfigRelay8)</onclick>
				<onleft>172</onleft>
				<onright>871</onright>
				<onup>181</onup>
				<ondown>183</ondown>
			</control>  			
			<control type="Button" id="183">
				<visible>Skin.HasSetting(ShowRelay3)</visible>
				<posy>100</posy>
				<height>40</height>
			   	<width>170</width>
				<font>font20_title</font>
				<focusedcolor>$VAR[CustomColorFocus]</focusedcolor>				
			   	<label>$LOCALIZE[31265]</label>
				<textcolor>white</textcolor>
				<align>center</align> 
				<aligny>center</aligny> 
				<texturefocus>button_outline_black170.png</texturefocus>
				<texturenofocus>button_outline_black170.png</texturenofocus>
				<onclick>Skin.SetString(ConfigRelay3,1)</onclick>
				<onclick>Skin.Reset(ConfigRelay1)</onclick>
				<onclick>Skin.Reset(ConfigRelay2)</onclick>
				<onclick>Skin.Reset(ConfigRelay4)</onclick>
				<onclick>Skin.Reset(ConfigRelay5)</onclick>
				<onclick>Skin.Reset(ConfigRelay6)</onclick>
				<onclick>Skin.Reset(ConfigRelay7)</onclick>
				<onclick>Skin.Reset(ConfigRelay8)</onclick>
				<onleft>173</onleft>
				<onright>871</onright>
				<onup>182</onup>
				<ondown>184</ondown>
			</control>  			
			<control type="Button" id="184">
				<visible>Skin.HasSetting(ShowRelay4)</visible>
				<posy>150</posy>
				<height>40</height>
			   	<width>170</width>
				<font>font20_title</font>
				<focusedcolor>$VAR[CustomColorFocus]</focusedcolor>				
			   	<label>$LOCALIZE[31265]</label>
				<textcolor>white</textcolor>
				<align>center</align> 
				<aligny>center</aligny> 
				<texturefocus>button_outline_black170.png</texturefocus>
				<texturenofocus>button_outline_black170.png</texturenofocus>
				<onclick>Skin.SetString(ConfigRelay4,1)</onclick>
				<onclick>Skin.Reset(ConfigRelay1)</onclick>
				<onclick>Skin.Reset(ConfigRelay2)</onclick>
				<onclick>Skin.Reset(ConfigRelay3)</onclick>
				<onclick>Skin.Reset(ConfigRelay5)</onclick>
				<onclick>Skin.Reset(ConfigRelay6)</onclick>
				<onclick>Skin.Reset(ConfigRelay7)</onclick>
				<onclick>Skin.Reset(ConfigRelay8)</onclick>
				<onleft>174</onleft>
				<onright>871</onright>
				<onup>183</onup>
				<ondown>185</ondown>
			</control>  			
			<control type="Button" id="185">
				<visible>Skin.HasSetting(ShowRelay5)</visible>
				<posy>200</posy>
				<height>40</height>
			   	<width>170</width>
				<font>font20_title</font>
				<focusedcolor>$VAR[CustomColorFocus]</focusedcolor>				
			   	<label>$LOCALIZE[31265]</label>
				<textcolor>white</textcolor>
				<align>center</align> 
				<aligny>center</aligny> 
				<texturefocus>button_outline_black170.png</texturefocus>
				<texturenofocus>button_outline_black170.png</texturenofocus>
				<onclick>Skin.SetString(ConfigRelay5,1)</onclick>
				<onclick>Skin.Reset(ConfigRelay1)</onclick>
				<onclick>Skin.Reset(ConfigRelay2)</onclick>
				<onclick>Skin.Reset(ConfigRelay3)</onclick>
				<onclick>Skin.Reset(ConfigRelay4)</onclick>
				<onclick>Skin.Reset(ConfigRelay6)</onclick>
				<onclick>Skin.Reset(ConfigRelay7)</onclick>
				<onclick>Skin.Reset(ConfigRelay8)</onclick>
				<onleft>175</onleft>
				<onright>871</onright>
				<onup>184</onup>
				<ondown>186</ondown>
			</control>  			
			<control type="Button" id="186">
				<visible>Skin.HasSetting(ShowRelay6)</visible>
				<posy>250</posy>
				<height>40</height>
			   	<width>170</width>
				<font>font20_title</font>
				<focusedcolor>$VAR[CustomColorFocus]</focusedcolor>				
			   	<label>$LOCALIZE[31265]</label>
				<textcolor>white</textcolor>
				<align>center</align> 
				<aligny>center</aligny> 
				<texturefocus>button_outline_black170.png</texturefocus>
				<texturenofocus>button_outline_black170.png</texturenofocus>
				<onclick>Skin.SetString(ConfigRelay6,1)</onclick>
				<onclick>Skin.Reset(ConfigRelay1)</onclick>
				<onclick>Skin.Reset(ConfigRelay2)</onclick>
				<onclick>Skin.Reset(ConfigRelay3)</onclick>
				<onclick>Skin.Reset(ConfigRelay4)</onclick>
				<onclick>Skin.Reset(ConfigRelay5)</onclick>
				<onclick>Skin.Reset(ConfigRelay7)</onclick>
				<onclick>Skin.Reset(ConfigRelay8)</onclick>
				<onleft>176</onleft>
				<onright>871</onright>
				<onup>185</onup>
				<ondown>187</ondown>
			</control>  			
			<control type="Button" id="187">
				<visible>Skin.HasSetting(ShowRelay7)</visible>
				<posy>300</posy>
				<height>40</height>
			   	<width>170</width>
				<font>font20_title</font>
				<focusedcolor>$VAR[CustomColorFocus]</focusedcolor>				
			   	<label>$LOCALIZE[31265]</label>
				<textcolor>white</textcolor>
				<align>center</align> 
				<aligny>center</aligny> 
				<texturefocus>button_outline_black170.png</texturefocus>
				<texturenofocus>button_outline_black170.png</texturenofocus>
				<onclick>Skin.SetString(ConfigRelay7,1)</onclick>
				<onclick>Skin.Reset(ConfigRelay1)</onclick>
				<onclick>Skin.Reset(ConfigRelay2)</onclick>
				<onclick>Skin.Reset(ConfigRelay3)</onclick>
				<onclick>Skin.Reset(ConfigRelay4)</onclick>
				<onclick>Skin.Reset(ConfigRelay5)</onclick>
				<onclick>Skin.Reset(ConfigRelay6)</onclick>
				<onclick>Skin.Reset(ConfigRelay8)</onclick>
				<onleft>177</onleft>
				<onright>871</onright>
				<onup>186</onup>
				<ondown>188</ondown>
			</control>  			
			<control type="Button" id="188">
				<visible>Skin.HasSetting(ShowRelay8)</visible>
				<posy>350</posy>
				<height>40</height>
			   	<width>170</width>
				<font>font20_title</font>
				<focusedcolor>$VAR[CustomColorFocus]</focusedcolor>				
			   	<label>$LOCALIZE[31265]</label>
				<textcolor>white</textcolor>
				<align>center</align> 
				<aligny>center</aligny> 
				<texturefocus>button_outline_black170.png</texturefocus>
				<texturenofocus>button_outline_black170.png</texturenofocus>
				<onclick>Skin.SetString(ConfigRelay8,1)</onclick>
				<onclick>Skin.Reset(ConfigRelay1)</onclick>
				<onclick>Skin.Reset(ConfigRelay2)</onclick>
				<onclick>Skin.Reset(ConfigRelay3)</onclick>
				<onclick>Skin.Reset(ConfigRelay4)</onclick>
				<onclick>Skin.Reset(ConfigRelay5)</onclick>
				<onclick>Skin.Reset(ConfigRelay6)</onclick>
				<onclick>Skin.Reset(ConfigRelay7)</onclick>
				<onleft>178</onleft>
				<onright>871</onright>
				<onup>187</onup>
				<ondown>Control.SetFocus(500)</ondown>
			</control>  			
		</control>

<!-- Relay Buttons Config -->
		<control type="grouplist" id="871">
			<description>Config Relay Button 1</description>
			<posx>515</posx>
			<posy>70</posy>
			<width>450</width>
			<height>620</height>
			<onup></onup>
			<onfocus>Control.SetFocus(8711)</onfocus>
			<onleft>181</onleft>
			<onright></onright>
			<visible>Skin.HasSetting(ShowRelay1) + Skin.String(ConfigRelay1,1)</visible>			
			<control type="label">
				<description>Info</description>
				<height>50</height>
				<width>460</width>
				<label>$LOCALIZE[40199] 1:</label>
				<align>left</align>
				<aligny>center</aligny>
				<font>font24_title</font>
				<textcolor>$VAR[CustomColorNofocus]</textcolor>
			</control>
			<control type="button" id="8711">
				<height>50</height>
				<width>460</width>
				<font>font24_title</font>
				<label>$LOCALIZE[31155]</label>  
				<label2>[COLOR=selected]$INFO[Skin.String(RelayLabel1)] [/COLOR]</label2>
				<textcolor>grey</textcolor>
				<focusedcolor>$VAR[CustomColorFocus]</focusedcolor>
				<texturefocus border="2">MenuItemNF.png</texturefocus>
				<texturenofocus border="2">MenuItemNF.png</texturenofocus>
				<onclick>Skin.Reset(RelayLabel1)</onclick>
				<onclick>Skin.SetString(RelayLabel1)</onclick>
				<onup></onup>
				<ondown>8712</ondown>
				<onleft>181</onleft>
			</control>  
			<control type="button" id="8712">
				<height>50</height>
				<width>460</width>
				<font>font24_title</font>
				<label>$LOCALIZE[31156]</label>  
				<label2>[COLOR=selected]$INFO[Skin.String(RelayIcon1)] [/COLOR]</label2>
				<textcolor>grey</textcolor>
				<focusedcolor>$VAR[CustomColorFocus]</focusedcolor>
				<texturefocus border="2">MenuItemNF.png</texturefocus>
				<texturenofocus border="2">MenuItemNF.png</texturenofocus>
				<onclick>Skin.SetImage(RelayIcon1)</onclick>
				<onup>8711</onup>
				<ondown>8713</ondown>
				<onleft>181</onleft>
			</control>  
			<control type="button" id="8713">
				<height>50</height>
				<width>460</width>
				<font>font24_title</font>
				<label>1. $LOCALIZE[40189] 1 ($LOCALIZE[40190])</label>
				<label2>[COLOR=selected]$INFO[Skin.String(Button1Script1)][/COLOR]</label2>
				<textcolor>grey</textcolor>
				<focusedcolor>$VAR[CustomColorFocus]</focusedcolor>
				<texturefocus border="2">MenuItemNF.png</texturefocus>
				<texturenofocus border="2">MenuItemNF.png</texturenofocus>
				<onclick>Skin.Reset(Button1Script1)</onclick>
				<onclick>Skin.SetFile(Button1Script1,.py,special://skin/scripts/)</onclick>
				<enable>Skin.HasSetting(ShowRelay1)</enable>
				<onup>8712</onup>
				<ondown>8714</ondown>
				<onleft>181</onleft>
			</control>  
			<control type="button" id="8714">
				<height>50</height>
				<width>460</width>
				<font>font24_title</font>
				<label>2. $LOCALIZE[40189] 1 ($LOCALIZE[40191])</label>
				<label2>[COLOR=selected]$INFO[Skin.String(Button1Script2)][/COLOR]</label2>
				<textcolor>grey</textcolor>
				<focusedcolor>$VAR[CustomColorFocus]</focusedcolor>
				<texturefocus border="2">MenuItemNF.png</texturefocus>
				<texturenofocus border="2">MenuItemNF.png</texturenofocus>
				<onclick>Skin.Reset(Button1Script2)</onclick>
				<onclick>Skin.SetFile(Button1Script2,.py,special://skin/scripts/)</onclick>
				<enable>Skin.HasSetting(ShowRelay1)</enable>
				<onup>8713</onup>
				<ondown>8715</ondown>
				<onleft>181</onleft>
			</control>  
			<control type="image" id="8716">
				<onfocus>Control.SetFocus(8715)</onfocus>
				<description>Spacer</description>
				<width>450</width>
				<height>20</height>
				<texture>1px_transparent.png</texture>
				<aspectratio>stretch</aspectratio>
			</control>
			<control type="button" id="8715">
				<posx>250</posx>
				<posy>385</posy>
				<height>50</height>
				<width>200</width>	
				<font>font22_title</font>
				<label>$LOCALIZE[40181]</label>  
				<textcolor>grey</textcolor>
				<align>center</align>
				<aligny>center</aligny>
				<focusedcolor>$VAR[CustomColorFocus]</focusedcolor>
				<texturefocus border="4">button_outline_black_f.png</texturefocus>
				<texturenofocus border="4">button_outline_black.png</texturenofocus>
				<enable>!String.IsEmpty(Skin.String(RelayLabel1)) | !String.IsEmpty(Skin.String(RelayIcon1)) | !String.IsEmpty(Skin.String(Button1Script1)) | !String.IsEmpty(Skin.String(Button1Script2))</enable>
				<onclick>Skin.Reset(RelayLabel1)</onclick>
				<onclick>Skin.Reset(RelayIcon1)</onclick>
				<onclick>Skin.Reset(Button1Script1)</onclick>
				<onclick>Skin.Reset(Button1Script2)</onclick>
				<onleft>181</onleft>
				<onup>8714</onup>
				<ondown>510</ondown>
			</control>  
		</control>

		<control type="grouplist" id="871">
			<description>Config Relay Button 2</description>
			<posx>515</posx>
			<posy>70</posy>
			<width>450</width>
			<height>620</height>
			<onup></onup>
			<onfocus>Control.SetFocus(8711)</onfocus>
			<onleft>181</onleft>
			<onright></onright>
			<visible>Skin.HasSetting(ShowRelay2) + Skin.String(ConfigRelay2,1)</visible>			
			<control type="label">
				<description>Info</description>
				<height>50</height>
				<width>460</width>
				<label>$LOCALIZE[40199] 2:</label>
				<align>left</align>
				<aligny>center</aligny>
				<font>font24_title</font>
				<textcolor>$VAR[CustomColorNofocus]</textcolor>
			</control>
			<control type="button" id="8711">
				<height>50</height>
				<width>460</width>
				<font>font24_title</font>
				<label>$LOCALIZE[31155]</label>  
				<label2>[COLOR=selected]$INFO[Skin.String(RelayLabel2)] [/COLOR]</label2>
				<textcolor>grey</textcolor>
				<focusedcolor>$VAR[CustomColorFocus]</focusedcolor>
				<texturefocus border="2">MenuItemNF.png</texturefocus>
				<texturenofocus border="2">MenuItemNF.png</texturenofocus>
				<onclick>Skin.Reset(RelayLabel2)</onclick>
				<onclick>Skin.SetString(RelayLabel2)</onclick>
				<onup></onup>
				<ondown>8712</ondown>
				<onleft>181</onleft>
			</control>  
			<control type="button" id="8712">
				<height>50</height>
				<width>460</width>
				<font>font24_title</font>
				<label>$LOCALIZE[31156]</label>  
				<label2>[COLOR=selected]$INFO[Skin.String(RelayIcon2)] [/COLOR]</label2>
				<textcolor>grey</textcolor>
				<focusedcolor>$VAR[CustomColorFocus]</focusedcolor>
				<texturefocus border="2">MenuItemNF.png</texturefocus>
				<texturenofocus border="2">MenuItemNF.png</texturenofocus>
				<onclick>Skin.SetImage(RelayIcon2)</onclick>
				<onup>8711</onup>
				<ondown>8713</ondown>
				<onleft>181</onleft>
			</control>  
			<control type="button" id="8713">
				<height>50</height>
				<width>460</width>
				<font>font24_title</font>
				<label>1. $LOCALIZE[40189] 2 ($LOCALIZE[40190])</label>
				<label2>[COLOR=selected]$INFO[Skin.String(Button2Script1)][/COLOR]</label2>
				<textcolor>grey</textcolor>
				<focusedcolor>$VAR[CustomColorFocus]</focusedcolor>
				<texturefocus border="2">MenuItemNF.png</texturefocus>
				<texturenofocus border="2">MenuItemNF.png</texturenofocus>
				<onclick>Skin.Reset(Button2Script1)</onclick>
				<onclick>Skin.SetFile(Button2Script1,.py,special://skin/scripts/)</onclick>
				<enable>Skin.HasSetting(ShowRelay2)</enable>
				<onup>8712</onup>
				<ondown>8714</ondown>
				<onleft>181</onleft>
			</control>  
			<control type="button" id="8714">
				<height>50</height>
				<width>460</width>
				<font>font24_title</font>
				<label>2. $LOCALIZE[40189] 2 ($LOCALIZE[40191])</label>
				<label2>[COLOR=selected]$INFO[Skin.String(Button2Script2)][/COLOR]</label2>
				<textcolor>grey</textcolor>
				<focusedcolor>$VAR[CustomColorFocus]</focusedcolor>
				<texturefocus border="2">MenuItemNF.png</texturefocus>
				<texturenofocus border="2">MenuItemNF.png</texturenofocus>
				<onclick>Skin.Reset(Button2Script2)</onclick>
				<onclick>Skin.SetFile(Button2Script2,.py,special://skin/scripts/)</onclick>
				<enable>Skin.HasSetting(ShowRelay2)</enable>
				<onup>8713</onup>
				<ondown>8715</ondown>
				<onleft>181</onleft>
			</control>  
			<control type="image" id="8716">
				<onfocus>Control.SetFocus(8715)</onfocus>
				<description>Spacer</description>
				<width>450</width>
				<height>20</height>
				<texture>1px_transparent.png</texture>
				<aspectratio>stretch</aspectratio>
			</control>
			<control type="button" id="8715">
				<posx>250</posx>
				<posy>385</posy>
				<height>50</height>
				<width>200</width>	
				<font>font22_title</font>
				<label>$LOCALIZE[40181]</label>  
				<textcolor>grey</textcolor>
				<align>center</align>
				<aligny>center</aligny>
				<focusedcolor>$VAR[CustomColorFocus]</focusedcolor>
				<texturefocus border="4">button_outline_black_f.png</texturefocus>
				<texturenofocus border="4">button_outline_black.png</texturenofocus>
				<enable>!String.IsEmpty(Skin.String(RelayLabel2)) | !String.IsEmpty(Skin.String(RelayIcon2)) | !String.IsEmpty(Skin.String(Button2Script1)) | !String.IsEmpty(Skin.String(Button2Script2))</enable>
				<onclick>Skin.Reset(RelayLabel2)</onclick>
				<onclick>Skin.Reset(RelayIcon2)</onclick>
				<onclick>Skin.Reset(Button2Script1)</onclick>
				<onclick>Skin.Reset(Button2Script2)</onclick>
				<onleft>181</onleft>
				<onup>8714</onup>
				<ondown>510</ondown>
			</control>  
		</control>

		<control type="grouplist" id="871">
			<description>Config Relay Button 3</description>
			<posx>515</posx>
			<posy>70</posy>
			<width>450</width>
			<height>620</height>
			<onup></onup>
			<onfocus>Control.SetFocus(8711)</onfocus>
			<onleft>181</onleft>
			<onright></onright>
			<visible>Skin.HasSetting(ShowRelay3) + Skin.String(ConfigRelay3,1)</visible>			
			<control type="label">
				<description>Info</description>
				<height>50</height>
				<width>460</width>
				<label>$LOCALIZE[40199] 3:</label>
				<align>left</align>
				<aligny>center</aligny>
				<font>font24_title</font>
				<textcolor>$VAR[CustomColorNofocus]</textcolor>
			</control>
			<control type="button" id="8711">
				<height>50</height>
				<width>460</width>
				<font>font24_title</font>
				<label>$LOCALIZE[31155]</label>  
				<label2>[COLOR=selected]$INFO[Skin.String(RelayLabel3)] [/COLOR]</label2>
				<textcolor>grey</textcolor>
				<focusedcolor>$VAR[CustomColorFocus]</focusedcolor>
				<texturefocus border="2">MenuItemNF.png</texturefocus>
				<texturenofocus border="2">MenuItemNF.png</texturenofocus>
				<onclick>Skin.Reset(RelayLabel3)</onclick>
				<onclick>Skin.SetString(RelayLabel3)</onclick>
				<onup></onup>
				<ondown>8712</ondown>
				<onleft>181</onleft>
			</control>  
			<control type="button" id="8712">
				<height>50</height>
				<width>460</width>
				<font>font24_title</font>
				<label>$LOCALIZE[31156]</label>  
				<label2>[COLOR=selected]$INFO[Skin.String(RelayIcon3)] [/COLOR]</label2>
				<textcolor>grey</textcolor>
				<focusedcolor>$VAR[CustomColorFocus]</focusedcolor>
				<texturefocus border="2">MenuItemNF.png</texturefocus>
				<texturenofocus border="2">MenuItemNF.png</texturenofocus>
				<onclick>Skin.SetImage(RelayIcon3)</onclick>
				<onup>8711</onup>
				<ondown>8713</ondown>
				<onleft>181</onleft>
			</control>  
			<control type="button" id="8713">
				<height>50</height>
				<width>460</width>
				<font>font24_title</font>
				<label>1. $LOCALIZE[40189] 3 ($LOCALIZE[40190])</label>
				<label2>[COLOR=selected]$INFO[Skin.String(Button3Script1)][/COLOR]</label2>
				<textcolor>grey</textcolor>
				<focusedcolor>$VAR[CustomColorFocus]</focusedcolor>
				<texturefocus border="2">MenuItemNF.png</texturefocus>
				<texturenofocus border="2">MenuItemNF.png</texturenofocus>
				<onclick>Skin.Reset(Button3Script1)</onclick>
				<onclick>Skin.SetFile(Button3Script1,.py,special://skin/scripts/)</onclick>
				<enable>Skin.HasSetting(ShowRelay3)</enable>
				<onup>8712</onup>
				<ondown>8714</ondown>
				<onleft>181</onleft>
			</control>  
			<control type="button" id="8714">
				<height>50</height>
				<width>460</width>
				<font>font24_title</font>
				<label>2. $LOCALIZE[40189] 3 ($LOCALIZE[40191])</label>
				<label2>[COLOR=selected]$INFO[Skin.String(Button3Script2)][/COLOR]</label2>
				<textcolor>grey</textcolor>
				<focusedcolor>$VAR[CustomColorFocus]</focusedcolor>
				<texturefocus border="2">MenuItemNF.png</texturefocus>
				<texturenofocus border="2">MenuItemNF.png</texturenofocus>
				<onclick>Skin.Reset(Button3Script2)</onclick>
				<onclick>Skin.SetFile(Button3Script2,.py,special://skin/scripts/)</onclick>
				<enable>Skin.HasSetting(ShowRelay3)</enable>
				<onup>8713</onup>
				<ondown>8715</ondown>
				<onleft>181</onleft>
			</control>  
			<control type="image" id="8716">
				<onfocus>Control.SetFocus(8715)</onfocus>
				<description>Spacer</description>
				<width>450</width>
				<height>20</height>
				<texture>1px_transparent.png</texture>
				<aspectratio>stretch</aspectratio>
			</control>
			<control type="button" id="8715">
				<posx>250</posx>
				<posy>385</posy>
				<height>50</height>
				<width>200</width>	
				<font>font22_title</font>
				<label>$LOCALIZE[40181]</label>  
				<textcolor>grey</textcolor>
				<align>center</align>
				<aligny>center</aligny>
				<focusedcolor>$VAR[CustomColorFocus]</focusedcolor>
				<texturefocus border="4">button_outline_black_f.png</texturefocus>
				<texturenofocus border="4">button_outline_black.png</texturenofocus>
				<enable>!String.IsEmpty(Skin.String(RelayLabel3)) | !String.IsEmpty(Skin.String(RelayIcon3)) | !String.IsEmpty(Skin.String(Button3Script1)) | !String.IsEmpty(Skin.String(Button3Script2))</enable>
				<onclick>Skin.Reset(RelayLabel3)</onclick>
				<onclick>Skin.Reset(RelayIcon3)</onclick>
				<onclick>Skin.Reset(Button3Script1)</onclick>
				<onclick>Skin.Reset(Button3Script2)</onclick>
				<onleft>181</onleft>
				<onup>8714</onup>
				<ondown>510</ondown>
			</control>  
		</control>

		<control type="grouplist" id="871">
			<description>Config Relay Button 4</description>
			<posx>515</posx>
			<posy>70</posy>
			<width>450</width>
			<height>620</height>
			<onup></onup>
			<onfocus>Control.SetFocus(8711)</onfocus>
			<onleft>181</onleft>
			<onright></onright>
			<visible>Skin.HasSetting(ShowRelay4) + Skin.String(ConfigRelay4,1)</visible>			
			<control type="label">
				<description>Info</description>
				<height>50</height>
				<width>460</width>
				<label>$LOCALIZE[40199] 4:</label>
				<align>left</align>
				<aligny>center</aligny>
				<font>font24_title</font>
				<textcolor>$VAR[CustomColorNofocus]</textcolor>
			</control>
			<control type="button" id="8711">
				<height>50</height>
				<width>460</width>
				<font>font24_title</font>
				<label>$LOCALIZE[31155]</label>  
				<label2>[COLOR=selected]$INFO[Skin.String(RelayLabel4)] [/COLOR]</label2>
				<textcolor>grey</textcolor>
				<focusedcolor>$VAR[CustomColorFocus]</focusedcolor>
				<texturefocus border="2">MenuItemNF.png</texturefocus>
				<texturenofocus border="2">MenuItemNF.png</texturenofocus>
				<onclick>Skin.Reset(RelayLabel4)</onclick>
				<onclick>Skin.SetString(RelayLabel4)</onclick>
				<onup></onup>
				<ondown>8712</ondown>
				<onleft>181</onleft>
			</control>  
			<control type="button" id="8712">
				<height>50</height>
				<width>460</width>
				<font>font24_title</font>
				<label>$LOCALIZE[31156]</label>  
				<label2>[COLOR=selected]$INFO[Skin.String(RelayIcon4)] [/COLOR]</label2>
				<textcolor>grey</textcolor>
				<focusedcolor>$VAR[CustomColorFocus]</focusedcolor>
				<texturefocus border="2">MenuItemNF.png</texturefocus>
				<texturenofocus border="2">MenuItemNF.png</texturenofocus>
				<onclick>Skin.SetImage(RelayIcon4)</onclick>
				<onup>8711</onup>
				<ondown>8713</ondown>
				<onleft>181</onleft>
			</control>  
			<control type="button" id="8713">
				<height>50</height>
				<width>460</width>
				<font>font24_title</font>
				<label>1. $LOCALIZE[40189] 4 ($LOCALIZE[40190])</label>
				<label2>[COLOR=selected]$INFO[Skin.String(Button4Script1)][/COLOR]</label2>
				<textcolor>grey</textcolor>
				<focusedcolor>$VAR[CustomColorFocus]</focusedcolor>
				<texturefocus border="2">MenuItemNF.png</texturefocus>
				<texturenofocus border="2">MenuItemNF.png</texturenofocus>
				<onclick>Skin.Reset(Button4Script1)</onclick>
				<onclick>Skin.SetFile(Button4Script1,.py,special://skin/scripts/)</onclick>
				<enable>Skin.HasSetting(ShowRelay4)</enable>
				<onup>8712</onup>
				<ondown>8714</ondown>
				<onleft>181</onleft>
			</control>  
			<control type="button" id="8714">
				<height>50</height>
				<width>460</width>
				<font>font24_title</font>
				<label>2. $LOCALIZE[40189] 4 ($LOCALIZE[40191])</label>
				<label2>[COLOR=selected]$INFO[Skin.String(Button4Script2)][/COLOR]</label2>
				<textcolor>grey</textcolor>
				<focusedcolor>$VAR[CustomColorFocus]</focusedcolor>
				<texturefocus border="2">MenuItemNF.png</texturefocus>
				<texturenofocus border="2">MenuItemNF.png</texturenofocus>
				<onclick>Skin.Reset(Button4Script2)</onclick>
				<onclick>Skin.SetFile(Button4Script2,.py,special://skin/scripts/)</onclick>
				<enable>Skin.HasSetting(ShowRelay4)</enable>
				<onup>8713</onup>
				<ondown>8715</ondown>
				<onleft>181</onleft>
			</control>  
			<control type="image" id="8716">
				<onfocus>Control.SetFocus(8715)</onfocus>
				<description>Spacer</description>
				<width>450</width>
				<height>20</height>
				<texture>1px_transparent.png</texture>
				<aspectratio>stretch</aspectratio>
			</control>
			<control type="button" id="8715">
				<posx>250</posx>
				<posy>385</posy>
				<height>50</height>
				<width>200</width>	
				<font>font22_title</font>
				<label>$LOCALIZE[40181]</label>  
				<textcolor>grey</textcolor>
				<align>center</align>
				<aligny>center</aligny>
				<focusedcolor>$VAR[CustomColorFocus]</focusedcolor>
				<texturefocus border="4">button_outline_black_f.png</texturefocus>
				<texturenofocus border="4">button_outline_black.png</texturenofocus>
				<enable>!String.IsEmpty(Skin.String(RelayLabel4)) | !String.IsEmpty(Skin.String(RelayIcon4)) | !String.IsEmpty(Skin.String(Button4Script1)) | !String.IsEmpty(Skin.String(Button4Script2))</enable>
				<onclick>Skin.Reset(RelayLabel4)</onclick>
				<onclick>Skin.Reset(RelayIcon4)</onclick>
				<onclick>Skin.Reset(Button4Script1)</onclick>
				<onclick>Skin.Reset(Button4Script2)</onclick>
				<onleft>181</onleft>
				<onup>8714</onup>
				<ondown>510</ondown>
			</control>  
		</control>

		<control type="grouplist" id="871">
			<description>Config Relay Button 5</description>
			<posx>515</posx>
			<posy>70</posy>
			<width>450</width>
			<height>620</height>
			<onup></onup>
			<onfocus>Control.SetFocus(8711)</onfocus>
			<onleft>181</onleft>
			<onright></onright>
			<visible>Skin.HasSetting(ShowRelay5) + Skin.String(ConfigRelay5,1)</visible>			
			<control type="label">
				<description>Info</description>
				<height>50</height>
				<width>460</width>
				<label>$LOCALIZE[40199] 5:</label>
				<align>left</align>
				<aligny>center</aligny>
				<font>font24_title</font>
				<textcolor>$VAR[CustomColorNofocus]</textcolor>
			</control>
			<control type="button" id="8711">
				<height>50</height>
				<width>460</width>
				<font>font24_title</font>
				<label>$LOCALIZE[31155]</label>  
				<label2>[COLOR=selected]$INFO[Skin.String(RelayLabel5)] [/COLOR]</label2>
				<textcolor>grey</textcolor>
				<focusedcolor>$VAR[CustomColorFocus]</focusedcolor>
				<texturefocus border="2">MenuItemNF.png</texturefocus>
				<texturenofocus border="2">MenuItemNF.png</texturenofocus>
				<onclick>Skin.Reset(RelayLabel5)</onclick>
				<onclick>Skin.SetString(RelayLabel5)</onclick>
				<onup></onup>
				<ondown>8712</ondown>
				<onleft>181</onleft>
			</control>  
			<control type="button" id="8712">
				<height>50</height>
				<width>460</width>
				<font>font24_title</font>
				<label>$LOCALIZE[31156]</label>  
				<label2>[COLOR=selected]$INFO[Skin.String(RelayIcon5)] [/COLOR]</label2>
				<textcolor>grey</textcolor>
				<focusedcolor>$VAR[CustomColorFocus]</focusedcolor>
				<texturefocus border="2">MenuItemNF.png</texturefocus>
				<texturenofocus border="2">MenuItemNF.png</texturenofocus>
				<onclick>Skin.SetImage(RelayIcon5)</onclick>
				<onup>8711</onup>
				<ondown>8713</ondown>
				<onleft>181</onleft>
			</control>  
			<control type="button" id="8713">
				<height>50</height>
				<width>460</width>
				<font>font24_title</font>
				<label>1. $LOCALIZE[40189] 5 ($LOCALIZE[40190])</label>
				<label2>[COLOR=selected]$INFO[Skin.String(Button5Script1)][/COLOR]</label2>
				<textcolor>grey</textcolor>
				<focusedcolor>$VAR[CustomColorFocus]</focusedcolor>
				<texturefocus border="2">MenuItemNF.png</texturefocus>
				<texturenofocus border="2">MenuItemNF.png</texturenofocus>
				<onclick>Skin.Reset(Button5Script1)</onclick>
				<onclick>Skin.SetFile(Button5Script1,.py,special://skin/scripts/)</onclick>
				<enable>Skin.HasSetting(ShowRelay5)</enable>
				<onup>8712</onup>
				<ondown>8714</ondown>
				<onleft>181</onleft>
			</control>  
			<control type="button" id="8714">
				<height>50</height>
				<width>460</width>
				<font>font24_title</font>
				<label>2. $LOCALIZE[40189] 5 ($LOCALIZE[40191])</label>
				<label2>[COLOR=selected]$INFO[Skin.String(Button5Script2)][/COLOR]</label2>
				<textcolor>grey</textcolor>
				<focusedcolor>$VAR[CustomColorFocus]</focusedcolor>
				<texturefocus border="2">MenuItemNF.png</texturefocus>
				<texturenofocus border="2">MenuItemNF.png</texturenofocus>
				<onclick>Skin.Reset(Button5Script2)</onclick>
				<onclick>Skin.SetFile(Button5Script2,.py,special://skin/scripts/)</onclick>
				<enable>Skin.HasSetting(ShowRelay5)</enable>
				<onup>8713</onup>
				<ondown>8715</ondown>
				<onleft>181</onleft>
			</control>  
			<control type="image" id="8716">
				<onfocus>Control.SetFocus(8715)</onfocus>
				<description>Spacer</description>
				<width>450</width>
				<height>20</height>
				<texture>1px_transparent.png</texture>
				<aspectratio>stretch</aspectratio>
			</control>
			<control type="button" id="8715">
				<posx>250</posx>
				<posy>385</posy>
				<height>50</height>
				<width>200</width>	
				<font>font22_title</font>
				<label>$LOCALIZE[40181]</label>  
				<textcolor>grey</textcolor>
				<align>center</align>
				<aligny>center</aligny>
				<focusedcolor>$VAR[CustomColorFocus]</focusedcolor>
				<texturefocus border="4">button_outline_black_f.png</texturefocus>
				<texturenofocus border="4">button_outline_black.png</texturenofocus>
				<enable>!String.IsEmpty(Skin.String(RelayLabel5)) | !String.IsEmpty(Skin.String(RelayIcon5)) | !String.IsEmpty(Skin.String(Button5Script1)) | !String.IsEmpty(Skin.String(Button5Script2))</enable>
				<onclick>Skin.Reset(RelayLabel5)</onclick>
				<onclick>Skin.Reset(RelayIcon5)</onclick>
				<onclick>Skin.Reset(Button5Script1)</onclick>
				<onclick>Skin.Reset(Button5Script2)</onclick>
				<onleft>181</onleft>
				<onup>8714</onup>
				<ondown>510</ondown>
			</control>  
		</control>

		<control type="grouplist" id="871">
			<description>Config Relay Button 6</description>
			<posx>515</posx>
			<posy>70</posy>
			<width>450</width>
			<height>620</height>
			<onup></onup>
			<onfocus>Control.SetFocus(8711)</onfocus>
			<onleft>181</onleft>
			<onright></onright>
			<visible>Skin.HasSetting(ShowRelay6) + Skin.String(ConfigRelay6,1)</visible>			
			<control type="label">
				<description>Info</description>
				<height>50</height>
				<width>460</width>
				<label>$LOCALIZE[40199] 6:</label>
				<align>left</align>
				<aligny>center</aligny>
				<font>font24_title</font>
				<textcolor>$VAR[CustomColorNofocus]</textcolor>
			</control>
			<control type="button" id="8711">
				<height>50</height>
				<width>460</width>
				<font>font24_title</font>
				<label>$LOCALIZE[31155]</label>  
				<label2>[COLOR=selected]$INFO[Skin.String(RelayLabel6)] [/COLOR]</label2>
				<textcolor>grey</textcolor>
				<focusedcolor>$VAR[CustomColorFocus]</focusedcolor>
				<texturefocus border="2">MenuItemNF.png</texturefocus>
				<texturenofocus border="2">MenuItemNF.png</texturenofocus>
				<onclick>Skin.Reset(RelayLabel6)</onclick>
				<onclick>Skin.SetString(RelayLabel6)</onclick>
				<onup></onup>
				<ondown>8712</ondown>
				<onleft>181</onleft>
			</control>  
			<control type="button" id="8712">
				<height>50</height>
				<width>460</width>
				<font>font24_title</font>
				<label>$LOCALIZE[31156]</label>  
				<label2>[COLOR=selected]$INFO[Skin.String(RelayIcon6)] [/COLOR]</label2>
				<textcolor>grey</textcolor>
				<focusedcolor>$VAR[CustomColorFocus]</focusedcolor>
				<texturefocus border="2">MenuItemNF.png</texturefocus>
				<texturenofocus border="2">MenuItemNF.png</texturenofocus>
				<onclick>Skin.SetImage(RelayIcon6)</onclick>
				<onup>8711</onup>
				<ondown>8713</ondown>
				<onleft>181</onleft>
			</control>  
			<control type="button" id="8713">
				<height>50</height>
				<width>460</width>
				<font>font24_title</font>
				<label>1. $LOCALIZE[40189] 6 ($LOCALIZE[40190])</label>
				<label2>[COLOR=selected]$INFO[Skin.String(Button6Script1)][/COLOR]</label2>
				<textcolor>grey</textcolor>
				<focusedcolor>$VAR[CustomColorFocus]</focusedcolor>
				<texturefocus border="2">MenuItemNF.png</texturefocus>
				<texturenofocus border="2">MenuItemNF.png</texturenofocus>
				<onclick>Skin.Reset(Button6Script1)</onclick>
				<onclick>Skin.SetFile(Button6Script1,.py,special://skin/scripts/)</onclick>
				<enable>Skin.HasSetting(ShowRelay6)</enable>
				<onup>8712</onup>
				<ondown>8714</ondown>
				<onleft>181</onleft>
			</control>  
			<control type="button" id="8714">
				<height>50</height>
				<width>460</width>
				<font>font24_title</font>
				<label>2. $LOCALIZE[40189] 6 ($LOCALIZE[40191])</label>
				<label2>[COLOR=selected]$INFO[Skin.String(Button6Script2)][/COLOR]</label2>
				<textcolor>grey</textcolor>
				<focusedcolor>$VAR[CustomColorFocus]</focusedcolor>
				<texturefocus border="2">MenuItemNF.png</texturefocus>
				<texturenofocus border="2">MenuItemNF.png</texturenofocus>
				<onclick>Skin.Reset(Button6Script2)</onclick>
				<onclick>Skin.SetFile(Button6Script2,.py,special://skin/scripts/)</onclick>
				<enable>Skin.HasSetting(ShowRelay6)</enable>
				<onup>8713</onup>
				<ondown>8715</ondown>
				<onleft>181</onleft>
			</control>  
			<control type="image" id="8716">
				<onfocus>Control.SetFocus(8715)</onfocus>
				<description>Spacer</description>
				<width>450</width>
				<height>20</height>
				<texture>1px_transparent.png</texture>
				<aspectratio>stretch</aspectratio>
			</control>
			<control type="button" id="8715">
				<posx>250</posx>
				<posy>385</posy>
				<height>50</height>
				<width>200</width>	
				<font>font22_title</font>
				<label>$LOCALIZE[40181]</label>  
				<textcolor>grey</textcolor>
				<align>center</align>
				<aligny>center</aligny>
				<focusedcolor>$VAR[CustomColorFocus]</focusedcolor>
				<texturefocus border="4">button_outline_black_f.png</texturefocus>
				<texturenofocus border="4">button_outline_black.png</texturenofocus>
				<enable>!String.IsEmpty(Skin.String(RelayLabel6)) | !String.IsEmpty(Skin.String(RelayIcon6)) | !String.IsEmpty(Skin.String(Button6Script1)) | !String.IsEmpty(Skin.String(Button6Script2))</enable>
				<onclick>Skin.Reset(RelayLabel6)</onclick>
				<onclick>Skin.Reset(RelayIcon6)</onclick>
				<onclick>Skin.Reset(Button6Script1)</onclick>
				<onclick>Skin.Reset(Button6Script2)</onclick>
				<onleft>181</onleft>
				<onup>8714</onup>
				<ondown>510</ondown>
			</control>  
		</control>

		<control type="grouplist" id="871">
			<description>Config Relay Button 7</description>
			<posx>515</posx>
			<posy>70</posy>
			<width>450</width>
			<height>620</height>
			<onup></onup>
			<onfocus>Control.SetFocus(8711)</onfocus>
			<onleft>181</onleft>
			<onright></onright>
			<visible>Skin.HasSetting(ShowRelay7) + Skin.String(ConfigRelay7,1)</visible>			
			<control type="label">
				<description>Info</description>
				<height>50</height>
				<width>460</width>
				<label>$LOCALIZE[40199] 7:</label>
				<align>left</align>
				<aligny>center</aligny>
				<font>font24_title</font>
				<textcolor>$VAR[CustomColorNofocus]</textcolor>
			</control>
			<control type="button" id="8711">
				<height>50</height>
				<width>460</width>
				<font>font24_title</font>
				<label>$LOCALIZE[31155]</label>  
				<label2>[COLOR=selected]$INFO[Skin.String(RelayLabel7)] [/COLOR]</label2>
				<textcolor>grey</textcolor>
				<focusedcolor>$VAR[CustomColorFocus]</focusedcolor>
				<texturefocus border="2">MenuItemNF.png</texturefocus>
				<texturenofocus border="2">MenuItemNF.png</texturenofocus>
				<onclick>Skin.Reset(RelayLabel7)</onclick>
				<onclick>Skin.SetString(RelayLabel7)</onclick>
				<onup></onup>
				<ondown>8712</ondown>
				<onleft>181</onleft>
			</control>  
			<control type="button" id="8712">
				<height>50</height>
				<width>460</width>
				<font>font24_title</font>
				<label>$LOCALIZE[31156]</label>  
				<label2>[COLOR=selected]$INFO[Skin.String(RelayIcon7)] [/COLOR]</label2>
				<textcolor>grey</textcolor>
				<focusedcolor>$VAR[CustomColorFocus]</focusedcolor>
				<texturefocus border="2">MenuItemNF.png</texturefocus>
				<texturenofocus border="2">MenuItemNF.png</texturenofocus>
				<onclick>Skin.SetImage(RelayIcon7)</onclick>
				<onup>8711</onup>
				<ondown>8713</ondown>
				<onleft>181</onleft>
			</control>  
			<control type="button" id="8713">
				<height>50</height>
				<width>460</width>
				<font>font24_title</font>
				<label>1. $LOCALIZE[40189] 7 ($LOCALIZE[40190])</label>
				<label2>[COLOR=selected]$INFO[Skin.String(Button7Script1)][/COLOR]</label2>
				<textcolor>grey</textcolor>
				<focusedcolor>$VAR[CustomColorFocus]</focusedcolor>
				<texturefocus border="2">MenuItemNF.png</texturefocus>
				<texturenofocus border="2">MenuItemNF.png</texturenofocus>
				<onclick>Skin.Reset(Button3Script1)</onclick>
				<onclick>Skin.SetFile(Button7Script1,.py,special://skin/scripts/)</onclick>
				<enable>Skin.HasSetting(ShowRelay7)</enable>
				<onup>8712</onup>
				<ondown>8714</ondown>
				<onleft>181</onleft>
			</control>  
			<control type="button" id="8714">
				<height>50</height>
				<width>460</width>
				<font>font24_title</font>
				<label>2. $LOCALIZE[40189] 7 ($LOCALIZE[40191])</label>
				<label2>[COLOR=selected]$INFO[Skin.String(Button7Script2)][/COLOR]</label2>
				<textcolor>grey</textcolor>
				<focusedcolor>$VAR[CustomColorFocus]</focusedcolor>
				<texturefocus border="2">MenuItemNF.png</texturefocus>
				<texturenofocus border="2">MenuItemNF.png</texturenofocus>
				<onclick>Skin.Reset(Button3Script2)</onclick>
				<onclick>Skin.SetFile(Button7Script2,.py,special://skin/scripts/)</onclick>
				<enable>Skin.HasSetting(ShowRelay7)</enable>
				<onup>8713</onup>
				<ondown>8715</ondown>
				<onleft>181</onleft>
			</control>  
			<control type="image" id="8716">
				<onfocus>Control.SetFocus(8715)</onfocus>
				<description>Spacer</description>
				<width>450</width>
				<height>20</height>
				<texture>1px_transparent.png</texture>
				<aspectratio>stretch</aspectratio>
			</control>
			<control type="button" id="8715">
				<posx>250</posx>
				<posy>385</posy>
				<height>50</height>
				<width>200</width>	
				<font>font22_title</font>
				<label>$LOCALIZE[40181]</label>  
				<textcolor>grey</textcolor>
				<align>center</align>
				<aligny>center</aligny>
				<focusedcolor>$VAR[CustomColorFocus]</focusedcolor>
				<texturefocus border="4">button_outline_black_f.png</texturefocus>
				<texturenofocus border="4">button_outline_black.png</texturenofocus>
				<enable>!String.IsEmpty(Skin.String(RelayLabel7)) | !String.IsEmpty(Skin.String(RelayIcon7)) | !String.IsEmpty(Skin.String(Button7Script1)) | !String.IsEmpty(Skin.String(Button7Script2))</enable>
				<onclick>Skin.Reset(RelayLabel7)</onclick>
				<onclick>Skin.Reset(RelayIcon7)</onclick>
				<onclick>Skin.Reset(Button7Script1)</onclick>
				<onclick>Skin.Reset(Button7Script2)</onclick>
				<onleft>181</onleft>
				<onup>8714</onup>
				<ondown>510</ondown>
			</control>  
		</control>

		<control type="grouplist" id="871">
			<description>Config Relay Button 8</description>
			<posx>515</posx>
			<posy>70</posy>
			<width>450</width>
			<height>620</height>
			<onup></onup>
			<onfocus>Control.SetFocus(8711)</onfocus>
			<onleft>181</onleft>
			<onright></onright>
			<visible>Skin.HasSetting(ShowRelay8) + Skin.String(ConfigRelay8,1)</visible>			
			<control type="label">
				<description>Info</description>
				<height>50</height>
				<width>460</width>
				<label>$LOCALIZE[40199] 8:</label>
				<align>left</align>
				<aligny>center</aligny>
				<font>font24_title</font>
				<textcolor>$VAR[CustomColorNofocus]</textcolor>
			</control>
			<control type="button" id="8711">
				<height>50</height>
				<width>460</width>
				<font>font24_title</font>
				<label>$LOCALIZE[31155]</label>  
				<label2>[COLOR=selected]$INFO[Skin.String(RelayLabel8)] [/COLOR]</label2>
				<textcolor>grey</textcolor>
				<focusedcolor>$VAR[CustomColorFocus]</focusedcolor>
				<texturefocus border="2">MenuItemNF.png</texturefocus>
				<texturenofocus border="2">MenuItemNF.png</texturenofocus>
				<onclick>Skin.Reset(RelayLabel8)</onclick>
				<onclick>Skin.SetString(RelayLabel8)</onclick>
				<onup></onup>
				<ondown>8712</ondown>
				<onleft>181</onleft>
			</control>  
			<control type="button" id="8712">
				<height>50</height>
				<width>460</width>
				<font>font24_title</font>
				<label>$LOCALIZE[31156]</label>  
				<label2>[COLOR=selected]$INFO[Skin.String(RelayIcon8)] [/COLOR]</label2>
				<textcolor>grey</textcolor>
				<focusedcolor>$VAR[CustomColorFocus]</focusedcolor>
				<texturefocus border="2">MenuItemNF.png</texturefocus>
				<texturenofocus border="2">MenuItemNF.png</texturenofocus>
				<onclick>Skin.SetImage(RelayIcon8)</onclick>
				<onup>8711</onup>
				<ondown>8713</ondown>
				<onleft>181</onleft>
			</control>  
			<control type="button" id="8713">
				<height>50</height>
				<width>460</width>
				<font>font24_title</font>
				<label>1. $LOCALIZE[40189] 8 ($LOCALIZE[40190])</label>
				<label2>[COLOR=selected]$INFO[Skin.String(Button8Script1)][/COLOR]</label2>
				<textcolor>grey</textcolor>
				<focusedcolor>$VAR[CustomColorFocus]</focusedcolor>
				<texturefocus border="2">MenuItemNF.png</texturefocus>
				<texturenofocus border="2">MenuItemNF.png</texturenofocus>
				<onclick>Skin.Reset(Button8Script1)</onclick>
				<onclick>Skin.SetFile(Button8Script1,.py,special://skin/scripts/)</onclick>
				<enable>Skin.HasSetting(ShowRelay8)</enable>
				<onup>8712</onup>
				<ondown>8714</ondown>
				<onleft>181</onleft>
			</control>  
			<control type="button" id="8714">
				<height>50</height>
				<width>460</width>
				<font>font24_title</font>
				<label>2. $LOCALIZE[40189] 8 ($LOCALIZE[40191])</label>
				<label2>[COLOR=selected]$INFO[Skin.String(Button8Script2)][/COLOR]</label2>
				<textcolor>grey</textcolor>
				<focusedcolor>$VAR[CustomColorFocus]</focusedcolor>
				<texturefocus border="2">MenuItemNF.png</texturefocus>
				<texturenofocus border="2">MenuItemNF.png</texturenofocus>
				<onclick>Skin.Reset(Button8Script2)</onclick>
				<onclick>Skin.SetFile(Button8Script2,.py,special://skin/scripts/)</onclick>
				<enable>Skin.HasSetting(ShowRelay8)</enable>
				<onup>8713</onup>
				<ondown>8715</ondown>
				<onleft>181</onleft>
			</control>  
			<control type="image" id="8716">
				<onfocus>Control.SetFocus(8715)</onfocus>
				<description>Spacer</description>
				<width>450</width>
				<height>20</height>
				<texture>1px_transparent.png</texture>
				<aspectratio>stretch</aspectratio>
			</control>
			<control type="button" id="8715">
				<posx>250</posx>
				<posy>385</posy>
				<height>50</height>
				<width>200</width>	
				<font>font22_title</font>
				<label>$LOCALIZE[40181]</label>  
				<textcolor>grey</textcolor>
				<align>center</align>
				<aligny>center</aligny>
				<focusedcolor>$VAR[CustomColorFocus]</focusedcolor>
				<texturefocus border="4">button_outline_black_f.png</texturefocus>
				<texturenofocus border="4">button_outline_black.png</texturenofocus>
				<enable>!String.IsEmpty(Skin.String(RelayLabel8)) | !String.IsEmpty(Skin.String(RelayIcon8)) | !String.IsEmpty(Skin.String(Button8Script1)) | !String.IsEmpty(Skin.String(Button8Script2))</enable>
				<onclick>Skin.Reset(RelayLabel8)</onclick>
				<onclick>Skin.Reset(RelayIcon8)</onclick>
				<onclick>Skin.Reset(Button8Script1)</onclick>
				<onclick>Skin.Reset(Button8Script2)</onclick>
				<onleft>181</onleft>
				<onup>8714</onup>
				<ondown>510</ondown>
			</control>  
		</control>

<!-- Config End -->

<!-- Set Background -->
		<control type="group" id="500">
		<include>Window_OpenClose_Animation_Zoom</include>
			<onfocus>Control.SetFocus(501)</onfocus>
			<posx>20</posx>
			<posy>530</posy>
			<width>960</width>
			<height>100</height>
			<include>VisibleFadeEffect</include>
			<control type="radiobutton" id="501">
				<posx>0</posx>
				<posy>0</posy>
				<height>50</height>
				<width>960</width>
				<font>font24_title</font>
				<label>$LOCALIZE[31093]</label>
				<textcolor>white</textcolor>
				<focusedcolor>$VAR[CustomColorFocus]</focusedcolor>						
				<texturefocus border="0,2,0,2">MenuItemNF.png</texturefocus>
				<texturenofocus border="0,2,0,2">MenuItemNF.png</texturenofocus>
				<onclick>Skin.ToggleSetting(RelayControlCustomBackground)</onclick>
				<selected>Skin.HasSetting(RelayControlCustomBackground)</selected>
				<onup>Control.SetFocus(178)</onup>
				<ondown>502</ondown>
			</control>
			<control type="button" id="502">
				<posx>0</posx>
				<posy>50</posy>
				<height>50</height>
				<width>960</width>
				<font>font24_title</font>
				<label>$LOCALIZE[31094]</label>
				<label2>[COLOR=selected]$INFO[Skin.String(CustomRelayControlBgFullPath)][/COLOR]</label2>
				<textcolor>white</textcolor>
				<scroll>true</scroll>
				<focusedcolor>$VAR[CustomColorFocus]</focusedcolor>						
				<texturefocus border="0,2,0,2">MenuItemNF.png</texturefocus>
				<texturenofocus border="0,2,0,2">MenuItemNF.png</texturenofocus>
				<onclick>Skin.Reset(CustomRelayControlBgFullPath)</onclick>
				<onclick>Skin.SetImage(CustomRelayControlBgFullPath)</onclick>
				<enable>Skin.HasSetting(RelayControlCustomBackground)</enable>
				<onup>501</onup>
				<ondown>Control.SetFocus(510)</ondown>
			</control>
		</control>

<!-- Close Button -->
		<control type="group" id="510">
		<include>Window_OpenClose_Animation_Zoom</include>
			<onfocus>Control.SetFocus(511)</onfocus>
			<posx>390</posx>
			<posy>640</posy>
			<include>VisibleFadeEffect</include>
			<control type="button" id="511">
				<description>Close</description>
                <posx>0</posx>
				<posy>0</posy>
				<width>250</width>
				<height>70</height>
				<label>$LOCALIZE[31001]</label>
				<align>center</align>
				<aligny>center</aligny>
				<font>font30_title</font>
				<textcolor>$VAR[CustomColorNofocus]</textcolor>	
				<focusedcolor>$VAR[CustomColorFocus]</focusedcolor>	
				<texturefocus colordiffuse="$VAR[CustomColorFocus]">button_outline.png</texturefocus>
				<texturenofocus colordiffuse="$VAR[CustomColorNofocus]">button_outline.png</texturenofocus>
				<onclick>Dialog.Close(1899)</onclick>
				<onclick>Skin.Reset(ConfigRelay1)</onclick>
				<onclick>Skin.Reset(ConfigRelay2)</onclick>
				<onclick>Skin.Reset(ConfigRelay3)</onclick>
				<onclick>Skin.Reset(ConfigRelay4)</onclick>
				<onclick>Skin.Reset(ConfigRelay5)</onclick>
				<onclick>Skin.Reset(ConfigRelay6)</onclick>
				<onclick>Skin.Reset(ConfigRelay7)</onclick>
				<onclick>Skin.Reset(ConfigRelay8)</onclick>
				<onup>500</onup>
				<onright>5015</onright>
				<ondown></ondown>
			</control>
		</control>

<!-- Help Button -->
		<control type="button" id="5015">
			<description>Help Button</description>
			<posx>365r</posx>
			<posy>75r</posy>
			<width>60</width>
			<height>60</height>
			<texturenofocus colordiffuse="$VAR[CustomColorNofocus]">button_help.png</texturenofocus>
			<texturefocus colordiffuse="$VAR[CustomColorFocus]">button_help.png</texturefocus>
			<onclick>Skin.ToggleSetting(ShowRelaycontrolHelp)</onclick>
			<onclick>Control.SetFocus(5016)</onclick>
			<ondown></ondown>
			<onup>Control.SetFocus(500)</onup>
			<onright></onright>
			<onleft>Control.SetFocus(510)</onleft>
		</control>   

<!-- Help Overlay -->
		<control type="group">
			<description>Help</description>
			<visible>Skin.HasSetting(ShowRelaycontrolHelp)</visible>
			<posx>0</posx>
			<posy>60</posy>
			<width>1000</width>
			<height>665</height>
			<control type="image">
				<description>Darken Background</description>
				<posx>0</posx>
				<posy>0</posy>
				<width>1000</width>
				<height>665</height>
				<texture colordiffuse="D9000000" border="5">dialog_back_black.png</texture>
			</control>
			<control type="image">
				<description>Help Background</description>
				<posx>100</posx>
				<posy>100</posy>
				<width>800</width>
				<height>465</height>
				<texture border="5">dialog_back_black.png</texture>
			</control>
			<control type="group" id="510">
				<include>Window_OpenClose_Animation_Zoom</include>
				<posx>415</posx>
				<posy>460</posy>
				<include>VisibleFadeEffect</include>
				<control type="button" id="5016">
					<description>Ok</description>
					<posx>0</posx>
					<posy>0</posy>
					<width>200</width>
					<height>65</height>
					<label>$LOCALIZE[31001]</label>
					<align>center</align>
					<aligny>center</aligny>
					<font>font30_title</font>
					<textcolor>$VAR[CustomColorNofocus]</textcolor>	
					<focusedcolor>$VAR[CustomColorFocus]</focusedcolor>	
					<texturefocus colordiffuse="$VAR[CustomColorFocus]">button_outline.png</texturefocus>
					<texturenofocus colordiffuse="$VAR[CustomColorNofocus]">button_outline.png</texturenofocus>
					<onclick>Skin.Reset(ShowRelaycontrolHelp)</onclick>
					<onup></onup>
					<onright></onright>
					<ondown></ondown>
				</control>
			</control>
			<control type="label">
				<description>Helptext</description>
				<posx>150</posx>
				<posy>130</posy>
				<height>300</height>
				<width>700</width>
				<align>left</align>
				<aligny>top</aligny>
				<font>font24_title</font>
				<textcolor>FFFFFFFF</textcolor>	
				<label>$LOCALIZE[40187]</label>
				<wrapmultiline>true</wrapmultiline>
			</control>

		</control>

	</controls>

</window>
