<includes>
	<variable name="StationLabel1">
	    <value condition="Skin.HasSetting(ListRadioStation)">$INFO[Window(Home).Property(Radio.Station1b)]</value>
	    <value condition="!Skin.HasSetting(ListRadioStation)">$INFO[Window(Home).Property(Radio.Station1)]</value>
	    <value>- - -</value>
	</variable>
	<variable name="StationLabel2">
	    <value condition="Skin.HasSetting(ListRadioStation)">$INFO[Window(Home).Property(Radio.Station2b)]</value>
	    <value condition="!Skin.HasSetting(ListRadioStation)">$INFO[Window(Home).Property(Radio.Station2)]</value>
	    <value>- - -</value>
	</variable>
	<variable name="StationLabel3">
	    <value condition="Skin.HasSetting(ListRadioStation)">$INFO[Window(Home).Property(Radio.Station3b)]</value>
	    <value condition="!Skin.HasSetting(ListRadioStation)">$INFO[Window(Home).Property(Radio.Station3)]</value>
	    <value>- - -</value>
	</variable>
	<variable name="StationLabel4">
	    <value condition="Skin.HasSetting(ListRadioStation)">$INFO[Window(Home).Property(Radio.Station4b)]</value>
	    <value condition="!Skin.HasSetting(ListRadioStation)">$INFO[Window(Home).Property(Radio.Station4)]</value>
	    <value>- - -</value>
	</variable>
	<variable name="StationLabel5">
	    <value condition="Skin.HasSetting(ListRadioStation)">$INFO[Window(Home).Property(Radio.Station5b)]</value>
	    <value condition="!Skin.HasSetting(ListRadioStation)">$INFO[Window(Home).Property(Radio.Station5)]</value>
	    <value>- - -</value>
	</variable>
	<variable name="StationLabel6">
	    <value condition="Skin.HasSetting(ListRadioStation)">$INFO[Window(Home).Property(Radio.Station6b)]</value>
	    <value condition="!Skin.HasSetting(ListRadioStation)">$INFO[Window(Home).Property(Radio.Station6)]</value>
	    <value>- - -</value>
	</variable>
	<variable name="StationLabel7">
	    <value condition="Skin.HasSetting(ListRadioStation)">$INFO[Window(Home).Property(Radio.Station7b)]</value>
	    <value condition="!Skin.HasSetting(ListRadioStation)">$INFO[Window(Home).Property(Radio.Station7)]</value>
	    <value>- - -</value>
	</variable>
	<variable name="StationLabel8">
	    <value condition="Skin.HasSetting(ListRadioStation)">$INFO[Window(Home).Property(Radio.Station8b)]</value>
	    <value condition="!Skin.HasSetting(ListRadioStation)">$INFO[Window(Home).Property(Radio.Station8)]</value>
	    <value>- - -</value>
	</variable>
	<variable name="StationLabel9">
	    <value condition="Skin.HasSetting(ListRadioStation)">$INFO[Window(Home).Property(Radio.Station9b)]</value>
	    <value condition="!Skin.HasSetting(ListRadioStation)">$INFO[Window(Home).Property(Radio.Station9)]</value>
	    <value>- - -</value>
	</variable>

	<variable name="ModeColorSeek">
	    <value condition="String.IsEqual(Window(Home).Property(Controller.Seek),0)">selected</value>
	    <value condition="String.IsEqual(Window(Home).Property(Controller.Seek),1)">white</value>
	    <value>selected</value>
	</variable>

	<variable name="ModeColorTune">
	    <value condition="String.IsEqual(Window(Home).Property(Controller.Seek),1)">selected</value>
	    <value condition="String.IsEqual(Window(Home).Property(Controller.Seek),0)">white</value>
	    <value>white</value>
	</variable>

	<include name="StationButtonBG">
		<control type="group">
			<posx>65</posx>
			<posy>211</posy>
			<visible>true</visible>
			<control type="image">
				<description>Button BG</description>
				<posx>0</posx>
				<posy>0</posy>
				<width>374</width>
				<height>102</height>
				<texture colordiffuse="$VAR[RadioBGColor]">$INFO[Skin.String(RadioBGTransparency)]</texture>
			</control>
		</control>
		<control type="group">
			<posx>65</posx>
			<posy>324</posy>
			<visible>true</visible>
			<control type="image">
				<description>Button BG</description>
				<posx>0</posx>
				<posy>0</posy>
				<width>374</width>
				<height>102</height>
				<texture colordiffuse="$INFO[Skin.String(RadioBGColor)]">$INFO[Skin.String(RadioBGTransparency)]</texture>
			</control>
		</control>
		<control type="group">
			<posx>65</posx>
			<posy>437</posy>
			<visible>true</visible>
			<control type="image">
				<description>Button BG</description>
				<posx>0</posx>
				<posy>0</posy>
				<width>374</width>
				<height>102</height>
				<texture colordiffuse="$INFO[Skin.String(RadioBGColor)]">$INFO[Skin.String(RadioBGTransparency)]</texture>
			</control>
		</control>
		<control type="group">
			<posx>452</posx>
			<posy>211</posy>
			<visible>true</visible>
			<control type="image">
				<description>Button BG</description>
				<posx>0</posx>
				<posy>0</posy>
				<width>374</width>
				<height>102</height>
				<texture colordiffuse="$INFO[Skin.String(RadioBGColor)]">$INFO[Skin.String(RadioBGTransparency)]</texture>
			</control>
		</control>
		<control type="group">
			<posx>452</posx>
			<posy>324</posy>
			<visible>true</visible>
			<control type="image">
				<description>Button BG</description>
				<posx>0</posx>
				<posy>0</posy>
				<width>374</width>
				<height>102</height>
				<texture colordiffuse="$INFO[Skin.String(RadioBGColor)]">$INFO[Skin.String(RadioBGTransparency)]</texture>
			</control>
		</control>
		<control type="group">
			<posx>452</posx>
			<posy>437</posy>
			<visible>true</visible>
			<control type="image">
				<description>Button BG</description>
				<posx>0</posx>
				<posy>0</posy>
				<width>374</width>
				<height>102</height>
				<texture colordiffuse="$INFO[Skin.String(RadioBGColor)]">$INFO[Skin.String(RadioBGTransparency)]</texture>
			</control>
		</control>
		<control type="group">
			<posx>838</posx>
			<posy>211</posy>
			<visible>true</visible>
			<control type="image">
				<description>Button BG</description>
				<posx>0</posx>
				<posy>0</posy>
				<width>374</width>
				<height>102</height>
				<texture colordiffuse="$INFO[Skin.String(RadioBGColor)]">$INFO[Skin.String(RadioBGTransparency)]</texture>
			</control>
		</control>
		<control type="group">
			<posx>838</posx>
			<posy>324</posy>
			<visible>true</visible>
			<control type="image">
				<description>Button BG</description>
				<posx>0</posx>
				<posy>0</posy>
				<width>374</width>
				<height>102</height>
				<texture colordiffuse="$INFO[Skin.String(RadioBGColor)]">$INFO[Skin.String(RadioBGTransparency)]</texture>
			</control>
		</control>
		<control type="group">
			<posx>838</posx>
			<posy>437</posy>
			<visible>true</visible>
			<control type="image">
				<description>Button BG</description>
				<posx>0</posx>
				<posy>0</posy>
				<width>374</width>
				<height>102</height>
				<texture colordiffuse="$INFO[Skin.String(RadioBGColor)]">$INFO[Skin.String(RadioBGTransparency)]</texture>
			</control>
		</control>
	</include>

	<include name="StationCenter">	
		<control type="group">
			<include>Window_OpenClose_Animation_Zoom</include>
			<control type="image">
				<description>Display Background wide</description>
				<posx>281</posx>
				<posy>0</posy>
				<width>716</width>
				<height>193</height>
				<texture colordiffuse="$INFO[Skin.String(RadioDisplayColor)]">textures_radio/radio_top2-bg.png</texture>
			</control>
			<control type="image">
				<description>Separator horizontal</description>
				<posx>289</posx>
				<posy>103</posy>
				<width>92</width>
				<height>4</height>
				<texture>textures_radio/radio_separator-h.png</texture>
			</control>
			<control type="image">
				<description>Separator horizontal</description>
				<posx>897</posx>
				<posy>103</posy>
				<width>92</width>
				<height>4</height>
				<texture>textures_radio/radio_separator-h.png</texture>
			</control>
			<control type="image">
				<description>Display Background center</description>
				<posx>380</posx>
				<posy>0</posy>
				<width>518</width>
				<height>193</height>
				<texture colordiffuse="$INFO[Skin.String(RadioDisplayColor)]">$INFO[Skin.String(RadioDisplayTransparency)]</texture>
			</control>
			<control type="image">
				<description>Display Background reflection</description>
				<posx>380</posx>
				<posy>0</posy>
				<width>518</width>
				<height>77</height>
				<texture colordiffuse="70FFFFFF">textures_radio/radio_top-reflex.png</texture>
			</control>
<!-- Logo -->
			<control type="image">
				<description>Station Logo</description>
				<include>VisibleFadeEffect</include>
				<posx>400</posx>
				<posy>20</posy>
				<width>151</width>
				<height>151</height>
				<texture>$INFO[Window(Home).Property(Radio.StationLogo)]</texture>
				<visible>String.IsEqual(Window(Home).Property(Radio.Active),true) + String.IsEqual(Window(Home).Property(Radio.Logo),true)</visible>
			</control>
			<control type="image">
				<description>Radio Logo</description>
				<include>VisibleFadeEffect</include>
				<posx>400</posx>
				<posy>20</posy>
				<width>151</width>
				<height>151</height>
				<texture>textures_radio/radio_common_logo.png</texture>
				<visible>String.IsEqual(Window(Home).Property(Radio.Active),true) + !String.IsEqual(Window(Home).Property(Radio.Logo),true)</visible>
			</control>
<!-- Buttons Seek/Tune -->
			<control type="button" id="8020">
				<description>Button Seek left</description>
				<posx>281</posx>
				<posy>0</posy>
				<width>99</width>
				<height>103</height>
				<texturenofocus colordiffuse="$VAR[CustomColorNofocus]">textures_radio/radio_seek-left.png</texturenofocus>
				<texturefocus colordiffuse="$VAR[CustomColorFocus]">textures_radio/radio_seek-left.png</texturefocus>
				<onclick>RunScript(service.radiofm,SEEK_DOWN)</onclick>
				<onup>Control.SetFocus(666)</onup>
				<ondown>8021</ondown>
				<onleft>Control.SetFocus(666)</onleft>
				<onright>8022</onright>
				</control>
			<control type="button" id="8021">
				<description>Button Tune left</description>
				<posx>281</posx>
				<posy>117</posy>
				<width>99</width>
				<height>66</height>
				<texturenofocus colordiffuse="$VAR[CustomColorNofocus]">textures_radio/radio_tune-left.png</texturenofocus>
				<texturefocus colordiffuse="$VAR[CustomColorFocus]">textures_radio/radio_tune-left.png</texturefocus>
				<onclick>RunScript(service.radiofm,TUNE_DOWN)</onclick>
				<onup>8020</onup>
				<ondown>8001</ondown>
				<onleft>Control.SetFocus(666)</onleft>
				<onright>8023</onright>
			</control>
			<control type="button" id="8022">
				<description>Button Seek right</description>
				<posx>898</posx>
				<posy>0</posy>
				<width>99</width>
				<height>103</height>
				<texturenofocus colordiffuse="$VAR[CustomColorNofocus]">textures_radio/radio_seek-right.png</texturenofocus>
				<texturefocus colordiffuse="$VAR[CustomColorFocus]">textures_radio/radio_seek-right.png</texturefocus>
				<onclick>RunScript(service.radiofm,SEEK_UP)</onclick>
				<onup>Control.SetFocus(666)</onup>
				<ondown>8023</ondown>
				<onleft>8020</onleft>
				<onright></onright>
			</control>
			<control type="button" id="8023">
				<description>Button Tune right</description>
				<posx>898</posx>
				<posy>117</posy>
				<width>99</width>
				<height>66</height>
				<texturenofocus colordiffuse="$VAR[CustomColorNofocus]">textures_radio/radio_tune-right.png</texturenofocus>
				<texturefocus colordiffuse="$VAR[CustomColorFocus]">textures_radio/radio_tune-right.png</texturefocus>
				<onclick>RunScript(service.radiofm,TUNE_UP)</onclick>
				<onup>8022</onup>
				<ondown>8001</ondown>
				<onleft>8021)</onleft>
				<onright></onright>
			</control>
		</control>
	</include>
	
	<include name="StationButton1">
		<control type="group">
			<posx>65</posx>
			<posy>211</posy>
			<visible>true</visible>
			<control type="button" id="8001">
				<description>Button 1</description>
				<posx>0</posx>
				<posy>0</posy>
				<width>374</width>
				<height>102</height>
				<font>font30_title</font>
                <textcolor>$VAR[CustomColorNofocus]</textcolor>
				<focusedcolor>$VAR[CustomColorFocus]</focusedcolor>
				<label>$VAR[StationLabel1]</label>
				<align>center</align>
				<aligny>center</aligny>
	            <texturenofocus colordiffuse="$VAR[StationbuttonsOutlineColor]">textures_radio/radio_list_outline.png</texturenofocus>
                <texturefocus colordiffuse="$VAR[CustomColorFocus]" border="5">textures_radio/radio_list_outline.png</texturefocus>
				<onclick condition="Skin.HasSetting(DeleteRadioStation) + Skin.HasSetting(SaveRadioStation)">RunScript(service.radiofm,STATION1)</onclick>
				<onclick condition="!Skin.HasSetting(SaveRadioStation) + !Skin.HasSetting(ListRadioStation)">SetProperty(Radio.Station1, $INFO[Window(Home).Property(Radio.Frequency)] - $INFO[Window(Home).Property(Radio.StationName)],10000)</onclick>
				<onclick condition="!Skin.HasSetting(SaveRadioStation) + Skin.HasSetting(ListRadioStation)">SetProperty(Radio.Station1b, $INFO[Window(Home).Property(Radio.Frequency)] - $INFO[Window(Home).Property(Radio.StationName)],10000)</onclick>
				<onclick condition="!Skin.HasSetting(DeleteRadioStation) + !Skin.HasSetting(ListRadioStation)">SetProperty(Radio.Station1,- - -,10000)</onclick>
				<onclick condition="!Skin.HasSetting(DeleteRadioStation) + Skin.HasSetting(ListRadioStation)">SetProperty(Radio.Station1b,- - -,10000)</onclick>
				<onclick condition="!Skin.HasSetting(DeleteRadioStation)">Skin.ToggleSetting(DeleteRadioStation)</onclick>
				<onclick condition="!Skin.HasSetting(SaveRadioStation)">Skin.ToggleSetting(SaveRadioStation)</onclick>
				<onclick>SetFocus(3999)</onclick>
				<onup>8020</onup>
				<ondown>8002</ondown>
				<onright>8004</onright>
			</control>
			<control type="image">
				<description>current playing</description>
				<include>VisibleFadeEffect</include>
				<visible>String.IsEqual(Window(Home).Property(Radio.Active),true)</visible>
				<visible>Skin.HasSetting(SaveRadioStation) + Skin.HasSetting(DeleteRadioStation)</visible>
				<visible>[!Skin.HasSetting(ListRadioStation) + String.IsEqual(Window(Home).Property(Radio.CurrentStation),1)] | [Skin.HasSetting(ListRadioStation) + String.IsEqual(Window(Home).Property(Radio.CurrentStation),9)]</visible>
				<posx>5</posx>
				<posy>5</posy>
				<width>364</width>
				<height>92</height>
				<align>center</align>
				<aligny>center</aligny>
				<texture>textures_radio/radio_active.png</texture>
			</control>
			<control type="image">
				<description>Delete</description>
				<include>VisibleFadeEffect</include>
				<visible>!Skin.HasSetting(DeleteRadioStation)</visible>
				<posx>20</posx>
				<posy>36</posy>
				<width>30</width>
				<height>30</height>
				<texture colordiffuse="$VAR[CustomColorFocus]">textures_radio/radio_store_minus.png</texture>
			</control>
			<control type="image">
				<description>Save</description>
				<include>VisibleFadeEffect</include>
				<visible>!Skin.HasSetting(SaveRadioStation)</visible>
				<posx>20</posx>
				<posy>36</posy>
				<width>30</width>
				<height>30</height>
				<texture colordiffuse="$VAR[CustomColorFocus]">textures_radio/radio_store_plus.png</texture>
			</control>
		</control>
	</include>

	<include name="StationButton2">
		<control type="group">
			<posx>65</posx>
			<posy>324</posy>
			<control type="button" id="8002">
				<description>Button 2</description>
				<posx>0</posx>
				<posy>0</posy>
				<width>374</width>
				<height>102</height>
				<font>font30_title</font>
                <textcolor>$VAR[CustomColorNofocus]</textcolor>
				<focusedcolor>$VAR[CustomColorFocus]</focusedcolor>
				<label>$VAR[StationLabel2]</label>
				<align>center</align>
				<aligny>center</aligny>
	            <texturenofocus colordiffuse="$VAR[StationbuttonsOutlineColor]">textures_radio/radio_list_outline.png</texturenofocus>
                <texturefocus colordiffuse="$VAR[CustomColorFocus]" border="5">textures_radio/radio_list_outline.png</texturefocus>
				<onclick condition="Skin.HasSetting(DeleteRadioStation) + Skin.HasSetting(SaveRadioStation)">RunScript(service.radiofm,STATION2)</onclick>
				<onclick condition="!Skin.HasSetting(SaveRadioStation) + !Skin.HasSetting(ListRadioStation)">SetProperty(Radio.Station2, $INFO[Window(Home).Property(Radio.Frequency)] - $INFO[Window(Home).Property(Radio.StationName)],10000)</onclick>
				<onclick condition="!Skin.HasSetting(SaveRadioStation) + Skin.HasSetting(ListRadioStation)">SetProperty(Radio.Station2b, $INFO[Window(Home).Property(Radio.Frequency)] - $INFO[Window(Home).Property(Radio.StationName)],10000)</onclick>
				<onclick condition="!Skin.HasSetting(DeleteRadioStation) + !Skin.HasSetting(ListRadioStation)">SetProperty(Radio.Station2,- - -,10000)</onclick>
				<onclick condition="!Skin.HasSetting(DeleteRadioStation) + Skin.HasSetting(ListRadioStation)">SetProperty(Radio.Station2b,- - -,10000)</onclick>
				<onclick condition="!Skin.HasSetting(DeleteRadioStation)">Skin.ToggleSetting(DeleteRadioStation)</onclick>
				<onclick condition="!Skin.HasSetting(SaveRadioStation)">Skin.ToggleSetting(SaveRadioStation)</onclick>
				<onclick>SetFocus(3999)</onclick>
				<onup>8001</onup>
				<ondown>8003</ondown>
				<onright>8005</onright>
			</control>
			<control type="image">
				<description>current playing</description>
				<include>VisibleFadeEffect</include>
				<visible>String.IsEqual(Window(Home).Property(Radio.Active),true)</visible>
				<visible>Skin.HasSetting(SaveRadioStation) + Skin.HasSetting(DeleteRadioStation)</visible>
				<visible>[!Skin.HasSetting(ListRadioStation) + String.IsEqual(Window(Home).Property(Radio.CurrentStation),2)] | [Skin.HasSetting(ListRadioStation) + String.IsEqual(Window(Home).Property(Radio.CurrentStation),10)]</visible>
				<posx>5</posx>
				<posy>5</posy>
				<width>364</width>
				<height>92</height>
				<align>center</align>
				<aligny>center</aligny>
				<texture>textures_radio/radio_active.png</texture>
			</control>
			<control type="image">
				<description>Delete</description>
				<include>VisibleFadeEffect</include>
				<visible>!Skin.HasSetting(DeleteRadioStation)</visible>
				<posx>20</posx>
				<posy>36</posy>
				<width>30</width>
				<height>30</height>
				<texture colordiffuse="$VAR[CustomColorFocus]">textures_radio/radio_store_minus.png</texture>
			</control>
			<control type="image">
				<description>Save</description>
				<include>VisibleFadeEffect</include>
				<visible>!Skin.HasSetting(SaveRadioStation)</visible>
				<posx>20</posx>
				<posy>36</posy>
				<width>30</width>
				<height>30</height>
				<texture colordiffuse="$VAR[CustomColorFocus]">textures_radio/radio_store_plus.png</texture>
			</control>
		</control>
	</include>

	<include name="StationButton3">
		<control type="group">
			<posx>65</posx>
			<posy>437</posy>
			<control type="button" id="8003">
				<description>Button 3</description>
				<posx>0</posx>
				<posy>0</posy>
				<width>374</width>
				<height>102</height>
				<font>font30_title</font>
                <textcolor>$VAR[CustomColorNofocus]</textcolor>
				<focusedcolor>$VAR[CustomColorFocus]</focusedcolor>
				<label>$VAR[StationLabel3]</label>
				<align>center</align>
				<aligny>center</aligny>
	            <texturenofocus colordiffuse="$VAR[StationbuttonsOutlineColor]">textures_radio/radio_list_outline.png</texturenofocus>
                <texturefocus colordiffuse="$VAR[CustomColorFocus]" border="5">textures_radio/radio_list_outline.png</texturefocus>
				<onclick condition="Skin.HasSetting(DeleteRadioStation) + Skin.HasSetting(SaveRadioStation)">RunScript(service.radiofm,STATION3)</onclick>
				<onclick condition="!Skin.HasSetting(SaveRadioStation) + !Skin.HasSetting(ListRadioStation)">SetProperty(Radio.Station3, $INFO[Window(Home).Property(Radio.Frequency)] - $INFO[Window(Home).Property(Radio.StationName)],10000)</onclick>
				<onclick condition="!Skin.HasSetting(SaveRadioStation) + Skin.HasSetting(ListRadioStation)">SetProperty(Radio.Station3b, $INFO[Window(Home).Property(Radio.Frequency)] - $INFO[Window(Home).Property(Radio.StationName)],10000)</onclick>
				<onclick condition="!Skin.HasSetting(DeleteRadioStation) + !Skin.HasSetting(ListRadioStation)">SetProperty(Radio.Station3,- - -,10000)</onclick>
				<onclick condition="!Skin.HasSetting(DeleteRadioStation) + Skin.HasSetting(ListRadioStation)">SetProperty(Radio.Station3b,- - -,10000)</onclick>
				<onclick condition="!Skin.HasSetting(DeleteRadioStation)">Skin.ToggleSetting(DeleteRadioStation)</onclick>
				<onclick condition="!Skin.HasSetting(SaveRadioStation)">Skin.ToggleSetting(SaveRadioStation)</onclick>
				<onclick>SetFocus(3999)</onclick>
				<onup>8002</onup>
				<ondown>8010</ondown>
				<onright>8006</onright>
			</control>
			<control type="image">
				<description>current playing</description>
				<include>VisibleFadeEffect</include>
				<visible>String.IsEqual(Window(Home).Property(Radio.Active),true)</visible>
				<visible>Skin.HasSetting(SaveRadioStation) + Skin.HasSetting(DeleteRadioStation)</visible>
				<visible>[!Skin.HasSetting(ListRadioStation) + String.IsEqual(Window(Home).Property(Radio.CurrentStation),3)] | [Skin.HasSetting(ListRadioStation) + String.IsEqual(Window(Home).Property(Radio.CurrentStation),11)]</visible>
				<posx>5</posx>
				<posy>5</posy>
				<width>364</width>
				<height>92</height>
				<align>center</align>
				<aligny>center</aligny>
				<texture>textures_radio/radio_active.png</texture>
			</control>
			<control type="image">
				<description>Delete</description>
				<include>VisibleFadeEffect</include>
				<visible>!Skin.HasSetting(DeleteRadioStation)</visible>
				<posx>20</posx>
				<posy>36</posy>
				<width>30</width>
				<height>30</height>
				<texture colordiffuse="$VAR[CustomColorFocus]">textures_radio/radio_store_minus.png</texture>
			</control>
			<control type="image">
				<description>Save</description>
				<include>VisibleFadeEffect</include>
				<visible>!Skin.HasSetting(SaveRadioStation)</visible>
				<posx>20</posx>
				<posy>36</posy>
				<width>30</width>
				<height>30</height>
				<texture colordiffuse="$VAR[CustomColorFocus]">textures_radio/radio_store_plus.png</texture>
			</control>
		</control>
	</include>

	<include name="StationButton4">
		<control type="group">
			<posx>452</posx>
			<posy>211</posy>
			<control type="button" id="8004">
				<description>Button 4</description>
				<posx>0</posx>
				<posy>0</posy>
				<width>374</width>
				<height>102</height>
				<font>font30_title</font>
                <textcolor>$VAR[CustomColorNofocus]</textcolor>
				<focusedcolor>$VAR[CustomColorFocus]</focusedcolor>
				<label>$VAR[StationLabel4]</label>
				<align>center</align>
				<aligny>center</aligny>
	            <texturenofocus colordiffuse="$VAR[StationbuttonsOutlineColor]">textures_radio/radio_list_outline.png</texturenofocus>
                <texturefocus colordiffuse="$VAR[CustomColorFocus]" border="5">textures_radio/radio_list_outline.png</texturefocus>
				<onclick condition="Skin.HasSetting(DeleteRadioStation) + Skin.HasSetting(SaveRadioStation)">RunScript(service.radiofm,STATION4)</onclick>
				<onclick condition="!Skin.HasSetting(SaveRadioStation) + !Skin.HasSetting(ListRadioStation)">SetProperty(Radio.Station4, $INFO[Window(Home).Property(Radio.Frequency)] - $INFO[Window(Home).Property(Radio.StationName)],10000)</onclick>
				<onclick condition="!Skin.HasSetting(SaveRadioStation) + Skin.HasSetting(ListRadioStation)">SetProperty(Radio.Station4b, $INFO[Window(Home).Property(Radio.Frequency)] - $INFO[Window(Home).Property(Radio.StationName)],10000)</onclick>
				<onclick condition="!Skin.HasSetting(DeleteRadioStation) + !Skin.HasSetting(ListRadioStation)">SetProperty(Radio.Station4,- - -,10000)</onclick>
				<onclick condition="!Skin.HasSetting(DeleteRadioStation) + Skin.HasSetting(ListRadioStation)">SetProperty(Radio.Station4b,- - -,10000)</onclick>
				<onclick condition="!Skin.HasSetting(DeleteRadioStation)">Skin.ToggleSetting(DeleteRadioStation)</onclick>
				<onclick condition="!Skin.HasSetting(SaveRadioStation)">Skin.ToggleSetting(SaveRadioStation)</onclick>
				<onclick>SetFocus(3999)</onclick>
				<onup>8003</onup>
				<ondown>8005</ondown>
				<onleft>8001</onleft>
				<onright>8007</onright>
			</control>
			<control type="image">
				<description>current playing</description>
				<include>VisibleFadeEffect</include>
				<visible>String.IsEqual(Window(Home).Property(Radio.Active),true)</visible>
				<visible>Skin.HasSetting(SaveRadioStation) + Skin.HasSetting(DeleteRadioStation)</visible>
				<visible>[!Skin.HasSetting(ListRadioStation) + String.IsEqual(Window(Home).Property(Radio.CurrentStation),4)] | [Skin.HasSetting(ListRadioStation) + String.IsEqual(Window(Home).Property(Radio.CurrentStation),12)]</visible>
				<posx>5</posx>
				<posy>5</posy>
				<width>364</width>
				<height>92</height>
				<align>center</align>
				<aligny>center</aligny>
				<texture>textures_radio/radio_active.png</texture>
			</control>
			<control type="image">
				<description>Delete</description>
				<include>VisibleFadeEffect</include>
				<visible>!Skin.HasSetting(DeleteRadioStation)</visible>
				<posx>20</posx>
				<posy>36</posy>
				<width>30</width>
				<height>30</height>
				<texture colordiffuse="$VAR[CustomColorFocus]">textures_radio/radio_store_minus.png</texture>
			</control>
			<control type="image">
				<description>Save</description>
				<include>VisibleFadeEffect</include>
				<visible>!Skin.HasSetting(SaveRadioStation)</visible>
				<posx>20</posx>
				<posy>36</posy>
				<width>30</width>
				<height>30</height>
				<texture colordiffuse="$VAR[CustomColorFocus]">textures_radio/radio_store_plus.png</texture>
			</control>
		</control>
	</include>

	<include name="StationButton5">
		<control type="group">
			<posx>452</posx>
			<posy>324</posy>
			<control type="button" id="8005">
				<description>Button 5</description>
				<posx>0</posx>
				<posy>0</posy>
				<width>374</width>
				<height>102</height>
				<font>font30_title</font>
                <textcolor>$VAR[CustomColorNofocus]</textcolor>
				<focusedcolor>$VAR[CustomColorFocus]</focusedcolor>
				<label>$VAR[StationLabel5]</label>
				<align>center</align>
				<aligny>center</aligny>
	            <texturenofocus colordiffuse="$VAR[StationbuttonsOutlineColor]">textures_radio/radio_list_outline.png</texturenofocus>
                <texturefocus colordiffuse="$VAR[CustomColorFocus]" border="5">textures_radio/radio_list_outline.png</texturefocus>
				<onclick condition="Skin.HasSetting(DeleteRadioStation) + Skin.HasSetting(SaveRadioStation)">RunScript(service.radiofm,STATION5)</onclick>
				<onclick condition="!Skin.HasSetting(SaveRadioStation) + !Skin.HasSetting(ListRadioStation)">SetProperty(Radio.Station5, $INFO[Window(Home).Property(Radio.Frequency)] - $INFO[Window(Home).Property(Radio.StationName)],10000)</onclick>
				<onclick condition="!Skin.HasSetting(SaveRadioStation) + Skin.HasSetting(ListRadioStation)">SetProperty(Radio.Station5b, $INFO[Window(Home).Property(Radio.Frequency)] - $INFO[Window(Home).Property(Radio.StationName)],10000)</onclick>
				<onclick condition="!Skin.HasSetting(DeleteRadioStation) + !Skin.HasSetting(ListRadioStation)">SetProperty(Radio.Station5,- - -,10000)</onclick>
				<onclick condition="!Skin.HasSetting(DeleteRadioStation) + Skin.HasSetting(ListRadioStation)">SetProperty(Radio.Station5b,- - -,10000)</onclick>
				<onclick condition="!Skin.HasSetting(DeleteRadioStation)">Skin.ToggleSetting(DeleteRadioStation)</onclick>
				<onclick condition="!Skin.HasSetting(SaveRadioStation)">Skin.ToggleSetting(SaveRadioStation)</onclick>
				<onclick>SetFocus(3999)</onclick>
				<onup>8004</onup>
				<ondown>8006</ondown>
				<onleft>8002</onleft>
				<onright>8008</onright>
			</control>
			<control type="image">
				<description>current playing</description>
				<include>VisibleFadeEffect</include>
				<visible>String.IsEqual(Window(Home).Property(Radio.Active),true)</visible>
				<visible>Skin.HasSetting(SaveRadioStation) + Skin.HasSetting(DeleteRadioStation)</visible>
				<visible>[!Skin.HasSetting(ListRadioStation) + String.IsEqual(Window(Home).Property(Radio.CurrentStation),5)] | [Skin.HasSetting(ListRadioStation) + String.IsEqual(Window(Home).Property(Radio.CurrentStation),13)]</visible>
				<posx>5</posx>
				<posy>5</posy>
				<width>364</width>
				<height>92</height>
				<align>center</align>
				<aligny>center</aligny>
				<texture>textures_radio/radio_active.png</texture>
			</control>
			<control type="image">
				<description>Delete</description>
				<include>VisibleFadeEffect</include>
				<visible>!Skin.HasSetting(DeleteRadioStation)</visible>
				<posx>20</posx>
				<posy>36</posy>
				<width>30</width>
				<height>30</height>
				<texture colordiffuse="$VAR[CustomColorFocus]">textures_radio/radio_store_minus.png</texture>
			</control>
			<control type="image">
				<description>Save</description>
				<include>VisibleFadeEffect</include>
				<visible>!Skin.HasSetting(SaveRadioStation)</visible>
				<posx>20</posx>
				<posy>36</posy>
				<width>30</width>
				<height>30</height>
				<texture colordiffuse="$VAR[CustomColorFocus]">textures_radio/radio_store_plus.png</texture>
			</control>
		</control>
	</include>

	<include name="StationButton6">
		<control type="group">
			<posx>452</posx>
			<posy>437</posy>
			<control type="button" id="8006">
				<description>Button 6</description>
				<posx>0</posx>
				<posy>0</posy>
				<width>374</width>
				<height>102</height>
				<font>font30_title</font>
                <textcolor>$VAR[CustomColorNofocus]</textcolor>
				<focusedcolor>$VAR[CustomColorFocus]</focusedcolor>
				<label>$VAR[StationLabel6]</label>
				<align>center</align>
				<aligny>center</aligny>
	            <texturenofocus colordiffuse="$VAR[StationbuttonsOutlineColor]">textures_radio/radio_list_outline.png</texturenofocus>
                <texturefocus colordiffuse="$VAR[CustomColorFocus]" border="5">textures_radio/radio_list_outline.png</texturefocus>
				<onclick condition="Skin.HasSetting(DeleteRadioStation) + Skin.HasSetting(SaveRadioStation)">RunScript(service.radiofm,STATION6)</onclick>
				<onclick condition="!Skin.HasSetting(SaveRadioStation) + !Skin.HasSetting(ListRadioStation)">SetProperty(Radio.Station6, $INFO[Window(Home).Property(Radio.Frequency)] - $INFO[Window(Home).Property(Radio.StationName)],10000)</onclick>
				<onclick condition="!Skin.HasSetting(SaveRadioStation) + Skin.HasSetting(ListRadioStation)">SetProperty(Radio.Station6b, $INFO[Window(Home).Property(Radio.Frequency)] - $INFO[Window(Home).Property(Radio.StationName)],10000)</onclick>
				<onclick condition="!Skin.HasSetting(DeleteRadioStation) + !Skin.HasSetting(ListRadioStation)">SetProperty(Radio.Station6,- - -,10000)</onclick>
				<onclick condition="!Skin.HasSetting(DeleteRadioStation) + Skin.HasSetting(ListRadioStation)">SetProperty(Radio.Station6b,- - -,10000)</onclick>
				<onclick condition="!Skin.HasSetting(DeleteRadioStation)">Skin.ToggleSetting(DeleteRadioStation)</onclick>
				<onclick condition="!Skin.HasSetting(SaveRadioStation)">Skin.ToggleSetting(SaveRadioStation)</onclick>
				<onclick>SetFocus(3999)</onclick>
				<onup>8005</onup>
				<ondown>8010</ondown>
				<onleft>8003</onleft>
				<onright>8009</onright>
			</control>
			<control type="image">
				<description>current playing</description>
				<include>VisibleFadeEffect</include>
				<visible>String.IsEqual(Window(Home).Property(Radio.Active),true)</visible>
				<visible>Skin.HasSetting(SaveRadioStation) + Skin.HasSetting(DeleteRadioStation)</visible>
				<visible>[!Skin.HasSetting(ListRadioStation) + String.IsEqual(Window(Home).Property(Radio.CurrentStation),6)] | [Skin.HasSetting(ListRadioStation) + String.IsEqual(Window(Home).Property(Radio.CurrentStation),14)]</visible>
				<posx>5</posx>
				<posy>5</posy>
				<width>364</width>
				<height>92</height>
				<align>center</align>
				<aligny>center</aligny>
				<texture>textures_radio/radio_active.png</texture>
			</control>
			<control type="image">
				<description>Delete</description>
				<include>VisibleFadeEffect</include>
				<visible>!Skin.HasSetting(DeleteRadioStation)</visible>
				<posx>20</posx>
				<posy>36</posy>
				<width>30</width>
				<height>30</height>
				<texture colordiffuse="$VAR[CustomColorFocus]">textures_radio/radio_store_minus.png</texture>
			</control>
			<control type="image">
				<description>Save</description>
				<include>VisibleFadeEffect</include>
				<visible>!Skin.HasSetting(SaveRadioStation)</visible>
				<posx>20</posx>
				<posy>36</posy>
				<width>30</width>
				<height>30</height>
				<texture colordiffuse="$VAR[CustomColorFocus]">textures_radio/radio_store_plus.png</texture>
			</control>
		</control>
	</include>
	
	<include name="StationButton7">
		<control type="group">
			<posx>838</posx>
			<posy>211</posy>
			<control type="button" id="8007">
				<description>Button 7</description>
				<posx>0</posx>
				<posy>0</posy>
				<width>374</width>
				<height>102</height>
				<font>font30_title</font>
                <textcolor>$VAR[CustomColorNofocus]</textcolor>
				<focusedcolor>$VAR[CustomColorFocus]</focusedcolor>
				<label>$VAR[StationLabel7]</label>
				<align>center</align>
				<aligny>center</aligny>
	            <texturenofocus colordiffuse="$VAR[StationbuttonsOutlineColor]">textures_radio/radio_list_outline.png</texturenofocus>
                <texturefocus colordiffuse="$VAR[CustomColorFocus]" border="5">textures_radio/radio_list_outline.png</texturefocus>
				<onclick condition="Skin.HasSetting(DeleteRadioStation) + Skin.HasSetting(SaveRadioStation)">RunScript(service.radiofm,STATION7)</onclick>
				<onclick condition="!Skin.HasSetting(SaveRadioStation) + !Skin.HasSetting(ListRadioStation)">SetProperty(Radio.Station7, $INFO[Window(Home).Property(Radio.Frequency)] - $INFO[Window(Home).Property(Radio.StationName)],10000)</onclick>
				<onclick condition="!Skin.HasSetting(SaveRadioStation) + Skin.HasSetting(ListRadioStation)">SetProperty(Radio.Station7b, $INFO[Window(Home).Property(Radio.Frequency)] - $INFO[Window(Home).Property(Radio.StationName)],10000)</onclick>
				<onclick condition="!Skin.HasSetting(DeleteRadioStation) + !Skin.HasSetting(ListRadioStation)">SetProperty(Radio.Station7,- - -,10000)</onclick>
				<onclick condition="!Skin.HasSetting(DeleteRadioStation) + Skin.HasSetting(ListRadioStation)">SetProperty(Radio.Station7b,- - -,10000)</onclick>
				<onclick condition="!Skin.HasSetting(DeleteRadioStation)">Skin.ToggleSetting(DeleteRadioStation)</onclick>
				<onclick condition="!Skin.HasSetting(SaveRadioStation)">Skin.ToggleSetting(SaveRadioStation)</onclick>
				<onclick>SetFocus(3999)</onclick>
				<onup>8006</onup>
				<ondown>8008</ondown>
				<onleft>8004</onleft>
			</control>
			<control type="image">
				<description>current playing</description>
				<include>VisibleFadeEffect</include>
				<visible>String.IsEqual(Window(Home).Property(Radio.Active),true)</visible>
				<visible>Skin.HasSetting(SaveRadioStation) + Skin.HasSetting(DeleteRadioStation)</visible>
				<visible>[!Skin.HasSetting(ListRadioStation) + String.IsEqual(Window(Home).Property(Radio.CurrentStation),7)] | [Skin.HasSetting(ListRadioStation) + String.IsEqual(Window(Home).Property(Radio.CurrentStation),15)]</visible>
				<posx>5</posx>
				<posy>5</posy>
				<width>364</width>
				<height>92</height>
				<align>center</align>
				<aligny>center</aligny>
				<texture>textures_radio/radio_active.png</texture>
			</control>
			<control type="image">
				<description>Delete</description>
				<include>VisibleFadeEffect</include>
				<visible>!Skin.HasSetting(DeleteRadioStation)</visible>
				<posx>20</posx>
				<posy>36</posy>
				<width>30</width>
				<height>30</height>
				<texture colordiffuse="$VAR[CustomColorFocus]">textures_radio/radio_store_minus.png</texture>
			</control>
			<control type="image">
				<description>Save</description>
				<include>VisibleFadeEffect</include>
				<visible>!Skin.HasSetting(SaveRadioStation)</visible>
				<posx>20</posx>
				<posy>36</posy>
				<width>30</width>
				<height>30</height>
				<texture colordiffuse="$VAR[CustomColorFocus]">textures_radio/radio_store_plus.png</texture>
			</control>
		</control>
	</include>
	
	<include name="StationButton8">
		<control type="group">
			<posx>838</posx>
			<posy>324</posy>
			<control type="button" id="8008">
				<description>Button 8</description>
				<posx>0</posx>
				<posy>0</posy>
				<width>374</width>
				<height>102</height>
				<font>font30_title</font>
                <textcolor>$VAR[CustomColorNofocus]</textcolor>
				<focusedcolor>$VAR[CustomColorFocus]</focusedcolor>
				<label>$VAR[StationLabel8]</label>
				<align>center</align>
				<aligny>center</aligny>
	            <texturenofocus colordiffuse="$VAR[StationbuttonsOutlineColor]">textures_radio/radio_list_outline.png</texturenofocus>
                <texturefocus colordiffuse="$VAR[CustomColorFocus]" border="5">textures_radio/radio_list_outline.png</texturefocus>
				<onclick condition="Skin.HasSetting(DeleteRadioStation) + Skin.HasSetting(SaveRadioStation)">RunScript(service.radiofm,STATION8)</onclick>
				<onclick condition="!Skin.HasSetting(SaveRadioStation) + !Skin.HasSetting(ListRadioStation)">SetProperty(Radio.Station8, $INFO[Window(Home).Property(Radio.Frequency)] - $INFO[Window(Home).Property(Radio.StationName)],10000)</onclick>
				<onclick condition="!Skin.HasSetting(SaveRadioStation) + Skin.HasSetting(ListRadioStation)">SetProperty(Radio.Station8b, $INFO[Window(Home).Property(Radio.Frequency)] - $INFO[Window(Home).Property(Radio.StationName)],10000)</onclick>
				<onclick condition="!Skin.HasSetting(DeleteRadioStation) + !Skin.HasSetting(ListRadioStation)">SetProperty(Radio.Station8,- - -,10000)</onclick>
				<onclick condition="!Skin.HasSetting(DeleteRadioStation) + Skin.HasSetting(ListRadioStation)">SetProperty(Radio.Station8b,- - -,10000)</onclick>
				<onclick condition="!Skin.HasSetting(DeleteRadioStation)">Skin.ToggleSetting(DeleteRadioStation)</onclick>
				<onclick condition="!Skin.HasSetting(SaveRadioStation)">Skin.ToggleSetting(SaveRadioStation)</onclick>
				<onclick>SetFocus(3999)</onclick>
				<onup>8007</onup>
				<ondown>8009</ondown>
				<onleft>8005</onleft>
			</control>
			<control type="image">
				<description>current playing</description>
				<include>VisibleFadeEffect</include>
				<visible>String.IsEqual(Window(Home).Property(Radio.Active),true)</visible>
				<visible>Skin.HasSetting(SaveRadioStation) + Skin.HasSetting(DeleteRadioStation)</visible>
				<visible>[!Skin.HasSetting(ListRadioStation) + String.IsEqual(Window(Home).Property(Radio.CurrentStation),8)] | [Skin.HasSetting(ListRadioStation) + String.IsEqual(Window(Home).Property(Radio.CurrentStation),16)]</visible>
				<posx>5</posx>
				<posy>5</posy>
				<width>364</width>
				<height>92</height>
				<align>center</align>
				<aligny>center</aligny>
				<texture colordiffuse="selected">textures_radio/radio_list_outline.png</texture>
			</control>
			<control type="image">
				<description>Delete</description>
				<include>VisibleFadeEffect</include>
				<visible>!Skin.HasSetting(DeleteRadioStation)</visible>
				<posx>20</posx>
				<posy>36</posy>
				<width>30</width>
				<height>30</height>
				<texture colordiffuse="$VAR[CustomColorFocus]">textures_radio/radio_store_minus.png</texture>
			</control>
			<control type="image">
				<description>Save</description>
				<include>VisibleFadeEffect</include>
				<visible>!Skin.HasSetting(SaveRadioStation)</visible>
				<posx>20</posx>
				<posy>36</posy>
				<width>30</width>
				<height>30</height>
				<texture colordiffuse="$VAR[CustomColorFocus]">textures_radio/radio_store_plus.png</texture>
			</control>
		</control>
	</include>

	<include name="StationButton9">
		<control type="group">
			<posx>838</posx>
			<posy>437</posy>
			<control type="togglebutton" id="8009">
				<description>Button 9</description>
				<posx>0</posx>
				<posy>0</posy>
				<width>374</width>
				<height>102</height>
				<font>font30_title</font>
                <textcolor>$VAR[CustomColorNofocus]</textcolor>
				<focusedcolor>$VAR[CustomColorFocus]</focusedcolor>
<!--			<label>>> $LOCALIZE[40100]</label>
      			<altlabel>>> $LOCALIZE[40101]</altlabel> -->
				<align>center</align>
				<aligny>center</aligny>
	            <texturenofocus colordiffuse="$VAR[CustomColorNofocus]">textures_radio/radio_list1.png</texturenofocus>
                <texturefocus colordiffuse="$VAR[CustomColorFocus]" border="5">textures_radio/radio_list1.png</texturefocus>
	            <alttexturenofocus colordiffuse="$VAR[CustomColorNofocus]">textures_radio/radio_list2.png</alttexturenofocus>
                <alttexturefocus colordiffuse="$VAR[CustomColorFocus]" border="5">textures_radio/radio_list2.png</alttexturefocus>
				<usealttexture>Skin.HasSetting(ListRadioStation)</usealttexture>
				<onclick>Skin.ToggleSetting(ListRadioStation)</onclick>
				<onclick>Control.SetFocus(8001)</onclick>
				<onup>8008</onup>
				<ondown>8010</ondown>
				<onleft>8006</onleft>
			</control>
		</control>
	</include>

	<include name="RadioFMDisplay">
		<control type="group">
			<include>Window_OpenClose_Animation_Zoom</include>
			<include>VisibleFadeEffect</include>
			<posy>105r</posy>
			<visible>Window.IsVisible(1126) | [Window.IsVisible(Home) + String.IsEqual(Window(Home).Property(Radio.Active),true)]</visible>
			<control type="grouplist">
				<posx>0</posx>
				<posy>15</posy>
				<width>ScreenWidth</width>
				<height>80</height>
				<align>center</align>
				<orientation>horizontal</orientation>
				<itemgap>60</itemgap>
				<control type="button">
					<width>80</width>
					<height>80</height>
					<texturefocus colordiffuse="selected">osd_previous.png</texturefocus>
					<texturenofocus colordiffuse="$VAR[ModeColorSeek]">osd_previous.png</texturenofocus>
					<onclick>RunScript(service.radiofm,SEEK_DOWN)</onclick>
					<onclick>SetFocus(3999)</onclick>
				</control>
				<control type="button">
					<width>80</width>
					<height>80</height>
					<texturefocus colordiffuse="selected">osd_rewind.png</texturefocus>
					<texturenofocus colordiffuse="$VAR[ModeColorTune]">osd_rewind.png</texturenofocus>
					<onclick>RunScript(service.radiofm,TUNE_DOWN)</onclick>
					<onclick>SetFocus(3999)</onclick>
				</control>
				<control type="togglebutton">
					<visible>Window.IsVisible(1126)</visible>
					<width>80</width>
					<height>80</height>
					<texturefocus colordiffuse="selected">osd_radiodelete.png</texturefocus>
					<texturenofocus colordiffuse="grey">osd_radiodelete.png</texturenofocus>
					<alttexturefocus colordiffuse="selected">osd_radiodelete.png</alttexturefocus>
					<alttexturenofocus colordiffuse="grey">osd_radiodelete.png</alttexturenofocus>
					<usealttexture>Skin.HasSetting(ListRadioStation)</usealttexture>
					<onclick>Skin.ToggleSetting(DeleteRadioStation)</onclick>
					<onclick condition="!Skin.HasSetting(SaveRadioStation)">Skin.ToggleSetting(SaveRadioStation)</onclick>
					<onclick>SetFocus(3999)</onclick>
				</control>
				<control type="button">
					<visible>Window.IsVisible(1126)</visible>
					<width>80</width>
					<height>80</height>
					<texturefocus colordiffuse="selected">osd_volume.png</texturefocus>
					<texturenofocus>osd_volume.png</texturenofocus>
					<onclick>ActivateWindow(MusicOSD)</onclick>
					<onclick>SetFocus(3999)</onclick>
				</control>
				<control type="togglebutton">
					<visible>Window.IsVisible(1126)</visible>
					<width>80</width>
					<height>80</height>
					<texturefocus colordiffuse="selected">osd_radiosave.png</texturefocus>
					<texturenofocus colordiffuse="grey">osd_radiosave.png</texturenofocus>
					<alttexturefocus colordiffuse="selected">osd_radiosave.png</alttexturefocus>
					<alttexturenofocus colordiffuse="grey">osd_radiosave.png</alttexturenofocus>
					<usealttexture>Skin.HasSetting(ListRadioStation)</usealttexture>
					<onclick>Skin.ToggleSetting(SaveRadioStation)</onclick>
					<onclick condition="!Skin.HasSetting(DeleteRadioStation)">Skin.ToggleSetting(DeleteRadioStation)</onclick>
					<onclick>SetFocus(3999)</onclick>
				</control>
				<control type="button">
					<visible>Window.IsVisible(Home)</visible>
					<width>80</width>
					<height>80</height>
					<texturefocus colordiffuse="selected">osd_volume.png</texturefocus>
					<texturenofocus>osd_volume.png</texturenofocus>
					<onclick>ActivateWindow(MusicOSD)</onclick>
					<onclick>SetFocus(3999)</onclick>
				</control>
				<control type="button">
					<width>80</width>
					<height>80</height>
					<texturefocus colordiffuse="selected">osd_forward.png</texturefocus>
					<texturenofocus colordiffuse="$VAR[ModeColorTune]">osd_forward.png</texturenofocus>
					<onclick>RunScript(service.radiofm,TUNE_UP)</onclick>
					<onclick>SetFocus(3999)</onclick>
				</control>
				<control type="button">
					<width>80</width>
					<height>80</height>
					<texturefocus colordiffuse="selected">osd_next.png</texturefocus>
					<texturenofocus colordiffuse="$VAR[ModeColorSeek]">osd_next.png</texturenofocus>
					<onclick>RunScript(service.radiofm,SEEK_UP)</onclick>
					<onclick>SetFocus(3999)</onclick>
				</control>
			</control>
		</control>
	</include>

	<include name="RadioStationInfo">
		<control type="group">
			<include>Window_OpenClose_Animation_Zoom</include>
			<description>Logo area</description>
<!-- 
			<visible>String.IsEqual(Window(Home).Property(Radio.Active),true) + !Skin.HasSetting(HideAlternateRadio)</visible>
 -->
	            <control type="label">
						<visible>true</visible>
						<posx>567</posx>
						<posy>22</posy>
						<width>50</width>
						<height>35</height>
						<font>font20_title</font>
						<textcolor>$VAR[CustomColorNofocus]</textcolor>
						<align></align>
						<aligny>top</aligny>
						<label>FM</label>
            	</control>
	            <control type="label">
						<visible>true</visible>
						<posx>832</posx>
						<posy>22</posy>
						<width>50</width>
						<height>35</height>
						<font>font20_title</font>
						<textcolor>$VAR[CustomColorNofocus]</textcolor>
						<align></align>
						<aligny>top</aligny>
						<label>MHz</label>
            	</control>
        		<control type="label">
            			<posx>612</posx>
            			<posy>0</posy>
            			<width>204</width>
            			<height>85</height>
            			<font>font80_bold</font>
            			<textcolor>$VAR[CustomColorNofocus]</textcolor>
						<shadowcolor>black</shadowcolor>
            			<align>center</align>
            			<aligny>top</aligny>
            			<label>$INFO[Window(Home).Property(Radio.Frequency)]</label>
        		</control>
				<control type="image">
						<description>Separator horizontal</description>
						<posx>577</posx>
						<posy>107</posy>
						<width>266</width>
						<height>3</height>
						<texture>textures_radio/radio_separator-h.png</texture>
				</control>
        		<control type="label">
            			<posx>612</posx>
            			<posy>120</posy>
            			<width>204</width>
            			<height>50</height>
            			<font>font30_title</font>
            			<textcolor>white</textcolor>
						<shadowcolor>black</shadowcolor>
            			<align>center</align>
            			<aligny>center</aligny>
            			<label>$INFO[Window(Home).Property(Radio.StationName)]</label>
        		</control>

<!-- Radio Info Bottom -->
<!--			<control type="image">
						<description>Radio Text Background</description>
						<posx>65</posx>
						<posy>550</posy>
						<width>1147</width>
						<height>65</height>
						<texture diffuse="textures_radio/radio_text-bg_mask.png" colordiffuse="$INFO[Skin.String(RadioBGColor)]">$INFO[Skin.String(RadioBGTransparency)]</texture>
				</control> -->
				<control type="image">
						<description>Radio Text Background</description>
						<posx>65</posx>
						<posy>550</posy>
						<width>1147</width>
						<height>65</height>
						<texture colordiffuse="$VAR[CustomColorNofocus]">info_bg.png</texture>
				</control>
        		<control type="label">
						<include>Window_OpenClose_Animation_Fade</include>
						<visible>!Window.IsVisible(ExtendedProgressDialog)</visible>
						<visible>!Window.IsVisible(Notification)</visible>
            			<visible>!Skin.HasSetting(HideHomeRadioText)</visible>
            			<posx>75</posx>
            			<posy>550</posy>
            			<width>1127</width>
            			<height>65</height>
            			<font>font30_title</font>
            			<textcolor>white</textcolor>
						<shadowcolor>black</shadowcolor>
            			<align>center</align>
            			<aligny>center</aligny>
						<scroll>true</scroll>
            			<scrollspeed>30</scrollspeed>
            			<label>$INFO[Window(Home).Property(Radio.RadioText)]</label>
        		</control>
    		</control>
	</include>
	
    <include name="RadioVolumeBottom">
        <control type="group">
            <!--<visible>Player.HasMedia</visible>-->
			<include>Window_OpenClose_Animation_Zoom</include>
            <posx>50</posx>
            <posy>0</posy>
            <control type="label">
                <description>label</description>
                <posx>7</posx>
                <posy>30</posy>
                <height>50</height>
                <width>150</width>
                <label>13376</label>
                <font>font24_title</font>
                <aligny>bottom</aligny>
                <textcolor>white</textcolor>
                <shadowcolor>black</shadowcolor>
            </control>
            <control type="label">
                <description>Volumelabel</description>
                <posx>385</posx>
                <posy>30</posy>
                <height>37</height>
                <width>150</width>
                <label>$INFO[Control.GetLabel(1)]</label>
                <font>font24_title</font>
                <align>right</align>
                <aligny>bottom</aligny>
                <textcolor>white</textcolor>
                <shadowcolor>black</shadowcolor>
            </control>
            <control type="progress" id="2">
                <description>Volume</description>
                <posx>0</posx>
                <posy>10</posy>
                <width>385</width>
                <height>18</height>
				<texturebg>textures_radio/radio_volumebar-bg.png</texturebg>
				<midtexture>textures_radio/radio_volume-slider_red.png</midtexture>
                <info>Player.Volume</info>
            </control>
            <control type="slider" id="1">
                <description>Volume Slider</description>
                <posx>0</posx>
                <posy>-1</posy>
                <width>395</width>
                <height>40</height>
                <info>Player.Volume</info>
                <action>Volume</action>
                <texturesliderbar>OSDProgressBack2.png</texturesliderbar>
                <textureslidernib>OSDSliderNib.png</textureslidernib>
                <textureslidernibfocus>OSDSliderNib.png</textureslidernibfocus>
            </control>
        </control>
    </include>

</includes>