<?xml version="1.0" encoding="utf-8"?>
<includes>

  <variable name="pointerImage">
	<value condition="!Skin.HasSetting(ShowMousePointer)">pointer-focus.png</value>
	<value>dummy.png</value>
 </variable>

<!-- Colors -->
  <variable name="CustomColorNofocus">
   <value condition="!String.IsEmpty(Skin.String(CustomColorNofocus))">$INFO[Skin.String(CustomColorNofocus)]</value>
   <value>white</value>
 </variable>
 
  <variable name="CustomColorFocus">
   <value condition="!String.IsEmpty(Skin.String(CustomColorFocus))">$INFO[Skin.String(CustomColorFocus)]</value>
   <value>white</value>
 </variable>

  <variable name="HBSolidColor">
   <value condition="!String.IsEmpty(Skin.String(HBSolidColor))">$INFO[Skin.String(HBSolidColor)]</value>
   <value>white</value>
 </variable>

  <variable name="HBSolidColorFocus">
   <value condition="!String.IsEmpty(Skin.String(HBSolidColorFocus))">$INFO[Skin.String(HBSolidColorFocus)]</value>
   <value>white</value>
 </variable>

  <variable name="HBOutlineColor">
   <value condition="!String.IsEmpty(Skin.String(HBOutlineColor))">$INFO[Skin.String(HBOutlineColor)]</value>
   <value>white</value>
 </variable>

  <variable name="HBOutlineColorFocus">
   <value condition="!String.IsEmpty(Skin.String(HBOutlineColorFocus))">$INFO[Skin.String(HBOutlineColorFocus)]</value>
   <value>white</value>
 </variable>

  <variable name="CustomColorHomebuttons">
   <value condition="!String.IsEmpty(Skin.String(CustomColorHomebuttons))">$INFO[Skin.String(CustomColorHomebuttons)]</value>
   <value>white</value>
 </variable>

  <variable name="CustomColorHomebuttonIcons">
   <value condition="!String.IsEmpty(Skin.String(CustomColorHomebuttonIcons))">$INFO[Skin.String(CustomColorHomebuttonIcons)]</value>
   <value>white</value>
 </variable>

  <variable name="RadioBGColor">
   <value condition="!String.IsEmpty(Skin.String(RadioBGColor))">$INFO[Skin.String(RadioBGColor)]</value>
   <value>black</value>
 </variable>

  <variable name="StationbuttonsOutlineColor">
   <value condition="!String.IsEmpty(Skin.String(StationbuttonsOutlineColor))">$INFO[Skin.String(StationbuttonsOutlineColor)]</value>
   <value>black</value>
 </variable>

  <variable name="TempClockColorMinutes">
   <value condition="!String.IsEmpty(Skin.String(TempClockColorMinutes))">$INFO[Skin.String(TempClockColorMinutes)]</value>
   <value>white</value>
 </variable>

  <variable name="TempClockColorHours">
   <value condition="!String.IsEmpty(Skin.String(TempClockColorHours))">$INFO[Skin.String(TempClockColorHours)]</value>
   <value>white</value>
 </variable>

  <variable name="TempLabelColor">
   <value condition="!String.IsEmpty(Skin.String(TempLabelColor))">$INFO[Skin.String(TempLabelColor)]</value>
   <value>white</value>
 </variable>

  <variable name="SetColor">
   <value condition="Skin.String(ChangeSkinColor,1)">CustomColorNofocus</value>
   <value condition="Skin.String(ChangeFocusColor,1)">CustomColorFocus</value>
   <value condition="Skin.String(ChangeIconTextColor,1)">CustomColorHomebuttons</value>
   <value condition="Skin.String(ChangeHBIconColor,1)">CustomColorHomebuttonIcons</value>
   <value condition="Skin.String(ChangeOutlineColor,1)">HBOutlineColor</value>
   <value condition="Skin.String(ChangeOutlineColorFocus,1)">HBOutlineColorFocus</value>
   <value condition="Skin.String(ChangeBottomBGColor,1)">BottomBGColor</value>
   <value condition="Skin.String(ChangeButtonBGColor,1)">HBSolidColor</value>
   <value condition="Skin.String(ChangeButtonBGColorFocus,1)">HBSolidColorFocus</value>
   <value condition="Skin.String(ChangePlayerButtonsBGColor,1)">PlayerButtonsBGColor</value>
   <value condition="Skin.String(ChangeSubmenuBGColor,1)">CustomSubmenuBGColor</value>
   <value condition="Skin.String(ChangeRadioBGColor,1)">RadioBGColor</value>
   <value condition="Skin.String(ChangeRadioDisplayColor,1)">RadioDisplayColor</value>
   <value condition="Skin.String(ChangeStationbuttonsOutlineColor,1)">StationbuttonsOutlineColor</value>
   <value condition="Skin.String(ChangeTempClockColorMinutes,1)">TempClockColorMinutes</value>
   <value condition="Skin.String(ChangeTempClockColorHours,1)">TempClockColorHours</value>
   <value condition="Skin.String(ChangeTempLabelColor,1)">TempLabelColor</value>
   <value></value>
 </variable>

<!-- Radio Buttons Background Transparency -->
	<variable name="RadioBGTexture">
		<value condition="Skin.String(RadioBGTransparency,radiolistbg10.png)">radiolistbg10.png</value>
		<value condition="Skin.String(RadioBGTransparency,radiolistbg20.png)">radiolistbg20.png</value>
		<value condition="Skin.String(RadioBGTransparency,radiolistbg30.png)">radiolistbg30.png</value>
		<value condition="Skin.String(RadioBGTransparency,radiolistbg40.png)">radiolistbg40.png</value>
		<value condition="Skin.String(RadioBGTransparency,radiolistbg50.png)">radiolistbg50.png</value>
		<value condition="Skin.String(RadioBGTransparency,radiolistbg60.png)">radiolistbg60.png</value>
		<value condition="Skin.String(RadioBGTransparency,radiolistbg70.png)">radiolistbg70.png</value>
		<value condition="Skin.String(RadioBGTransparency,radiolistbg80.png)">radiolistbg80.png</value>
		<value condition="Skin.String(RadioBGTransparency,radiolistbg90.png)">radiolistbg90.png</value>
		<value condition="Skin.String(RadioBGTransparency,radiolistbg100.png)">radiolistbg100.png</value>
		<value></value>
	</variable>
 
<!-- Temperature Text Top Left -->
	<variable name="TempTextTop">
		<value condition="Skin.HasSetting(EnableTempOutput) + Skin.String(TempSensor,1) + System.HasAddon(plugin.program.piwire)">$INFO[Window(Home).Property(field1)]: $INFO[Window(Home).Property(Temp1)] $INFO[Window(Home).Property(Text1)]  </value>
		<value condition="Skin.HasSetting(EnableTempOutput) + Skin.String(TempSensor,2) + System.HasAddon(plugin.program.piwire)">$INFO[Window(Home).Property(field2)]: $INFO[Window(Home).Property(Temp2)] $INFO[Window(Home).Property(Text2)]  </value>
		<value condition="Skin.HasSetting(EnableTempOutput) + Skin.String(TempSensor,3) + System.HasAddon(plugin.program.piwire)">$INFO[Window(Home).Property(field3)]: $INFO[Window(Home).Property(Temp3)] $INFO[Window(Home).Property(Text3)]  </value>
		<value condition="Skin.HasSetting(EnableTempOutput) + Skin.String(TempSensor,4) + System.HasAddon(plugin.program.piwire)">$INFO[Window(Home).Property(field4)]: $INFO[Window(Home).Property(Temp4)] $INFO[Window(Home).Property(Text4)]  </value>
		<value condition="Skin.HasSetting(EnableTempOutput) + Skin.String(TempSensor,5) + System.HasAddon(plugin.program.piwire)">$INFO[Window(Home).Property(field5)]: $INFO[Window(Home).Property(Temp5)] $INFO[Window(Home).Property(Text5)]  </value>
		<value condition="Skin.HasSetting(EnableTempOutput) + Skin.String(TempSensor,6) + System.HasAddon(plugin.program.piwire)">$INFO[Window(Home).Property(field6)]: $INFO[Window(Home).Property(Temp6)] $INFO[Window(Home).Property(Text6)]  </value>
		<value condition="Skin.HasSetting(EnableTempOutput) + Skin.String(TempSensor,7) + System.HasAddon(plugin.program.piwire)">$INFO[Window(Home).Property(field7)]: $INFO[Window(Home).Property(Temp7)] $INFO[Window(Home).Property(Text7)]  </value>
		<value condition="Skin.HasSetting(EnableTempOutput) + Skin.String(TempSensor,8) + System.HasAddon(plugin.program.piwire)">$INFO[Window(Home).Property(field8)]: $INFO[Window(Home).Property(Temp8)] $INFO[Window(Home).Property(Text8)]  </value>
		<value></value>
	</variable>
	<variable name="TempTrendTop">
		<value condition="Skin.HasSetting(EnableTempOutput) + Skin.String(TempSensor,1) + System.HasAddon(plugin.program.piwire)">$INFO[Window(Home).Property(Trend1)]</value>
		<value condition="Skin.HasSetting(EnableTempOutput) + Skin.String(TempSensor,2) + System.HasAddon(plugin.program.piwire)">$INFO[Window(Home).Property(Trend2)]</value>
		<value condition="Skin.HasSetting(EnableTempOutput) + Skin.String(TempSensor,3) + System.HasAddon(plugin.program.piwire)">$INFO[Window(Home).Property(Trend3)]</value>
		<value condition="Skin.HasSetting(EnableTempOutput) + Skin.String(TempSensor,4) + System.HasAddon(plugin.program.piwire)">$INFO[Window(Home).Property(Trend4)]</value>
		<value condition="Skin.HasSetting(EnableTempOutput) + Skin.String(TempSensor,5) + System.HasAddon(plugin.program.piwire)">$INFO[Window(Home).Property(Trend5)]</value>
		<value condition="Skin.HasSetting(EnableTempOutput) + Skin.String(TempSensor,6) + System.HasAddon(plugin.program.piwire)">$INFO[Window(Home).Property(Trend6)]</value>
		<value condition="Skin.HasSetting(EnableTempOutput) + Skin.String(TempSensor,7) + System.HasAddon(plugin.program.piwire)">$INFO[Window(Home).Property(Trend7)]</value>
		<value condition="Skin.HasSetting(EnableTempOutput) + Skin.String(TempSensor,8) + System.HasAddon(plugin.program.piwire)">$INFO[Window(Home).Property(Trend8)]</value>
		<value></value>
	</variable>
 

<!-- Main Menu Actions -->
	<variable name="HomeButtonAction1">
		<value condition="Skin.String(HomeButton1Value,RadioFM)">ActivateWindow(1126)</value>
		<value condition="Skin.String(HomeButton1Value,MusicPath)">ActivateWindow(music,$INFO[Skin.String(CustomMusicPath1)],return)</value>
		<value condition="Skin.String(HomeButton1Value,MusicAlbums)">ActivateWindow(Music,musicdb://albums/,return)</value>
		<value condition="Skin.String(HomeButton1Value,MusicArtists)">ActivateWindow(Music,musicdb://artists/,return)</value>
		<value condition="Skin.String(HomeButton1Value,MusicGenres)">ActivateWindow(Music,musicdb://genres/,return)</value>
		<value condition="Skin.String(HomeButton1Value,Video)">ActivateWindow(Videos,$INFO[Skin.String(CustomVideoPath1)])</value>
		<value condition="Skin.String(HomeButton1Value,Navigation)">RunPlugin(plugin://plugin.program.navigation)</value>
		<value condition="Skin.String(HomeButton1Value,Navigation) + Player.HasVideo">PlayerControl(Stop)</value>
		<value condition="Skin.String(HomeButton1Value,Favourites)">ActivateWindow(Favourites)</value>
		<value condition="Skin.String(HomeButton1Value,Programs)">ActivateWindow(Programs,addons://sources/executable)</value>
		<value condition="Skin.String(HomeButton1Value,OBD)">RunScript(script.cardiagnostic)</value>
		<value condition="Skin.String(HomeButton1Value,Weather)">ActivateWindow(Weather)</value>
		<value condition="Skin.String(HomeButton1Value,Connect3G)">ActivateWindow(1118)</value>
		<value condition="Skin.String(HomeButton1Value,Settings)">ActivateWindow(Settings)</value>
		<value condition="Skin.String(HomeButton1Value,Shutdown)">ActivateWindow(1998)</value>
		<value condition="Skin.String(HomeButton1Value,ShutdownNoDialog)">RunScript("special://skin/scripts/system_poweroff.py")</value>
		<value condition="Skin.String(HomeButton1Value,Custom)+Skin.String(HomeButton1Type,Action)">$INFO[Skin.String(CustomHomeButtonAction1)]</value>
		<value condition="Skin.String(HomeButton1Value,Custom)+Skin.String(HomeButton1Type,ProgramAddon)">RunAddon($INFO[Skin.String(CustomHomeButtonActionProgram1)])</value>
		<value condition="Skin.String(HomeButton1Value,Custom)+Skin.String(HomeButton1Type,MusicAddon)">RunAddon($INFO[Skin.String(CustomHomeButtonActionMusic1)])</value>
		<value condition="Skin.String(HomeButton1Value,Custom)+Skin.String(HomeButton1Type,VideoAddon)">RunAddon($INFO[Skin.String(CustomHomeButtonActionVideo1)])</value>
		<value condition="Skin.String(HomeButton1Value,Custom)+Skin.String(HomeButton1Type,AndroidApp)">StartAndroidActivity("$INFO[Skin.String(CustomHomeButtonActionAndroidApp1)]")</value>
		<value condition="Skin.String(HomeButton1Value,Custom)+Skin.String(HomeButton1Type,Script)">RunScript($INFO[Skin.String(CustomHomeButtonActionScript1)])</value>
		<value>ActivateWindow(Music,musicdb://albums/,return])</value>
	</variable>
	<variable name="HomeButtonAction2">
		<value condition="Skin.String(HomeButton2Value,RadioFM)">ActivateWindow(1126)</value>
		<value condition="Skin.String(HomeButton2Value,MusicPath)">ActivateWindow(music,$INFO[Skin.String(CustomMusicPath2)],return)</value>
		<value condition="Skin.String(HomeButton2Value,MusicAlbums)">ActivateWindow(Music,musicdb://albums/,return])</value>
		<value condition="Skin.String(HomeButton2Value,MusicArtists)">ActivateWindow(Music,musicdb://artists/,return)</value>
		<value condition="Skin.String(HomeButton2Value,MusicGenres)">ActivateWindow(Music,musicdb://genres/,return)</value>
		<value condition="Skin.String(HomeButton2Value,Video)">ActivateWindow(Videos,$INFO[Skin.String(CustomVideoPath2)])</value>
		<value condition="Skin.String(HomeButton2Value,Navigation)">RunPlugin(plugin://plugin.program.navigation)</value>
		<value condition="Skin.String(HomeButton2Value,Navigation) + Player.HasVideo">PlayerControl(Stop)</value>
		<value condition="Skin.String(HomeButton2Value,Favourites)">ActivateWindow(Favourites)</value>
		<value condition="Skin.String(HomeButton2Value,Programs)">ActivateWindow(Programs,addons://sources/executable)</value>
		<value condition="Skin.String(HomeButton2Value,OBD)">RunScript(script.cardiagnostic)</value>
		<value condition="Skin.String(HomeButton2Value,Weather)">ActivateWindow(Weather)</value>
		<value condition="Skin.String(HomeButton2Value,Connect3G)">ActivateWindow(1118)</value>
		<value condition="Skin.String(HomeButton2Value,Settings)">ActivateWindow(Settings)</value>
		<value condition="Skin.String(HomeButton2Value,Shutdown)">ActivateWindow(1998)</value>
		<value condition="Skin.String(HomeButton2Value,ShutdownNoDialog)">RunScript("special://skin/scripts/system_poweroff.py")</value>
		<value condition="Skin.String(HomeButton2Value,Custom)+Skin.String(HomeButton2Type,Action)">$INFO[Skin.String(CustomHomeButtonAction2)]</value>
		<value condition="Skin.String(HomeButton2Value,Custom)+Skin.String(HomeButton2Type,ProgramAddon)">RunAddon($INFO[Skin.String(CustomHomeButtonActionProgram2)])</value>
		<value condition="Skin.String(HomeButton2Value,Custom)+Skin.String(HomeButton2Type,MusicAddon)">RunAddon($INFO[Skin.String(CustomHomeButtonActionMusic2)])</value>
		<value condition="Skin.String(HomeButton2Value,Custom)+Skin.String(HomeButton2Type,VideoAddon)">RunAddon($INFO[Skin.String(CustomHomeButtonActionVideo2)])</value>
		<value condition="Skin.String(HomeButton2Value,Custom)+Skin.String(HomeButton2Type,AndroidApp)">StartAndroidActivity("$INFO[Skin.String(CustomHomeButtonActionAndroidApp2)]")</value>
		<value condition="Skin.String(HomeButton2Value,Custom)+Skin.String(HomeButton2Type,Script)">RunScript($INFO[Skin.String(CustomHomeButtonActionScript2)])</value>
		<value>ActivateWindow(1126)</value>
	</variable>
	<variable name="HomeButtonAction3">
		<value condition="Skin.String(HomeButton3Value,RadioFM)">ActivateWindow(1126)</value>
		<value condition="Skin.String(HomeButton3Value,MusicPath)">ActivateWindow(music,$INFO[Skin.String(CustomMusicPath3)],return)</value>
		<value condition="Skin.String(HomeButton3Value,MusicAlbums)">ActivateWindow(Music,musicdb://albums/,return)</value>
		<value condition="Skin.String(HomeButton3Value,MusicArtists)">ActivateWindow(Music,musicdb://artists/,return)</value>
		<value condition="Skin.String(HomeButton3Value,MusicGenres)">ActivateWindow(Music,musicdb://genres/,return)</value>
		<value condition="Skin.String(HomeButton3Value,Video)">ActivateWindow(Videos,$INFO[Skin.String(CustomVideoPath3)])</value>
		<value condition="Skin.String(HomeButton3Value,Navigation)">RunPlugin(plugin://plugin.program.navigation)</value>
		<value condition="Skin.String(HomeButton3Value,Navigation) + Player.HasVideo">PlayerControl(Stop)</value>
		<value condition="Skin.String(HomeButton3Value,Favourites)">ActivateWindow(Favourites)</value>
		<value condition="Skin.String(HomeButton3Value,Programs)">ActivateWindow(Programs,addons://sources/executable)</value>
		<value condition="Skin.String(HomeButton3Value,OBD)">RunScript(script.cardiagnostic)</value>
		<value condition="Skin.String(HomeButton3Value,Weather)">ActivateWindow(Weather)</value>
		<value condition="Skin.String(HomeButton3Value,Connect3G)">ActivateWindow(1118)</value>
		<value condition="Skin.String(HomeButton3Value,Settings)">ActivateWindow(Settings)</value>
		<value condition="Skin.String(HomeButton3Value,Shutdown)">ActivateWindow(1998)</value>
		<value condition="Skin.String(HomeButton3Value,ShutdownNoDialog)">RunScript("special://skin/scripts/system_poweroff.py")</value>
		<value condition="Skin.String(HomeButton3Value,Custom)+Skin.String(HomeButton3Type,Action)">$INFO[Skin.String(CustomHomeButtonAction3)]</value>
		<value condition="Skin.String(HomeButton3Value,Custom)+Skin.String(HomeButton3Type,ProgramAddon)">RunAddon($INFO[Skin.String(CustomHomeButtonActionProgram3)])</value>
		<value condition="Skin.String(HomeButton3Value,Custom)+Skin.String(HomeButton3Type,MusicAddon)">RunAddon($INFO[Skin.String(CustomHomeButtonActionMusic3)])</value>
		<value condition="Skin.String(HomeButton3Value,Custom)+Skin.String(HomeButton3Type,VideoAddon)">RunAddon($INFO[Skin.String(CustomHomeButtonActionVideo3)])</value>
		<value condition="Skin.String(HomeButton3Value,Custom)+Skin.String(HomeButton3Type,AndroidApp)">StartAndroidActivity("$INFO[Skin.String(CustomHomeButtonActionAndroidApp3)]")</value>
		<value condition="Skin.String(HomeButton3Value,Custom)+Skin.String(HomeButton3Type,Script)">RunScript($INFO[Skin.String(CustomHomeButtonActionScript3)])</value>
		<value>ActivateWindow(Videos,$INFO[Skin.String(CustomVideoPath1)])</value>
	</variable>
	<variable name="HomeButtonAction4">
		<value condition="Skin.String(HomeButton4Value,RadioFM)">ActivateWindow(1126)</value>
		<value condition="Skin.String(HomeButton4Value,MusicPath)">ActivateWindow(music,$INFO[Skin.String(CustomMusicPath4)],return)</value>
		<value condition="Skin.String(HomeButton4Value,MusicAlbums)">ActivateWindow(Music,musicdb://albums/,return)</value>
		<value condition="Skin.String(HomeButton4Value,MusicArtists)">ActivateWindow(Music,musicdb://artists/,return)</value>
		<value condition="Skin.String(HomeButton4Value,MusicGenres)">ActivateWindow(Music,musicdb://genres/,return)</value>
		<value condition="Skin.String(HomeButton4Value,Video)">ActivateWindow(Videos,$INFO[Skin.String(CustomVideoPath4)])</value>
		<value condition="Skin.String(HomeButton4Value,Navigation)">RunPlugin(plugin://plugin.program.navigation)</value>
		<value condition="Skin.String(HomeButton4Value,Navigation) + Player.HasVideo">PlayerControl(Stop)</value>
		<value condition="Skin.String(HomeButton4Value,Favourites)">ActivateWindow(Favourites)</value>
		<value condition="Skin.String(HomeButton4Value,Programs)">ActivateWindow(Programs,addons://sources/executable)</value>
		<value condition="Skin.String(HomeButton4Value,OBD)">RunScript(script.cardiagnostic)</value>
		<value condition="Skin.String(HomeButton4Value,Weather)">ActivateWindow(Weather)</value>
		<value condition="Skin.String(HomeButton4Value,Connect3G)">ActivateWindow(1118)</value>
		<value condition="Skin.String(HomeButton4Value,Settings)">ActivateWindow(Settings)</value>
		<value condition="Skin.String(HomeButton4Value,Shutdown)">ActivateWindow(1998)</value>
		<value condition="Skin.String(HomeButton4Value,ShutdownNoDialog)">RunScript("special://skin/scripts/system_poweroff.py")</value>
		<value condition="Skin.String(HomeButton4Value,Custom)+Skin.String(HomeButton4Type,Action)">$INFO[Skin.String(CustomHomeButtonAction4)]</value>
		<value condition="Skin.String(HomeButton4Value,Custom)+Skin.String(HomeButton4Type,ProgramAddon)">RunAddon($INFO[Skin.String(CustomHomeButtonActionProgram4)])</value>
		<value condition="Skin.String(HomeButton4Value,Custom)+Skin.String(HomeButton4Type,MusicAddon)">RunAddon($INFO[Skin.String(CustomHomeButtonActionMusic4)])</value>
		<value condition="Skin.String(HomeButton4Value,Custom)+Skin.String(HomeButton4Type,VideoAddon)">RunAddon($INFO[Skin.String(CustomHomeButtonActionVideo4)])</value>
		<value condition="Skin.String(HomeButton4Value,Custom)+Skin.String(HomeButton4Type,AndroidApp)">StartAndroidActivity("$INFO[Skin.String(CustomHomeButtonActionAndroidApp4)]")</value>
		<value condition="Skin.String(HomeButton4Value,Custom)+Skin.String(HomeButton4Type,Script)">RunScript($INFO[Skin.String(CustomHomeButtonActionScript4)])</value>
		<value>RunPlugin(plugin://plugin.program.navigation)</value>
	</variable>
	<variable name="HomeButtonAction5">
		<value condition="Skin.String(HomeButton5Value,RadioFM)">ActivateWindow(1126)</value>
		<value condition="Skin.String(HomeButton5Value,MusicPath)">ActivateWindow(music,$INFO[Skin.String(CustomMusicPath5)],return)</value>
		<value condition="Skin.String(HomeButton5Value,MusicAlbums)">ActivateWindow(Music,musicdb://albums/,return)</value>
		<value condition="Skin.String(HomeButton5Value,MusicArtists)">ActivateWindow(Music,musicdb://artists/,return)</value>
		<value condition="Skin.String(HomeButton5Value,MusicGenres)">ActivateWindow(Music,musicdb://genres/,return)</value>
		<value condition="Skin.String(HomeButton5Value,Video)">ActivateWindow(Videos,$INFO[Skin.String(CustomVideoPath5)])</value>
		<value condition="Skin.String(HomeButton5Value,Navigation)">RunPlugin(plugin://plugin.program.navigation)</value>
		<value condition="Skin.String(HomeButton5Value,Navigation) + Player.HasVideo">PlayerControl(Stop)</value>
		<value condition="Skin.String(HomeButton5Value,Favourites)">ActivateWindow(Favourites)</value>
		<value condition="Skin.String(HomeButton5Value,Programs)">ActivateWindow(Programs,addons://sources/executable)</value>
		<value condition="Skin.String(HomeButton5Value,OBD)">RunScript(script.cardiagnostic)</value>
		<value condition="Skin.String(HomeButton5Value,Weather)">ActivateWindow(Weather)</value>
		<value condition="Skin.String(HomeButton5Value,Connect3G)">ActivateWindow(1118)</value>
		<value condition="Skin.String(HomeButton5Value,Settings)">ActivateWindow(Settings)</value>
		<value condition="Skin.String(HomeButton5Value,Shutdown)">ActivateWindow(1998)</value>
		<value condition="Skin.String(HomeButton5Value,ShutdownNoDialog)">RunScript("special://skin/scripts/system_poweroff.py")</value>
		<value condition="Skin.String(HomeButton5Value,Custom)+Skin.String(HomeButton5Type,Action)">$INFO[Skin.String(CustomHomeButtonAction5)]</value>
		<value condition="Skin.String(HomeButton5Value,Custom)+Skin.String(HomeButton5Type,ProgramAddon)">RunAddon($INFO[Skin.String(CustomHomeButtonActionProgram5)])</value>
		<value condition="Skin.String(HomeButton5Value,Custom)+Skin.String(HomeButton5Type,MusicAddon)">RunAddon($INFO[Skin.String(CustomHomeButtonActionMusic5)])</value>
		<value condition="Skin.String(HomeButton5Value,Custom)+Skin.String(HomeButton5Type,VideoAddon)">RunAddon($INFO[Skin.String(CustomHomeButtonActionVideo5)])</value>
		<value condition="Skin.String(HomeButton5Value,Custom)+Skin.String(HomeButton5Type,AndroidApp)">StartAndroidActivity("$INFO[Skin.String(CustomHomeButtonActionAndroidApp5)]")</value>
		<value condition="Skin.String(HomeButton5Value,Custom)+Skin.String(HomeButton5Type,Script)">RunScript($INFO[Skin.String(CustomHomeButtonActionScript5)])</value>
		<value>ActivateWindow(Settings)</value>
	</variable>
	<variable name="HomeButtonAction6">
		<value condition="Skin.String(HomeButton6Value,RadioFM)">ActivateWindow(1126)</value>
		<value condition="Skin.String(HomeButton6Value,MusicPath)">ActivateWindow(music,$INFO[Skin.String(CustomMusicPath6)],return)</value>
		<value condition="Skin.String(HomeButton6Value,MusicAlbums)">ActivateWindow(Music,musicdb://albums/,return)</value>
		<value condition="Skin.String(HomeButton6Value,MusicArtists)">ActivateWindow(Music,musicdb://artists/,return)</value>
		<value condition="Skin.String(HomeButton6Value,MusicGenres)">ActivateWindow(Music,musicdb://genres/,return)</value>
		<value condition="Skin.String(HomeButton6Value,Video)">ActivateWindow(Videos,$INFO[Skin.String(CustomVideoPath6)])</value>
		<value condition="Skin.String(HomeButton6Value,Navigation)">RunPlugin(plugin://plugin.program.navigation)</value>
		<value condition="Skin.String(HomeButton6Value,Navigation) + Player.HasVideo">PlayerControl(Stop)</value>
		<value condition="Skin.String(HomeButton6Value,Favourites)">ActivateWindow(Favourites)</value>
		<value condition="Skin.String(HomeButton6Value,Programs)">ActivateWindow(Programs,addons://sources/executable)</value>
		<value condition="Skin.String(HomeButton6Value,OBD)">RunScript(script.cardiagnostic)</value>
		<value condition="Skin.String(HomeButton6Value,Weather)">ActivateWindow(Weather)</value>
		<value condition="Skin.String(HomeButton6Value,Connect3G)">ActivateWindow(1118)</value>
		<value condition="Skin.String(HomeButton6Value,Settings)">ActivateWindow(Settings)</value>
		<value condition="Skin.String(HomeButton6Value,Shutdown)">ActivateWindow(1998)</value>
		<value condition="Skin.String(HomeButton6Value,ShutdownNoDialog)">RunScript("special://skin/scripts/system_poweroff.py")</value>
		<value condition="Skin.String(HomeButton6Value,Custom)+Skin.String(HomeButton6Type,Action)">$INFO[Skin.String(CustomHomeButtonAction6)]</value>
		<value condition="Skin.String(HomeButton6Value,Custom)+Skin.String(HomeButton6Type,ProgramAddon)">RunAddon($INFO[Skin.String(CustomHomeButtonActionProgram6)])</value>
		<value condition="Skin.String(HomeButton6Value,Custom)+Skin.String(HomeButton6Type,MusicAddon)">RunAddon($INFO[Skin.String(CustomHomeButtonActionMusic6)])</value>
		<value condition="Skin.String(HomeButton6Value,Custom)+Skin.String(HomeButton6Type,VideoAddon)">RunAddon($INFO[Skin.String(CustomHomeButtonActionVideo6)])</value>
		<value condition="Skin.String(HomeButton6Value,Custom)+Skin.String(HomeButton6Type,AndroidApp)">StartAndroidActivity("$INFO[Skin.String(CustomHomeButtonActionAndroidApp6)]")</value>
		<value condition="Skin.String(HomeButton6Value,Custom)+Skin.String(HomeButton6Type,Script)">RunScript($INFO[Skin.String(CustomHomeButtonActionScript6)])</value>
		<value>ActivateWindow(1998)</value>
	</variable>

<!-- Main Menu Labels -->
	<variable name="HomeButtonLabel1">
		<value condition="Skin.String(HomeButton1Value,RadioFM)">$LOCALIZE[31061]</value>
		<value condition="Skin.String(HomeButton1Value,MusicPath)">$LOCALIZE[31062]</value>
		<value condition="Skin.String(HomeButton1Value,MusicAlbums)">$LOCALIZE[31242]</value>
		<value condition="Skin.String(HomeButton1Value,MusicArtists)">$LOCALIZE[31241]</value>
		<value condition="Skin.String(HomeButton1Value,MusicGenres)">$LOCALIZE[31243]</value>
		<value condition="Skin.String(HomeButton1Value,Video)">$LOCALIZE[40163]</value>
		<value condition="Skin.String(HomeButton1Value,Navigation)">$LOCALIZE[31064]</value>
		<value condition="Skin.String(HomeButton1Value,Favourites)">$LOCALIZE[31072]</value>
		<value condition="Skin.String(HomeButton1Value,Programs)">$LOCALIZE[31071]</value>
		<value condition="Skin.String(HomeButton1Value,OBD)">$LOCALIZE[31137]</value>
		<value condition="Skin.String(HomeButton1Value,Weather)">$LOCALIZE[31135]</value>
		<value condition="Skin.String(HomeButton1Value,Connect3G)">$LOCALIZE[31073]</value>
		<value condition="Skin.String(HomeButton1Value,Settings)">$LOCALIZE[31065]</value>
		<value condition="Skin.String(HomeButton1Value,Shutdown)">$LOCALIZE[31066]</value>
		<value condition="Skin.String(HomeButton1Value,ShutdownNoDialog)">$LOCALIZE[31066]</value>
		<value condition="Skin.String(HomeButton1Value,Custom)">$INFO[Skin.String(CustomHomeButtonLabel1)]</value>
		<value>$LOCALIZE[31242]</value>
	</variable>
	<variable name="HomeButtonLabel2">
		<value condition="Skin.String(HomeButton2Value,RadioFM)">$LOCALIZE[31061]</value>
		<value condition="Skin.String(HomeButton2Value,MusicPath)">$LOCALIZE[31062]</value>
		<value condition="Skin.String(HomeButton2Value,MusicAlbums)">$LOCALIZE[31242]</value>
		<value condition="Skin.String(HomeButton2Value,MusicArtists)">$LOCALIZE[31241]</value>
		<value condition="Skin.String(HomeButton2Value,MusicGenres)">$LOCALIZE[31243]</value>
		<value condition="Skin.String(HomeButton2Value,Video)">$LOCALIZE[40163]</value>
		<value condition="Skin.String(HomeButton2Value,Navigation)">$LOCALIZE[31064]</value>
		<value condition="Skin.String(HomeButton2Value,Favourites)">$LOCALIZE[31072]</value>
		<value condition="Skin.String(HomeButton2Value,Programs)">$LOCALIZE[31071]</value>
		<value condition="Skin.String(HomeButton2Value,OBD)">$LOCALIZE[31137]</value>
		<value condition="Skin.String(HomeButton2Value,Weather)">$LOCALIZE[31135]</value>
		<value condition="Skin.String(HomeButton2Value,Connect3G)">$LOCALIZE[31073]</value>
		<value condition="Skin.String(HomeButton2Value,Settings)">$LOCALIZE[31065]</value>
		<value condition="Skin.String(HomeButton2Value,Shutdown)">$LOCALIZE[31066]</value>
		<value condition="Skin.String(HomeButton2Value,ShutdownNoDialog)">$LOCALIZE[31066]</value>
		<value condition="Skin.String(HomeButton2Value,Custom)">$INFO[Skin.String(CustomHomeButtonLabel2)]</value>
		<value>$LOCALIZE[31061]</value>
	</variable>
	<variable name="HomeButtonLabel3">
		<value condition="Skin.String(HomeButton3Value,RadioFM)">$LOCALIZE[31061]</value>
		<value condition="Skin.String(HomeButton3Value,MusicPath)">$LOCALIZE[31062]</value>
		<value condition="Skin.String(HomeButton3Value,MusicAlbums)">$LOCALIZE[31242]</value>
		<value condition="Skin.String(HomeButton3Value,MusicArtists)">$LOCALIZE[31241]</value>
		<value condition="Skin.String(HomeButton3Value,MusicGenres)">$LOCALIZE[31243]</value>
		<value condition="Skin.String(HomeButton3Value,Video)">$LOCALIZE[40163]</value>
		<value condition="Skin.String(HomeButton3Value,Navigation)">$LOCALIZE[31064]</value>
		<value condition="Skin.String(HomeButton3Value,Favourites)">$LOCALIZE[31072]</value>
		<value condition="Skin.String(HomeButton3Value,Programs)">$LOCALIZE[31071]</value>
		<value condition="Skin.String(HomeButton3Value,OBD)">$LOCALIZE[31137]</value>
		<value condition="Skin.String(HomeButton3Value,Weather)">$LOCALIZE[31135]</value>
		<value condition="Skin.String(HomeButton3Value,Connect3G)">$LOCALIZE[31073]</value>
		<value condition="Skin.String(HomeButton3Value,Settings)">$LOCALIZE[31065]</value>
		<value condition="Skin.String(HomeButton3Value,Shutdown)">$LOCALIZE[31066]</value>
		<value condition="Skin.String(HomeButton3Value,ShutdownNoDialog)">$LOCALIZE[31066]</value>
		<value condition="Skin.String(HomeButton3Value,Custom)">$INFO[Skin.String(CustomHomeButtonLabel3)]</value>
		<value>$LOCALIZE[31063]</value>
	</variable>
	<variable name="HomeButtonLabel4">
		<value condition="Skin.String(HomeButton4Value,RadioFM)">$LOCALIZE[31061]</value>
		<value condition="Skin.String(HomeButton4Value,MusicPath)">$LOCALIZE[31062]</value>
		<value condition="Skin.String(HomeButton4Value,MusicAlbums)">$LOCALIZE[31242]</value>
		<value condition="Skin.String(HomeButton4Value,MusicArtists)">$LOCALIZE[31241]</value>
		<value condition="Skin.String(HomeButton4Value,MusicGenres)">$LOCALIZE[31243]</value>
		<value condition="Skin.String(HomeButton4Value,Video)">$LOCALIZE[40163]</value>
		<value condition="Skin.String(HomeButton4Value,Navigation)">$LOCALIZE[31064]</value>
		<value condition="Skin.String(HomeButton4Value,Favourites)">$LOCALIZE[31072]</value>
		<value condition="Skin.String(HomeButton4Value,Programs)">$LOCALIZE[31071]</value>
		<value condition="Skin.String(HomeButton4Value,OBD)">$LOCALIZE[31137]</value>
		<value condition="Skin.String(HomeButton4Value,Weather)">$LOCALIZE[31135]</value>
		<value condition="Skin.String(HomeButton4Value,Connect3G)">$LOCALIZE[31073]</value>
		<value condition="Skin.String(HomeButton4Value,Settings)">$LOCALIZE[31065]</value>
		<value condition="Skin.String(HomeButton4Value,Shutdown)">$LOCALIZE[31066]</value>
		<value condition="Skin.String(HomeButton4Value,ShutdownNoDialog)">$LOCALIZE[31066]</value>
		<value condition="Skin.String(HomeButton4Value,Custom)">$INFO[Skin.String(CustomHomeButtonLabel4)]</value>
		<value>$LOCALIZE[31064]</value>
	</variable>
	<variable name="HomeButtonLabel5">
		<value condition="Skin.String(HomeButton5Value,RadioFM)">$LOCALIZE[31061]</value>
		<value condition="Skin.String(HomeButton5Value,MusicPath)">$LOCALIZE[31062]</value>
		<value condition="Skin.String(HomeButton5Value,MusicAlbums)">$LOCALIZE[31242]</value>
		<value condition="Skin.String(HomeButton5Value,MusicArtists)">$LOCALIZE[31241]</value>
		<value condition="Skin.String(HomeButton5Value,MusicGenres)">$LOCALIZE[31243]</value>
		<value condition="Skin.String(HomeButton5Value,Video)">$LOCALIZE[40163]</value>
		<value condition="Skin.String(HomeButton5Value,Navigation)">$LOCALIZE[31064]</value>
		<value condition="Skin.String(HomeButton5Value,Favourites)">$LOCALIZE[31072]</value>
		<value condition="Skin.String(HomeButton5Value,Programs)">$LOCALIZE[31071]</value>
		<value condition="Skin.String(HomeButton5Value,OBD)">$LOCALIZE[31137]</value>
		<value condition="Skin.String(HomeButton5Value,Weather)">$LOCALIZE[31135]</value>
		<value condition="Skin.String(HomeButton5Value,Connect3G)">$LOCALIZE[31073]</value>
		<value condition="Skin.String(HomeButton5Value,Settings)">$LOCALIZE[31065]</value>
		<value condition="Skin.String(HomeButton5Value,Shutdown)">$LOCALIZE[31066]</value>
		<value condition="Skin.String(HomeButton5Value,ShutdownNoDialog)">$LOCALIZE[31066]</value>
		<value condition="Skin.String(HomeButton5Value,Custom)">$INFO[Skin.String(CustomHomeButtonLabel5)]</value>
		<value>$LOCALIZE[31065]</value>
	</variable>
	<variable name="HomeButtonLabel6">
		<value condition="Skin.String(HomeButton6Value,RadioFM)">$LOCALIZE[31061]</value>
		<value condition="Skin.String(HomeButton6Value,MusicPath)">$LOCALIZE[31062]</value>
		<value condition="Skin.String(HomeButton6Value,MusicAlbums)">$LOCALIZE[31242]</value>
		<value condition="Skin.String(HomeButton6Value,MusicArtists)">$LOCALIZE[31241]</value>
		<value condition="Skin.String(HomeButton6Value,MusicGenres)">$LOCALIZE[31243]</value>
		<value condition="Skin.String(HomeButton6Value,Video)">$LOCALIZE[40163]</value>
		<value condition="Skin.String(HomeButton6Value,Navigation)">$LOCALIZE[31064]</value>
		<value condition="Skin.String(HomeButton6Value,Favourites)">$LOCALIZE[31072]</value>
		<value condition="Skin.String(HomeButton6Value,Programs)">$LOCALIZE[31071]</value>
		<value condition="Skin.String(HomeButton6Value,OBD)">$LOCALIZE[31137]</value>
		<value condition="Skin.String(HomeButton6Value,Weather)">$LOCALIZE[31135]</value>
		<value condition="Skin.String(HomeButton6Value,Connect3G)">$LOCALIZE[31073]</value>
		<value condition="Skin.String(HomeButton6Value,Settings)">$LOCALIZE[31065]</value>
		<value condition="Skin.String(HomeButton6Value,Shutdown)">$LOCALIZE[31066]</value>
		<value condition="Skin.String(HomeButton6Value,ShutdownNoDialog)">$LOCALIZE[31066]</value>
		<value condition="Skin.String(HomeButton6Value,Custom)">$INFO[Skin.String(CustomHomeButtonLabel6)]</value>
		<value>$LOCALIZE[31066]</value>
	</variable>

<!-- Main Menu Icons -->
	<variable name="HomeButtonIcon1">
		<value condition="Skin.String(HomeButton1Value,RadioFM) + !Skin.HasSetting(CustomMenuRadioIcon1)">icon_radio.png</value>
		<value condition="Skin.String(HomeButton1Value,MusicPath) + !Skin.HasSetting(CustomMenuMusicIcon1)">icon_music.png</value>
		<value condition="Skin.String(HomeButton1Value,MusicAlbums) + !Skin.HasSetting(CustomMenuAlbumsIcon1)">icon_musicalbums.png</value>
		<value condition="Skin.String(HomeButton1Value,MusicArtists) + !Skin.HasSetting(CustomMenuArtistsIcon1)">icon_musicartists.png</value>
		<value condition="Skin.String(HomeButton1Value,MusicGenres) + !Skin.HasSetting(CustomMenuGenresIcon1)">icon_musicgenres.png</value>
		<value condition="Skin.String(HomeButton1Value,Video) + !Skin.HasSetting(CustomMenuVideoIcon1)">icon_video.png</value>
		<value condition="Skin.String(HomeButton1Value,Navigation) + !Skin.HasSetting(CustomMenuNaviIcon1)">icon_navi.png</value>
		<value condition="Skin.String(HomeButton1Value,Favourites) + !Skin.HasSetting(CustomMenuFavouritesIcon1)">icon_favouritesbig.png</value>
		<value condition="Skin.String(HomeButton1Value,Programs) + !Skin.HasSetting(CustomMenuProgramsIcon1)">icon-settings-addons.png</value>
		<value condition="Skin.String(HomeButton1Value,OBD) + !Skin.HasSetting(CustomMenuOBDIcon1)">icon_obd.png</value>
		<value condition="Skin.String(HomeButton1Value,Weather) + !Skin.HasSetting(CustomMenuWeatherIcon1)">icon_weather.png</value>
		<value condition="Skin.String(HomeButton1Value,Connect3G) + !Skin.HasSetting(CustomMenu3GIcon1)">icon_3G.png</value>
		<value condition="Skin.String(HomeButton1Value,Settings) + !Skin.HasSetting(CustomMenuSettingsIcon1)">icon_settings.png</value>
		<value condition="Skin.String(HomeButton1Value,Shutdown) + !Skin.HasSetting(CustomMenuShutdownIcon1)">icon_shutdown.png</value>
		<value condition="Skin.String(HomeButton1Value,ShutdownNoDialog) + !Skin.HasSetting(CustomMenuShutDownNoDialogIcon1)">icon_shutdownnodialog.png</value>
		<value condition="Skin.String(HomeButton1Value,Custom)">$INFO[Skin.String(MagicButtonIcon1)]</value>
		
		<value condition="Skin.String(HomeButton1Value,RadioFM) + Skin.HasSetting(CustomMenuRadioIcon1)">$INFO[Skin.String(CustomRadioIcon1)]</value>
		<value condition="Skin.String(HomeButton1Value,MusicPath) + Skin.HasSetting(CustomMenuMusicIcon1)">$INFO[Skin.String(CustomMusicIcon1)]</value>
		<value condition="Skin.String(HomeButton1Value,MusicAlbums) + Skin.HasSetting(CustomMenuAlbumsIcon1)">$INFO[Skin.String(CustomAlbumsIcon1)]</value>
		<value condition="Skin.String(HomeButton1Value,MusicArtists) + Skin.HasSetting(CustomMenuArtistsIcon1)">$INFO[Skin.String(CustomArtistsIcon1)]</value>
		<value condition="Skin.String(HomeButton1Value,MusicGenres) + Skin.HasSetting(CustomMenuGenresIcon1)">$INFO[Skin.String(CustomGenresIcon1)]</value>
		<value condition="Skin.String(HomeButton1Value,Video) + Skin.HasSetting(CustomMenuVideoIcon1)">$INFO[Skin.String(CustomVideoIcon1)]</value>
		<value condition="Skin.String(HomeButton1Value,Navigation) + Skin.HasSetting(CustomMenuNaviIcon1)">$INFO[Skin.String(CustomNaviIcon1)]</value>
		<value condition="Skin.String(HomeButton1Value,Favourites) + Skin.HasSetting(CustomMenuFavouritesIcon1)">$INFO[Skin.String(CustomFavouritesIcon1)]</value>
		<value condition="Skin.String(HomeButton1Value,Programs) + Skin.HasSetting(CustomMenuProgramsIcon1)">$INFO[Skin.String(CustomProgramsIcon1)]</value>
		<value condition="Skin.String(HomeButton1Value,OBD) + Skin.HasSetting(CustomMenuOBDIcon1)">$INFO[Skin.String(CustomOBDIcon1)]</value>
		<value condition="Skin.String(HomeButton1Value,Weather) + Skin.HasSetting(CustomMenuWeatherIcon1)">$INFO[Skin.String(CustomWeatherIcon1)]</value>
		<value condition="Skin.String(HomeButton1Value,Connect3G) + Skin.HasSetting(CustomMenu3GIcon1)">$INFO[Skin.String(Custom3GIcon1)]</value>
		<value condition="Skin.String(HomeButton1Value,Settings) + Skin.HasSetting(CustomMenuSettingsIcon1)">$INFO[Skin.String(CustomSettingsIcon1)]</value>
		<value condition="Skin.String(HomeButton1Value,Shutdown) + Skin.HasSetting(CustomMenuShutdownIcon1)">$INFO[Skin.String(CustomShutdownIcon1)]</value>
		<value condition="Skin.String(HomeButton1Value,ShutdownNoDialog) + Skin.HasSetting(CustomMenuShutDownNoDialogIcon1)">$INFO[Skin.String(CustomShutDownNoDialogIcon1)]</value>
		<value>icon_musicalbums.png</value>
	</variable>
	<variable name="HomeButtonIcon2">
		<value condition="Skin.String(HomeButton2Value,RadioFM) + !Skin.HasSetting(CustomMenuRadioIcon2)">icon_radio.png</value>
		<value condition="Skin.String(HomeButton2Value,MusicPath) + !Skin.HasSetting(CustomMenuMusicIcon2)">icon_music.png</value>
		<value condition="Skin.String(HomeButton2Value,MusicAlbums) + !Skin.HasSetting(CustomMenuAlbumsIcon2)">icon_musicalbums.png</value>
		<value condition="Skin.String(HomeButton2Value,MusicArtists) + !Skin.HasSetting(CustomMenuArtistsIcon2)">icon_musicartists.png</value>
		<value condition="Skin.String(HomeButton2Value,MusicGenres) + !Skin.HasSetting(CustomMenuGenresIcon2)">icon_musicgenres.png</value>
		<value condition="Skin.String(HomeButton2Value,Video) + !Skin.HasSetting(CustomMenuVideoIcon2)">icon_video.png</value>
		<value condition="Skin.String(HomeButton2Value,Navigation) + !Skin.HasSetting(CustomMenuNaviIcon2)">icon_navi.png</value>
		<value condition="Skin.String(HomeButton2Value,Favourites) + !Skin.HasSetting(CustomMenuFavouritesIcon2)">icon_favouritesbig.png</value>
		<value condition="Skin.String(HomeButton2Value,Programs) + !Skin.HasSetting(CustomMenuProgramsIcon2)">icon-settings-addons.png</value>
		<value condition="Skin.String(HomeButton2Value,OBD) + !Skin.HasSetting(CustomMenuOBDIcon2)">icon_obd.png</value>
		<value condition="Skin.String(HomeButton2Value,Weather) + !Skin.HasSetting(CustomMenuWeatherIcon2)">icon_weather.png</value>
		<value condition="Skin.String(HomeButton2Value,Connect3G) + !Skin.HasSetting(CustomMenu3GIcon2)">icon_3G.png</value>
		<value condition="Skin.String(HomeButton2Value,Settings) + !Skin.HasSetting(CustomMenuSettingsIcon2)">icon_settings.png</value>
		<value condition="Skin.String(HomeButton2Value,Shutdown) + !Skin.HasSetting(CustomMenuShutdownIcon2)">icon_shutdown.png</value>
		<value condition="Skin.String(HomeButton2Value,ShutdownNoDialog) + !Skin.HasSetting(CustomMenuShutDownNoDialogIcon2)">icon_shutdownnodialog.png</value>
		<value condition="Skin.String(HomeButton2Value,Custom)">$INFO[Skin.String(MagicButtonIcon2)]</value>
		
		<value condition="Skin.String(HomeButton2Value,RadioFM) + Skin.HasSetting(CustomMenuRadioIcon2)">$INFO[Skin.String(CustomRadioIcon2)]</value>
		<value condition="Skin.String(HomeButton2Value,MusicPath) + Skin.HasSetting(CustomMenuMusicIcon2)">$INFO[Skin.String(CustomMusicIcon2)]</value>
		<value condition="Skin.String(HomeButton2Value,MusicAlbums) + Skin.HasSetting(CustomMenuAlbumsIcon2)">$INFO[Skin.String(CustomAlbumsIcon2)]</value>
		<value condition="Skin.String(HomeButton2Value,MusicArtists) + Skin.HasSetting(CustomMenuArtistsIcon2)">$INFO[Skin.String(CustomArtistsIcon2)]</value>
		<value condition="Skin.String(HomeButton2Value,MusicGenres) + Skin.HasSetting(CustomMenuGenresIcon2)">$INFO[Skin.String(CustomGenresIcon2)]</value>
		<value condition="Skin.String(HomeButton2Value,Video) + Skin.HasSetting(CustomMenuVideoIcon2)">$INFO[Skin.String(CustomVideoIcon2)]</value>
		<value condition="Skin.String(HomeButton2Value,Navigation) + Skin.HasSetting(CustomMenuNaviIcon2)">$INFO[Skin.String(CustomNaviIcon2)]</value>
		<value condition="Skin.String(HomeButton2Value,Favourites) + Skin.HasSetting(CustomMenuFavouritesIcon2)">$INFO[Skin.String(CustomFavouritesIcon2)]</value>
		<value condition="Skin.String(HomeButton2Value,Programs) + Skin.HasSetting(CustomMenuProgramsIcon2)">$INFO[Skin.String(CustomProgramsIcon2)]</value>
		<value condition="Skin.String(HomeButton2Value,OBD) + Skin.HasSetting(CustomMenuOBDIcon2)">$INFO[Skin.String(CustomOBDIcon2)]</value>
		<value condition="Skin.String(HomeButton2Value,Weather) + Skin.HasSetting(CustomMenuWeatherIcon2)">$INFO[Skin.String(CustomWeatherIcon2)]</value>
		<value condition="Skin.String(HomeButton2Value,Connect3G) + Skin.HasSetting(CustomMenu3GIcon2)">$INFO[Skin.String(Custom3GIcon2)]</value>
		<value condition="Skin.String(HomeButton2Value,Settings) + Skin.HasSetting(CustomMenuSettingsIcon2)">$INFO[Skin.String(CustomSettingsIcon2)]</value>
		<value condition="Skin.String(HomeButton2Value,Shutdown) + Skin.HasSetting(CustomMenuShutdownIcon2)">$INFO[Skin.String(CustomShutdownIcon2)]</value>
		<value condition="Skin.String(HomeButton2Value,ShutdownNoDialog) + Skin.HasSetting(CustomMenuShutDownNoDialogIcon2)">$INFO[Skin.String(CustomShutDownNoDialogIcon2)]</value>
		<value>icon_radio.png</value>
	</variable>
	<variable name="HomeButtonIcon3">
		<value condition="Skin.String(HomeButton3Value,RadioFM) + !Skin.HasSetting(CustomMenuRadioIcon3)">icon_radio.png</value>
		<value condition="Skin.String(HomeButton3Value,MusicPath) + !Skin.HasSetting(CustomMenuMusicIcon3)">icon_music.png</value>
		<value condition="Skin.String(HomeButton3Value,MusicAlbums) + !Skin.HasSetting(CustomMenuAlbumsIcon3)">icon_musicalbums.png</value>
		<value condition="Skin.String(HomeButton3Value,MusicArtists) + !Skin.HasSetting(CustomMenuArtistsIcon3)">icon_musicartists.png</value>
		<value condition="Skin.String(HomeButton3Value,MusicGenres) + !Skin.HasSetting(CustomMenuGenresIcon3)">icon_musicgenres.png</value>
		<value condition="Skin.String(HomeButton3Value,Video) + !Skin.HasSetting(CustomMenuVideoIcon3)">icon_video.png</value>
		<value condition="Skin.String(HomeButton3Value,Navigation) + !Skin.HasSetting(CustomMenuNaviIcon3)">icon_navi.png</value>
		<value condition="Skin.String(HomeButton3Value,Favourites) + !Skin.HasSetting(CustomMenuFavouritesIcon3)">icon_favouritesbig.png</value>
		<value condition="Skin.String(HomeButton3Value,Programs) + !Skin.HasSetting(CustomMenuProgramsIcon3)">icon-settings-addons.png</value>
		<value condition="Skin.String(HomeButton3Value,OBD) + !Skin.HasSetting(CustomMenuOBDIcon3)">icon_obd.png</value>
		<value condition="Skin.String(HomeButton3Value,Weather) + !Skin.HasSetting(CustomMenuWeatherIcon3)">icon_weather.png</value>
		<value condition="Skin.String(HomeButton3Value,Connect3G) + !Skin.HasSetting(CustomMenu3GIcon3)">icon_3G.png</value>
		<value condition="Skin.String(HomeButton3Value,Settings) + !Skin.HasSetting(CustomMenuSettingsIcon3)">icon_settings.png</value>
		<value condition="Skin.String(HomeButton3Value,Shutdown) + !Skin.HasSetting(CustomMenuShutdownIcon3)">icon_shutdown.png</value>
		<value condition="Skin.String(HomeButton3Value,ShutdownNoDialog) + !Skin.HasSetting(CustomMenuShutDownNoDialogIcon3)">icon_shutdownnodialog.png</value>
		<value condition="Skin.String(HomeButton3Value,Custom)">$INFO[Skin.String(MagicButtonIcon3)]</value>
		
		<value condition="Skin.String(HomeButton3Value,RadioFM) + Skin.HasSetting(CustomMenuRadioIcon3)">$INFO[Skin.String(CustomRadioIcon3)]</value>
		<value condition="Skin.String(HomeButton3Value,MusicPath) + Skin.HasSetting(CustomMenuMusicIcon3)">$INFO[Skin.String(CustomMusicIcon3)]</value>
		<value condition="Skin.String(HomeButton3Value,MusicAlbums) + Skin.HasSetting(CustomMenuAlbumsIcon3)">$INFO[Skin.String(CustomAlbumsIcon3)]</value>
		<value condition="Skin.String(HomeButton3Value,MusicArtists) + Skin.HasSetting(CustomMenuArtistsIcon3)">$INFO[Skin.String(CustomArtistsIcon3)]</value>
		<value condition="Skin.String(HomeButton3Value,MusicGenres) + Skin.HasSetting(CustomMenuGenresIcon3)">$INFO[Skin.String(CustomGenresIcon3)]</value>
		<value condition="Skin.String(HomeButton3Value,Video) + Skin.HasSetting(CustomMenuVideoIcon3)">$INFO[Skin.String(CustomVideoIcon3)]</value>
		<value condition="Skin.String(HomeButton3Value,Navigation) + Skin.HasSetting(CustomMenuNaviIcon3)">$INFO[Skin.String(CustomNaviIcon3)]</value>
		<value condition="Skin.String(HomeButton3Value,Favourites) + Skin.HasSetting(CustomMenuFavouritesIcon3)">$INFO[Skin.String(CustomFavouritesIcon3)]</value>
		<value condition="Skin.String(HomeButton3Value,Programs) + Skin.HasSetting(CustomMenuProgramsIcon3)">$INFO[Skin.String(CustomProgramsIcon3)]</value>
		<value condition="Skin.String(HomeButton3Value,OBD) + Skin.HasSetting(CustomMenuOBDIcon3)">$INFO[Skin.String(CustomOBDIcon3)]</value>
		<value condition="Skin.String(HomeButton3Value,Weather) + Skin.HasSetting(CustomMenuWeatherIcon3)">$INFO[Skin.String(CustomWeatherIcon3)]</value>
		<value condition="Skin.String(HomeButton3Value,Connect3G) + Skin.HasSetting(CustomMenu3GIcon3)">$INFO[Skin.String(Custom3GIcon3)]</value>
		<value condition="Skin.String(HomeButton3Value,Settings) + Skin.HasSetting(CustomMenuSettingsIcon3)">$INFO[Skin.String(CustomSettingsIcon3)]</value>
		<value condition="Skin.String(HomeButton3Value,Shutdown) + Skin.HasSetting(CustomMenuShutdownIcon3)">$INFO[Skin.String(CustomShutdownIcon3)]</value>
		<value condition="Skin.String(HomeButton3Value,ShutdownNoDialog) + Skin.HasSetting(CustomMenuShutDownNoDialogIcon3)">$INFO[Skin.String(CustomShutDownNoDialogIcon3)]</value>
		<value>icon_video.png</value>
	</variable>
	<variable name="HomeButtonIcon4">
		<value condition="Skin.String(HomeButton4Value,RadioFM) + !Skin.HasSetting(CustomMenuRadioIcon4)">icon_radio.png</value>
		<value condition="Skin.String(HomeButton4Value,MusicPath) + !Skin.HasSetting(CustomMenuMusicIcon4)">icon_music.png</value>
		<value condition="Skin.String(HomeButton4Value,MusicAlbums) + !Skin.HasSetting(CustomMenuAlbumsIcon4)">icon_musicalbums.png</value>
		<value condition="Skin.String(HomeButton4Value,MusicArtists) + !Skin.HasSetting(CustomMenuArtistsIcon4)">icon_musicartists.png</value>
		<value condition="Skin.String(HomeButton4Value,MusicGenres) + !Skin.HasSetting(CustomMenuGenresIcon4)">icon_musicgenres.png</value>
		<value condition="Skin.String(HomeButton4Value,Video) + !Skin.HasSetting(CustomMenuVideoIcon4)">icon_video.png</value>
		<value condition="Skin.String(HomeButton4Value,Navigation) + !Skin.HasSetting(CustomMenuNaviIcon4)">icon_navi.png</value>
		<value condition="Skin.String(HomeButton4Value,Favourites) + !Skin.HasSetting(CustomMenuFavouritesIcon4)">icon_favouritesbig.png</value>
		<value condition="Skin.String(HomeButton4Value,Programs) + !Skin.HasSetting(CustomMenuProgramsIcon4)">icon-settings-addons.png</value>
		<value condition="Skin.String(HomeButton4Value,OBD) + !Skin.HasSetting(CustomMenuOBDIcon4)">icon_obd.png</value>
		<value condition="Skin.String(HomeButton4Value,Weather) + !Skin.HasSetting(CustomMenuWeatherIcon4)">icon_weather.png</value>
		<value condition="Skin.String(HomeButton4Value,Connect3G) + !Skin.HasSetting(CustomMenu3GIcon4)">icon_3G.png</value>
		<value condition="Skin.String(HomeButton4Value,Settings) + !Skin.HasSetting(CustomMenuSettingsIcon4)">icon_settings.png</value>
		<value condition="Skin.String(HomeButton4Value,Shutdown) + !Skin.HasSetting(CustomMenuShutdownIcon4)">icon_shutdown.png</value>
		<value condition="Skin.String(HomeButton4Value,ShutdownNoDialog) + !Skin.HasSetting(CustomMenuShutDownNoDialogIcon4)">icon_shutdownnodialog.png</value>
		<value condition="Skin.String(HomeButton4Value,Custom)">$INFO[Skin.String(MagicButtonIcon4)]</value>
		
		<value condition="Skin.String(HomeButton4Value,RadioFM) + Skin.HasSetting(CustomMenuRadioIcon4)">$INFO[Skin.String(CustomRadioIcon4)]</value>
		<value condition="Skin.String(HomeButton4Value,MusicPath) + Skin.HasSetting(CustomMenuMusicIcon4)">$INFO[Skin.String(CustomMusicIcon4)]</value>
		<value condition="Skin.String(HomeButton4Value,MusicAlbums) + Skin.HasSetting(CustomMenuAlbumsIcon4)">$INFO[Skin.String(CustomAlbumsIcon4)]</value>
		<value condition="Skin.String(HomeButton4Value,MusicArtists) + Skin.HasSetting(CustomMenuArtistsIcon4)">$INFO[Skin.String(CustomArtistsIcon4)]</value>
		<value condition="Skin.String(HomeButton4Value,MusicGenres) + Skin.HasSetting(CustomMenuGenresIcon4)">$INFO[Skin.String(CustomGenresIcon4)]</value>
		<value condition="Skin.String(HomeButton4Value,Video) + Skin.HasSetting(CustomMenuVideoIcon4)">$INFO[Skin.String(CustomVideoIcon4)]</value>
		<value condition="Skin.String(HomeButton4Value,Navigation) + Skin.HasSetting(CustomMenuNaviIcon4)">$INFO[Skin.String(CustomNaviIcon4)]</value>
		<value condition="Skin.String(HomeButton4Value,Favourites) + Skin.HasSetting(CustomMenuFavouritesIcon4)">$INFO[Skin.String(CustomFavouritesIcon4)]</value>
		<value condition="Skin.String(HomeButton4Value,Programs) + Skin.HasSetting(CustomMenuProgramsIcon4)">$INFO[Skin.String(CustomProgramsIcon4)]</value>
		<value condition="Skin.String(HomeButton4Value,OBD) + Skin.HasSetting(CustomMenuOBDIcon4)">$INFO[Skin.String(CustomOBDIcon4)]</value>
		<value condition="Skin.String(HomeButton4Value,Weather) + Skin.HasSetting(CustomMenuWeatherIcon4)">$INFO[Skin.String(CustomWeatherIcon4)]</value>
		<value condition="Skin.String(HomeButton4Value,Connect3G) + Skin.HasSetting(CustomMenu3GIcon4)">$INFO[Skin.String(Custom3GIcon4)]</value>
		<value condition="Skin.String(HomeButton4Value,Settings) + Skin.HasSetting(CustomMenuSettingsIcon4)">$INFO[Skin.String(CustomSettingsIcon4)]</value>
		<value condition="Skin.String(HomeButton4Value,Shutdown) + Skin.HasSetting(CustomMenuShutdownIcon4)">$INFO[Skin.String(CustomShutdownIcon4)]</value>
		<value condition="Skin.String(HomeButton4Value,ShutdownNoDialog) + Skin.HasSetting(CustomMenuShutDownNoDialogIcon4)">$INFO[Skin.String(CustomShutDownNoDialogIcon4)]</value>
		<value>icon_navi.png</value>
	</variable>
	<variable name="HomeButtonIcon5">
		<value condition="Skin.String(HomeButton5Value,RadioFM) + !Skin.HasSetting(CustomMenuRadioIcon5)">icon_radio.png</value>
		<value condition="Skin.String(HomeButton5Value,MusicPath) + !Skin.HasSetting(CustomMenuMusicIcon5)">icon_music.png</value>
		<value condition="Skin.String(HomeButton5Value,MusicAlbums) + !Skin.HasSetting(CustomMenuAlbumsIcon5)">icon_musicalbums.png</value>
		<value condition="Skin.String(HomeButton5Value,MusicArtists) + !Skin.HasSetting(CustomMenuArtistsIcon5)">icon_musicartists.png</value>
		<value condition="Skin.String(HomeButton5Value,MusicGenres) + !Skin.HasSetting(CustomMenuGenresIcon5)">icon_musicgenres.png</value>
		<value condition="Skin.String(HomeButton5Value,Video) + !Skin.HasSetting(CustomMenuVideoIcon5)">icon_video.png</value>
		<value condition="Skin.String(HomeButton5Value,Navigation) + !Skin.HasSetting(CustomMenuNaviIcon5)">icon_navi.png</value>
		<value condition="Skin.String(HomeButton5Value,Favourites) + !Skin.HasSetting(CustomMenuFavouritesIcon5)">icon_favouritesbig.png</value>
		<value condition="Skin.String(HomeButton5Value,Programs) + !Skin.HasSetting(CustomMenuProgramsIcon5)">icon-settings-addons.png</value>
		<value condition="Skin.String(HomeButton5Value,OBD) + !Skin.HasSetting(CustomMenuOBDIcon5)">icon_obd.png</value>
		<value condition="Skin.String(HomeButton5Value,Weather) + !Skin.HasSetting(CustomMenuWeatherIcon5)">icon_weather.png</value>
		<value condition="Skin.String(HomeButton5Value,Connect3G) + !Skin.HasSetting(CustomMenu3GIcon5)">icon_3G.png</value>
		<value condition="Skin.String(HomeButton5Value,Settings) + !Skin.HasSetting(CustomMenuSettingsIcon5)">icon_settings.png</value>
		<value condition="Skin.String(HomeButton5Value,Shutdown) + !Skin.HasSetting(CustomMenuShutdownIcon5)">icon_shutdown.png</value>
		<value condition="Skin.String(HomeButton5Value,ShutdownNoDialog) + !Skin.HasSetting(CustomMenuShutDownNoDialogIcon5)">icon_shutdownnodialog.png</value>
		<value condition="Skin.String(HomeButton5Value,Custom)">$INFO[Skin.String(MagicButtonIcon5)]</value>
		
		<value condition="Skin.String(HomeButton5Value,RadioFM) + Skin.HasSetting(CustomMenuRadioIcon5)">$INFO[Skin.String(CustomRadioIcon5)]</value>
		<value condition="Skin.String(HomeButton5Value,MusicPath) + Skin.HasSetting(CustomMenuMusicIcon5)">$INFO[Skin.String(CustomMusicIcon5)]</value>
		<value condition="Skin.String(HomeButton5Value,MusicAlbums) + Skin.HasSetting(CustomMenuAlbumsIcon5)">$INFO[Skin.String(CustomAlbumsIcon5)]</value>
		<value condition="Skin.String(HomeButton5Value,MusicArtists) + Skin.HasSetting(CustomMenuArtistsIcon5)">$INFO[Skin.String(CustomArtistsIcon5)]</value>
		<value condition="Skin.String(HomeButton5Value,MusicGenres) + Skin.HasSetting(CustomMenuGenresIcon5)">$INFO[Skin.String(CustomGenresIcon5)]</value>
		<value condition="Skin.String(HomeButton5Value,Video) + Skin.HasSetting(CustomMenuVideoIcon5)">$INFO[Skin.String(CustomVideoIcon5)]</value>
		<value condition="Skin.String(HomeButton5Value,Navigation) + Skin.HasSetting(CustomMenuNaviIcon5)">$INFO[Skin.String(CustomNaviIcon5)]</value>
		<value condition="Skin.String(HomeButton5Value,Favourites) + Skin.HasSetting(CustomMenuFavouritesIcon5)">$INFO[Skin.String(CustomFavouritesIcon5)]</value>
		<value condition="Skin.String(HomeButton5Value,Programs) + Skin.HasSetting(CustomMenuProgramsIcon5)">$INFO[Skin.String(CustomProgramsIcon5)]</value>
		<value condition="Skin.String(HomeButton5Value,OBD) + Skin.HasSetting(CustomMenuOBDIcon5)">$INFO[Skin.String(CustomOBDIcon5)]</value>
		<value condition="Skin.String(HomeButton5Value,Weather) + Skin.HasSetting(CustomMenuWeatherIcon5)">$INFO[Skin.String(CustomWeatherIcon5)]</value>
		<value condition="Skin.String(HomeButton5Value,Connect3G) + Skin.HasSetting(CustomMenu3GIcon5)">$INFO[Skin.String(Custom3GIcon5)]</value>
		<value condition="Skin.String(HomeButton5Value,Settings) + Skin.HasSetting(CustomMenuSettingsIcon5)">$INFO[Skin.String(CustomSettingsIcon5)]</value>
		<value condition="Skin.String(HomeButton5Value,Shutdown) + Skin.HasSetting(CustomMenuShutdownIcon5)">$INFO[Skin.String(CustomShutdownIcon5)]</value>
		<value condition="Skin.String(HomeButton5Value,ShutdownNoDialog) + Skin.HasSetting(CustomMenuShutDownNoDialogIcon5)">$INFO[Skin.String(CustomShutDownNoDialogIcon5)]</value>
		<value>icon_settings.png</value>
	</variable>
	<variable name="HomeButtonIcon6">
		<value condition="Skin.String(HomeButton6Value,RadioFM) + !Skin.HasSetting(CustomMenuRadioIcon6)">icon_radio.png</value>
		<value condition="Skin.String(HomeButton6Value,MusicPath) + !Skin.HasSetting(CustomMenuMusicIcon6)">icon_music.png</value>
		<value condition="Skin.String(HomeButton6Value,MusicAlbums) + !Skin.HasSetting(CustomMenuAlbumsIcon6)">icon_musicalbums.png</value>
		<value condition="Skin.String(HomeButton6Value,MusicArtists) + !Skin.HasSetting(CustomMenuArtistsIcon6)">icon_musicartists.png</value>
		<value condition="Skin.String(HomeButton6Value,MusicGenres) + !Skin.HasSetting(CustomMenuGenresIcon6)">icon_musicgenres.png</value>
		<value condition="Skin.String(HomeButton6Value,Video) + !Skin.HasSetting(CustomMenuVideoIcon6)">icon_video.png</value>
		<value condition="Skin.String(HomeButton6Value,Navigation) + !Skin.HasSetting(CustomMenuNaviIcon6)">icon_navi.png</value>
		<value condition="Skin.String(HomeButton6Value,Favourites) + !Skin.HasSetting(CustomMenuFavouritesIcon6)">icon_favouritesbig.png</value>
		<value condition="Skin.String(HomeButton6Value,Programs) + !Skin.HasSetting(CustomMenuProgramsIcon6)">icon-settings-addons.png</value>
		<value condition="Skin.String(HomeButton6Value,OBD) + !Skin.HasSetting(CustomMenuOBDIcon6)">icon_obd.png</value>
		<value condition="Skin.String(HomeButton6Value,Weather) + !Skin.HasSetting(CustomMenuWeatherIcon6)">icon_weather.png</value>
		<value condition="Skin.String(HomeButton6Value,Connect3G) + !Skin.HasSetting(CustomMenu3GIcon6)">icon_3G.png</value>
		<value condition="Skin.String(HomeButton6Value,Settings) + !Skin.HasSetting(CustomMenuSettingsIcon6)">icon_settings.png</value>
		<value condition="Skin.String(HomeButton6Value,Shutdown) + !Skin.HasSetting(CustomMenuShutdownIcon6)">icon_shutdown.png</value>
		<value condition="Skin.String(HomeButton6Value,ShutdownNoDialog) + !Skin.HasSetting(CustomMenuShutDownNoDialogIcon6)">icon_shutdownnodialog.png</value>
		<value condition="Skin.String(HomeButton6Value,Custom)">$INFO[Skin.String(MagicButtonIcon6)]</value>
		
		<value condition="Skin.String(HomeButton6Value,RadioFM) + Skin.HasSetting(CustomMenuRadioIcon6)">$INFO[Skin.String(CustomRadioIcon6)]</value>
		<value condition="Skin.String(HomeButton6Value,MusicPath) + Skin.HasSetting(CustomMenuMusicIcon6)">$INFO[Skin.String(CustomMusicIcon6)]</value>
		<value condition="Skin.String(HomeButton6Value,MusicAlbums) + Skin.HasSetting(CustomMenuAlbumsIcon6)">$INFO[Skin.String(CustomAlbumsIcon6)]</value>
		<value condition="Skin.String(HomeButton6Value,MusicArtists) + Skin.HasSetting(CustomMenuArtistsIcon6)">$INFO[Skin.String(CustomArtistsIcon6)]</value>
		<value condition="Skin.String(HomeButton6Value,MusicGenres) + Skin.HasSetting(CustomMenuGenresIcon6)">$INFO[Skin.String(CustomGenresIcon6)]</value>
		<value condition="Skin.String(HomeButton6Value,Video) + Skin.HasSetting(CustomMenuVideoIcon6)">$INFO[Skin.String(CustomVideoIcon6)]</value>
		<value condition="Skin.String(HomeButton6Value,Navigation) + Skin.HasSetting(CustomMenuNaviIcon6)">$INFO[Skin.String(CustomNaviIcon6)]</value>
		<value condition="Skin.String(HomeButton6Value,Favourites) + Skin.HasSetting(CustomMenuFavouritesIcon6)">$INFO[Skin.String(CustomFavouritesIcon6)]</value>
		<value condition="Skin.String(HomeButton6Value,Programs) + Skin.HasSetting(CustomMenuProgramsIcon6)">$INFO[Skin.String(CustomProgramsIcon6)]</value>
		<value condition="Skin.String(HomeButton6Value,OBD) + Skin.HasSetting(CustomMenuOBDIcon6)">$INFO[Skin.String(CustomOBDIcon6)]</value>
		<value condition="Skin.String(HomeButton6Value,Weather) + Skin.HasSetting(CustomMenuWeatherIcon6)">$INFO[Skin.String(CustomWeatherIcon6)]</value>
		<value condition="Skin.String(HomeButton6Value,Connect3G) + Skin.HasSetting(CustomMenu3GIcon6)">$INFO[Skin.String(Custom3GIcon6)]</value>
		<value condition="Skin.String(HomeButton6Value,Settings) + Skin.HasSetting(CustomMenuSettingsIcon6)">$INFO[Skin.String(CustomSettingsIcon6)]</value>
		<value condition="Skin.String(HomeButton6Value,Shutdown) + Skin.HasSetting(CustomMenuShutdownIcon6)">$INFO[Skin.String(CustomShutdownIcon6)]</value>
		<value condition="Skin.String(HomeButton6Value,ShutdownNoDialog) + Skin.HasSetting(CustomMenuShutDownNoDialogIcon6)">$INFO[Skin.String(CustomShutDownNoDialogIcon6)]</value>
		<value>icon_shutdown.png</value>
	</variable>


<!-- Magic Submenu Buttons Labels -->
	<variable name="MagicSMBLabel1">
		<value condition="!String.IsEmpty(Skin.String(MagicSMBLabel1))">$INFO[Skin.String(MagicSMBLabel1)]</value>
		<value>$LOCALIZE[40126] 1</value>
	</variable>
	<variable name="MagicSMBLabel2">
		<value condition="!String.IsEmpty(Skin.String(MagicSMBLabel2))">$INFO[Skin.String(MagicSMBLabel2)]</value>
		<value>$LOCALIZE[40126] 2</value>
	</variable>
	<variable name="MagicSMBLabel3">
		<value condition="!String.IsEmpty(Skin.String(MagicSMBLabel3))">$INFO[Skin.String(MagicSMBLabel3)]</value>
		<value>$LOCALIZE[40126] 3</value>
	</variable>
	<variable name="MagicSMBLabel4">
		<value condition="!String.IsEmpty(Skin.String(MagicSMBLabel4))">$INFO[Skin.String(MagicSMBLabel4)]</value>
		<value>$LOCALIZE[40126] 4</value>
	</variable>

<!-- Magic Submenu Buttons Actions -->
	<variable name="MagicSMButton1">
		<value condition="Skin.String(MagicSMB1Type,Action)">$INFO[Skin.String(MagicSMBAction1)]</value>
		<value condition="Skin.String(MagicSMB1Type,ProgramAddon)">RunAddon($INFO[Skin.String(MagicSMBActionProgram1)])</value>
		<value condition="Skin.String(MagicSMB1Type,MusicAddon)">RunAddon($INFO[Skin.String(MagicSMBActionMusic1)])</value>
		<value condition="Skin.String(MagicSMB1Type,VideoAddon)">RunAddon($INFO[Skin.String(MagicSMBActionVideo1)])</value>
		<value condition="Skin.String(MagicSMB1Type,AndroidApp)">StartAndroidActivity("$INFO[Skin.String(MagicSMBActionAndroidApp1)]")</value>
		<value condition="Skin.String(MagicSMB1Type,Script)">RunScript($INFO[Skin.String(MagicSMBActionScript1)])</value>
	</variable>
	<variable name="MagicSMButton2">
		<value condition="Skin.String(MagicSMB2Type,Action)">$INFO[Skin.String(MagicSMBAction2)]</value>
		<value condition="Skin.String(MagicSMB2Type,ProgramAddon)">RunAddon($INFO[Skin.String(MagicSMBActionProgram2)])</value>
		<value condition="Skin.String(MagicSMB2Type,MusicAddon)">RunAddon($INFO[Skin.String(MagicSMBActionMusic2)])</value>
		<value condition="Skin.String(MagicSMB2Type,VideoAddon)">RunAddon($INFO[Skin.String(MagicSMBActionVideo2)])</value>
		<value condition="Skin.String(MagicSMB2Type,AndroidApp)">StartAndroidActivity("$INFO[Skin.String(MagicSMBActionAndroidApp2)]")</value>
		<value condition="Skin.String(MagicSMB2Type,Script)">RunScript($INFO[Skin.String(MagicSMBActionScript2)])</value>
		<value></value>
	</variable>
	<variable name="MagicSMButton3">
		<value condition="Skin.String(MagicSMB3Type,Action)">$INFO[Skin.String(MagicSMBAction3)]</value>
		<value condition="Skin.String(MagicSMB3Type,ProgramAddon)">RunAddon($INFO[Skin.String(MagicSMBActionProgram3)])</value>
		<value condition="Skin.String(MagicSMB3Type,MusicAddon)">RunAddon($INFO[Skin.String(MagicSMBActionMusic3)])</value>
		<value condition="Skin.String(MagicSMB3Type,VideoAddon)">RunAddon($INFO[Skin.String(MagicSMBActionVideo3)])</value>
		<value condition="Skin.String(MagicSMB3Type,AndroidApp)">StartAndroidActivity("$INFO[Skin.String(MagicSMBActionAndroidApp3)]")</value>
		<value condition="Skin.String(MagicSMB3Type,Script)">RunScript($INFO[Skin.String(MagicSMBActionScript3)])</value>
		<value></value>
	</variable>
	<variable name="MagicSMButton4">
		<value condition="Skin.String(MagicSMB4Type,Action)">$INFO[Skin.String(MagicSMBAction4)]</value>
		<value condition="Skin.String(MagicSMB4Type,ProgramAddon)">RunAddon($INFO[Skin.String(MagicSMBActionProgram4)])</value>
		<value condition="Skin.String(MagicSMB4Type,MusicAddon)">RunAddon($INFO[Skin.String(MagicSMBActionMusic4)])</value>
		<value condition="Skin.String(MagicSMB4Type,VideoAddon)">RunAddon($INFO[Skin.String(MagicSMBActionVideo4)])</value>
		<value condition="Skin.String(MagicSMB4Type,AndroidApp)">StartAndroidActivity("$INFO[Skin.String(MagicSMBActionAndroidApp4)]")</value>
		<value condition="Skin.String(MagicSMB4Type,Script)">RunScript($INFO[Skin.String(MagicSMBActionScript4)])</value>
		<value></value>
	</variable>

	<variable name="NextTrackDuration">
		<value condition="!String.IsEmpty(Skin.String(ShowNextTrackDuration))">$INFO[Skin.String(ShowNextTrackDuration)]</value>
		<value>$LOCALIZE[40126] 3</value>
	</variable>

	
	
<!-- Relay Buttons Labels -->
	<variable name="RelayLabel1">
		<value condition="!String.IsEmpty(Skin.String(RelayLabel1))">$INFO[Skin.String(RelayLabel1)]</value>
		<value>$LOCALIZE[40200] 1</value>
	</variable>
	<variable name="RelayLabel2">
		<value condition="!String.IsEmpty(Skin.String(RelayLabel2))">$INFO[Skin.String(RelayLabel2)]</value>
		<value>$LOCALIZE[40200] 2</value>
	</variable>
	<variable name="RelayLabel3">
		<value condition="!String.IsEmpty(Skin.String(RelayLabel3))">$INFO[Skin.String(RelayLabel3)]</value>
		<value>$LOCALIZE[40200] 3</value>
	</variable>
	<variable name="RelayLabel4">
		<value condition="!String.IsEmpty(Skin.String(RelayLabel4))">$INFO[Skin.String(RelayLabel4)]</value>
		<value>$LOCALIZE[40200] 4</value>
	</variable>
	<variable name="RelayLabel5">
		<value condition="!String.IsEmpty(Skin.String(RelayLabel5))">$INFO[Skin.String(RelayLabel5)]</value>
		<value>$LOCALIZE[40200] 5</value>
	</variable>
	<variable name="RelayLabel6">
		<value condition="!String.IsEmpty(Skin.String(RelayLabel6))">$INFO[Skin.String(RelayLabel6)]</value>
		<value>$LOCALIZE[40200] 6</value>
	</variable>
	<variable name="RelayLabel7">
		<value condition="!String.IsEmpty(Skin.String(RelayLabel7))">$INFO[Skin.String(RelayLabel7)]</value>
		<value>$LOCALIZE[40200] 7</value>
	</variable>
	<variable name="RelayLabel8">
		<value condition="!String.IsEmpty(Skin.String(RelayLabel8))">$INFO[Skin.String(RelayLabel8)]</value>
		<value>$LOCALIZE[40200] 8</value>
	</variable>

<!-- Relay Buttons Icons -->
	<variable name="RelayIcon1">
		<value condition="!String.IsEmpty(Skin.String(RelayIcon1))">$INFO[Skin.String(RelayIcon1)]</value>
		<value>icon100_relay.png</value>
	</variable>
	<variable name="RelayIcon2">
		<value condition="!String.IsEmpty(Skin.String(RelayIcon2))">$INFO[Skin.String(RelayIcon2)]</value>
		<value>icon100_relay.png</value>
	</variable>
	<variable name="RelayIcon3">
		<value condition="!String.IsEmpty(Skin.String(RelayIcon3))">$INFO[Skin.String(RelayIcon3)]</value>
		<value>icon100_relay.png</value>
	</variable>
	<variable name="RelayIcon4">
		<value condition="!String.IsEmpty(Skin.String(RelayIcon4))">$INFO[Skin.String(RelayIcon4)]</value>
		<value>icon100_relay.png</value>
	</variable>
	<variable name="RelayIcon5">
		<value condition="!String.IsEmpty(Skin.String(RelayIcon5))">$INFO[Skin.String(RelayIcon5)]</value>
		<value>icon100_relay.png</value>
	</variable>
	<variable name="RelayIcon6">
		<value condition="!String.IsEmpty(Skin.String(RelayIcon6))">$INFO[Skin.String(RelayIcon6)]</value>
		<value>icon100_relay.png</value>
	</variable>
	<variable name="RelayIcon7">
		<value condition="!String.IsEmpty(Skin.String(RelayIcon7))">$INFO[Skin.String(RelayIcon7)]</value>
		<value>icon100_relay.png</value>
	</variable>
	<variable name="RelayIcon8">
		<value condition="!String.IsEmpty(Skin.String(RelayIcon8))">$INFO[Skin.String(RelayIcon8)]</value>
		<value>icon100_relay.png</value>
	</variable>



<!-- ######################### -->
<!-- Dot Clock Hours
############################## -->
	<!-- clock -->
	<variable name="dotclockhours">
		<value condition="[System.Time(00:00,01:00)]">dotclock\hours\sz12.png</value>				
		<value condition="[System.Time(01:00,02:00)]">dotclock\hours\sz01.png</value>				
		<value condition="[System.Time(02:00,03:00)]">dotclock\hours\sz02.png</value>				
		<value condition="[System.Time(03:00,04:00)]">dotclock\hours\sz03.png</value>				
		<value condition="[System.Time(04:00,05:00)]">dotclock\hours\sz04.png</value>				
		<value condition="[System.Time(05:00,06:00)]">dotclock\hours\sz05.png</value>				
		<value condition="[System.Time(06:00,07:00)]">dotclock\hours\sz06.png</value>				
		<value condition="[System.Time(07:00,08:00)]">dotclock\hours\sz07.png</value>				
		<value condition="[System.Time(08:00,09:00)]">dotclock\hours\sz08.png</value>				
		<value condition="[System.Time(09:00,10:00)]">dotclock\hours\sz09.png</value>				
		<value condition="[System.Time(10:00,11:00)]">dotclock\hours\sz10.png</value>				
		<value condition="[System.Time(11:00,12:00)]">dotclock\hours\sz11.png</value>				
		<value condition="[System.Time(12:00,13:00)]">dotclock\hours\sz12.png</value>				
		<value condition="[System.Time(13:00,14:00)]">dotclock\hours\sz01.png</value>				
		<value condition="[System.Time(14:00,15:00)]">dotclock\hours\sz02.png</value>				
		<value condition="[System.Time(15:00,16:00)]">dotclock\hours\sz03.png</value>				
		<value condition="[System.Time(16:00,17:00)]">dotclock\hours\sz04.png</value>				
		<value condition="[System.Time(17:00,18:00)]">dotclock\hours\sz05.png</value>				
		<value condition="[System.Time(18:00,19:00)]">dotclock\hours\sz06.png</value>				
		<value condition="[System.Time(19:00,20:00)]">dotclock\hours\sz07.png</value>			
		<value condition="[System.Time(20:00,21:00)]">dotclock\hours\sz08.png</value>				
		<value condition="[System.Time(21:00,22:00)]">dotclock\hours\sz09.png</value>				
		<value condition="[System.Time(22:00,23:00)]">dotclock\hours\sz10.png</value>				
		<value condition="[System.Time(23:00,24:00)]">dotclock\hours\sz11.png</value>				
	</variable>

<!-- ######################### -->
<!-- Home Buttons
############################## -->
	<!-- Theme Default -->
  <variable name="HB1Texture">
   <value condition="!Skin.HasSetting(Hide1024x600Fix)">home_1f.png</value>
   <value condition="Skin.HasSetting(Hide1024x600Fix)">home_1n.png</value>
   <value></value>
 </variable>
  <variable name="HB2Texture">
   <value condition="!Skin.HasSetting(Hide1024x600Fix)">home_2f.png</value>
   <value condition="Skin.HasSetting(Hide1024x600Fix)">home_2n.png</value>
   <value></value>
 </variable>
  <variable name="HB3Texture">
   <value condition="!Skin.HasSetting(Hide1024x600Fix)">home_3f.png</value>
   <value condition="Skin.HasSetting(Hide1024x600Fix)">home_3n.png</value>
   <value></value>
 </variable>
  <variable name="HB4Texture">
   <value condition="!Skin.HasSetting(Hide1024x600Fix)">home_4f.png</value>
   <value condition="Skin.HasSetting(Hide1024x600Fix)">home_4n.png</value>
   <value></value>
 </variable>
  <variable name="HB5Texture">
   <value condition="!Skin.HasSetting(Hide1024x600Fix)">home_5f.png</value>
   <value condition="Skin.HasSetting(Hide1024x600Fix)">home_5n.png</value>
   <value></value>
 </variable>
  <variable name="HB6Texture">
   <value condition="!Skin.HasSetting(Hide1024x600Fix)">home_6f.png</value>
   <value condition="Skin.HasSetting(Hide1024x600Fix)">home_6n.png</value>
   <value></value>
 </variable>


</includes>
