<window id="1200">
	<defaultcontrol always="true">1203</defaultcontrol>
	<backgroundcolor>0</backgroundcolor>
	<controls>
	    <include>Window_OpenClose_Animation_Fade</include>
	    <include>CommonBackground</include>
		<include>HomeButtonCommons</include>
	    <control type="image">
		    <include>Window_OpenClose_Animation_Fade</include>
		    <posx>0</posx>
		    <posy>0</posy>
		    <width>ScreenWidth</width>
		    <height>80</height>
			<aspectratio scalediffuse="true" align="center" aligny="center">stretch</aspectratio>
			<texture colordiffuse="66FFFFFF">black.png</texture>
	    </control>
	    <control type="image">
		    <include>Window_OpenClose_Animation_Fade</include>
		    <posx>0</posx>
		    <posy>627</posy>
		    <width>ScreenWidth</width>
		    <height>93</height>
			<aspectratio scalediffuse="true" align="center" aligny="center">stretch</aspectratio>
			<texture colordiffuse="66FFFFFF">black.png</texture>
	    </control>

<!-- IP-Adress -->
	    <control type="group">
			<include>Window_OpenClose_Animation_Fade</include>
			<visible>String.IsEqual(Window(Home).Property(install),false)</visible>
			<visible>String.IsEqual(Window(Home).Property(switching),false)</visible>
			<visible>String.IsEqual(Window(Home).Property(hostapdactive),false)</visible>
			<visible>String.IsEqual(Window(Home).Property(startup),false)</visible>
			<posx>1280</posx>
			<posy>0</posy>
			<include>VisibleFadeEffect</include>
			<control type="label">
				<description>ip</description>
				<posx>25r</posx>
				<posy>0</posy>
				<height>80</height>
				<width>440</width>
				<label>[B]$INFO[Window(Home).Property(ipaddress)][/B]</label>
				<align>right</align>
				<aligny>center</aligny>
				<font>font30_title</font>
				<textcolor>FFFFFFFF</textcolor>		
			</control>
	    </control>

<!-- Dummy Button -->
	    <control type="button" id="1203">
		    <description>Dummy Focus Button</description>
		    <posx>-1</posx>
		    <posy>-1</posy>
		    <width>1</width>
		    <height>1</height>
		    <font>-</font>
		    <texturenofocus border="5">1px_transparent.png</texturenofocus>
		    <texturefocus border="5">1px_transparent.png</texturefocus>
		    <onup>1202</onup>
		    <ondown>1201</ondown>
	    </control>

<!-- Window Title -->
	    <control type="group">
			<include>Window_OpenClose_Animation_Slide_Down</include>
			<visible>String.IsEqual(Window(Home).Property(install),false)</visible>
			<posx>0</posx>
			<posy>0</posy>
			<include>VisibleFadeEffect</include>
			<control type="label">
				<description>Title</description>
				<posx>100</posx>
				<posy>0</posy>
				<width>350</width>
				<font>font30_title</font>
				<height>80</height>
				<aligny>center</aligny>
				<label>WiFi Manager</label>
			</control>
	    </control>

		<control type="button" id="1201">
			<description>Home Button</description>
			<posx>0</posx>
			<posy>0</posy>
			<width>75</width>
			<height>75</height>
			<font>-</font>
			<texturenofocus colordiffuse="$VAR[CustomColorNofocus]" border="5">icon_home.png</texturenofocus>
			<texturefocus colordiffuse="$VAR[CustomColorFocus]" border="5">icon_home.png</texturefocus>
			<onclick>ActivateWindow(Home)</onclick>
			<onup>1203</onup>
			<ondown>1205</ondown>
		</control>


<!-- Buttons Bottom -->
	    <control type="group">
			<include>Window_OpenClose_Animation_Fade</include>
			<visible>String.IsEqual(Window(Home).Property(install),false)</visible>
            <posx>300r</posx>
            <posy>100r</posy>
            <width>200</width>
            <height>110</height>
			<include>VisibleFadeEffect</include>
			<control type="button" id="1213">
				<visible>String.IsEqual(Window(Home).Property(hostapdactive),false)</visible>
				<visible>String.IsEqual(Window(Home).Property(install),false)</visible>
				<visible>String.IsEqual(Window(Home).Property(switching),false)</visible>
				<visible>String.IsEqual(Window(Home).Property(baserequirements),true)</visible>
				<visible>String.IsEqual(Window(Home).Property(startup),false)</visible>
				<visible>String.IsEqual(Window(Home).Property(showifdown),true)</visible>
				<description>Disable wifi Button</description>
				<posx>0</posx>
				<posy>0</posy>
				<width>100</width>
				<height>100</height>
				<font>-</font>
				<texturenofocus border="5">wifiman_icon_down.png</texturenofocus>
				<texturefocus border="5">wifiman_icon_down.png</texturefocus>
				<onup>1210</onup>
				<ondown>1202</ondown>
			</control>
			<control type="button" id="1214">
				<visible>String.IsEqual(Window(Home).Property(hostapdactive),false)</visible>
				<visible>String.IsEqual(Window(Home).Property(install),false)</visible>
				<visible>String.IsEqual(Window(Home).Property(switching),false)</visible>
				<visible>String.IsEqual(Window(Home).Property(baserequirements),true)</visible>
				<visible>String.IsEqual(Window(Home).Property(startup),false)</visible>
				<visible>String.IsEqual(Window(Home).Property(showifup),true)</visible>
				<description>Enable wifi Button</description>
				<posx>0</posx>
				<posy>0</posy>
				<width>100</width>
				<height>100</height>
				<font>-</font>
				<texturenofocus border="5">wifiman_icon_up.png</texturenofocus>
				<texturefocus border="5">wifiman_icon_up.png</texturefocus>
				<onup>1210</onup>
				<ondown>1202</ondown>
			</control>
			<control type="button" id="1204">
				<description>Settings Button</description>
				<posx>125</posx>
				<posy>19</posy>
				<width>62</width>
				<height>62</height>
				<font>-</font>
				<texturenofocus colordiffuse="$VAR[CustomColorNofocus]" border="5">button_wifi_settings.png</texturenofocus>
				<texturefocus colordiffuse="$VAR[CustomColorFocus]" border="5">button_wifi_settings.png</texturefocus>
				<onup>1208</onup>
				<ondown condition="String.IsEqual(Window(Home).Property(hostapdactive),false)">1210</ondown>
				<ondown condition="String.IsEqual(Window(Home).Property(hostapdactive),true)">1209</ondown>
			</control>
			<control type="button" id="1202">
				<description>Back Button</description>
				<posx>205</posx>
				<posy>15</posy>
                <width>70</width>
                <height>70</height>
                <texturenofocus colordiffuse="$VAR[CustomColorNofocus]" border="4">icon_back_w.png</texturenofocus>
                <texturefocus colordiffuse="$VAR[CustomColorFocus]" border="4">icon_back_w.png</texturefocus>
				<onclick>ParentDir</onclick>
				<onup condition="String.IsEqual(Window(Home).Property(showifup),true)">1214</onup>
				<onup condition="String.IsEqual(Window(Home).Property(showifdown),true)">1213</onup>
				<onup condition="String.IsEqual(Window(Home).Property(hostapdactive),true) + String.IsEqual(Window(Home).Property(showifup),false) + String.IsEqual(Window(Home).Property(showifdown),false)">1211</onup>
				<ondown>1203</ondown>
			</control>
	    </control>

	    <control type="group">
			<include>Window_OpenClose_Animation_Fade</include>
			<visible>String.IsEqual(Window(Home).Property(wifiavailable),false)</visible>
			<visible>String.IsEqual(Window(Home).Property(install),false)</visible>
			<visible>String.IsEqual(Window(Home).Property(switching),false)</visible>
			<visible>String.IsEqual(Window(Home).Property(baserequirements),true)</visible>
			<visible>String.IsEqual(Window(Home).Property(startup),false)</visible>
			<posx>0</posx>
			<posy>86r</posy>
			<include>VisibleFadeEffect</include>
			<control type="button" id="1209">
				<description>Wifi Button</description>
				<posx>340</posx>
				<posy>0</posy>
				<width>600</width>
				<height>82</height>
				<font>font30_title</font>
				<textcolor>white</textcolor>
				<align>center</align>
				<aligny>center</aligny>
				<label>[B]$ADDON[plugin.program.wifimanager 30022][/B]</label>
				<texturenofocus border="5">1px_transparent.png</texturenofocus>
				<texturefocus border="5">1px_transparent.png</texturefocus>
				<onup>1201</onup>
				<ondown>1212</ondown>
			</control>
	    </control>

	    <control type="group">
			<include>Window_OpenClose_Animation_Fade</include>
			<visible>String.IsEqual(Window(Home).Property(wifiavailable),true)</visible>
			<visible>String.IsEqual(Window(Home).Property(apmodepossible),true)</visible>
			<visible>String.IsEqual(Window(Home).Property(install),false)</visible>
			<visible>String.IsEqual(Window(Home).Property(switching),false)</visible>
			<visible>String.IsEqual(Window(Home).Property(baserequirements),true)</visible>
			<visible>String.IsEqual(Window(Home).Property(startup),false)</visible>
			<posx>0</posx>
			<posy>86r</posy>
			<include>VisibleFadeEffect</include>
			<control type="button" id="1210">
				<description>APMode Button</description>
				<posx>340</posx>
				<posy>0</posy>
				<width>600</width>
				<height>82</height>
				<font>font30_title</font>
				<textcolor>white</textcolor>
				<align>center</align>
				<aligny>center</aligny>
				<label>[B]$ADDON[plugin.program.wifimanager 30023][/B]</label>
				<texturenofocus border="5">1px_transparent.png</texturenofocus>
				<texturefocus border="5">1px_transparent.png</texturefocus>
				<onup>1204</onup>
				<ondown condition="String.IsEqual(Window(Home).Property(showifup),false)">1213</ondown>
				<ondown condition="String.IsEqual(Window(Home).Property(showifdown),false)">1214</ondown>
			</control>
	    </control>

	    <control type="group">
			<description>Scanlist</description>
			<include>Window_OpenClose_Animation_Fade</include>
			<visible>String.IsEqual(Window(Home).Property(wifiavailable),true)</visible>
			<visible>String.IsEqual(Window(Home).Property(install),false)</visible>
			<visible>String.IsEqual(Window(Home).Property(switching),false)</visible>
			<visible>String.IsEqual(Window(Home).Property(clientoffline),false)</visible>
			<posx>830</posx>
			<posy>85</posy>
			<control type="image">
				<description>Background</description>
				<posx>0</posx>
				<posy>15</posy>
				<width>400</width>
				<height>512</height>
				<aspectratio scalediffuse="true" align="center" aligny="center">stretch</aspectratio>
				<texture colordiffuse="66FFFFFF">black.png</texture>
			</control>
        	<control type="label">
				<description>scanresult1</description>
				<posx>40</posx>
				<posy>40</posy>
				<width>340</width>
				<height>30</height>
				<font>font24_title</font>
				<textcolor>$INFO[Window(Home).Property(textcolor1)]</textcolor>
				<align>left</align>
				<label>[B]$INFO[Window(Home).Property(scanlist1)][/B]</label>
			</control>
        	<control type="label">
				<description>scanresult2</description>
				<posx>40</posx>
				<posy>100</posy>
				<width>340</width>
				<height>30</height>
				<font>font24_title</font>
				<textcolor>$INFO[Window(Home).Property(textcolor2)]</textcolor>
				<align>left</align>
				<label>[B]$INFO[Window(Home).Property(scanlist2)][/B]</label>
			</control>
        	<control type="label">
				<description>scanresult3</description>
				<posx>40</posx>
				<posy>160</posy>
				<width>340</width>
				<height>30</height>
				<font>font24_title</font>
				<textcolor>$INFO[Window(Home).Property(textcolor3)]</textcolor>
				<align>left</align>
				<label>[B]$INFO[Window(Home).Property(scanlist3)][/B]</label>
			</control>
        	<control type="label">
				<description>scanresult4</description>
				<posx>40</posx>
				<posy>220</posy>
				<width>340</width>
				<height>30</height>
				<font>font24_title</font>
				<textcolor>$INFO[Window(Home).Property(textcolor4)]</textcolor>
				<align>left</align>
				<label>[B]$INFO[Window(Home).Property(scanlist4)][/B]</label>
			</control>
        	<control type="label">
				<description>scanresult5</description>
				<posx>40</posx>
				<posy>280</posy>
				<width>340</width>
				<height>30</height>
				<font>font24_title</font>
				<textcolor>$INFO[Window(Home).Property(textcolor5)]</textcolor>
				<align>left</align>
				<label>[B]$INFO[Window(Home).Property(scanlist5)][/B]</label>
			</control>
        	<control type="label">
				<description>scanresult6</description>
				<posx>40</posx>
				<posy>340</posy>
				<width>340</width>
				<height>30</height>
				<font>font24_title</font>
				<textcolor>$INFO[Window(Home).Property(textcolor6)]</textcolor>
				<align>left</align>
				<label>[B]$INFO[Window(Home).Property(scanlist6)][/B]</label>
			</control>
        	<control type="label">
			<description>scanresult7</description>
				<posx>40</posx>
				<posy>400</posy>
				<width>340</width>
				<height>30</height>
				<font>font24_title</font>
				<textcolor>$INFO[Window(Home).Property(textcolor7)]</textcolor>
				<align>left</align>
				<label>[B]$INFO[Window(Home).Property(scanlist7)][/B]</label>
			</control>
        	<control type="label">
				<description>scanresult8</description>
				<posx>40</posx>
				<posy>460</posy>
				<width>340</width>
				<height>30</height>
				<font>font24_title</font>
				<textcolor>$INFO[Window(Home).Property(textcolor8)]</textcolor>
				<align>left</align>
				<label>[B]$INFO[Window(Home).Property(scanlist8)][/B]</label>
			</control>
	    </control>

<!-- Networks -->
	    <control type="group">
			<description>Network1</description>
			<include>Window_OpenClose_Animation_Fade</include>
			<visible>String.IsEqual(Window(Home).Property(showconfig1),true)</visible>
			<visible>String.IsEqual(Window(Home).Property(wifiavailable),true)</visible>
			<visible>String.IsEqual(Window(Home).Property(install),false)</visible>
			<visible>String.IsEqual(Window(Home).Property(switching),false)</visible>
			<posx>65</posx>
			<posy>100</posy>
			<control type="button" id="1205">
				<posx>0</posx>
				<posy>0</posy>
				<width>750</width>
				<height>80</height>
				<font>-</font>
				<aspectratio scalediffuse="true" align="center" aligny="center">stretch</aspectratio>
				<texturenofocus colordiffuse="66FFFFFF" border="5">black.png</texturenofocus>
				<texturefocus colordiffuse="$VAR[CustomColorFocus]" border="5">menuitem2f.png</texturefocus>
				<onup>1201</onup>
				<ondown>1206</ondown>
			</control>
			<control type="image">
				<posx>0</posx>
				<posy>0</posy>
				<width>750</width>
				<height>82</height>
				<aspectratio scalediffuse="true" align="center" aligny="center">stretch</aspectratio>
				<texture border="5">menuitem_white_nf.png</texture>
			</control>
        	<control type="label">
				<posx>20</posx>
				<posy>10</posy>
				<width>400</width>
				<height>60</height>
				<font>font30_title</font>
				<textcolor>white</textcolor>
				<align>left</align>
				<aligny>center</aligny>
				<label>$INFO[Window(Home).Property(storednet1)]</label>
			</control>
        	<control type="label">
				<posx>420</posx>
				<posy>10</posy>
				<width>220</width>
				<height>60</height>
				<font>font20</font>
				<textcolor>white</textcolor>
				<align>left</align>
				<aligny>center</aligny>
				<label>$INFO[Window(Home).Property(storedstate1)]</label>
			</control>
			<control type="image">
				<visible>!String.IsEmpty(Window(Home).Property(storednet1))</visible>
				<description>Icon</description>
				<posx>685</posx>
				<posy>20</posy>
				<width>40</width>
				<height>40</height>
				<texture colordiffuse="FF0EBD01">overlaywatched.png</texture>
			</control>
        	<control type="label">
				<visible>String.IsEmpty(Window(Home).Property(storednet1))</visible>
				<posx>25</posx>
				<posy>6</posy>
				<width>700</width>
				<height>60</height>
				<font>font24_title</font>
				<textcolor>white</textcolor>
				<align>center</align>
				<aligny>center</aligny>
				<label>$LOCALIZE[40149]</label>
			</control>
	    </control>
	    <control type="group">
			<description>Network2</description>
			<include>Window_OpenClose_Animation_Fade</include>
			<visible>String.IsEqual(Window(Home).Property(showconfig2),true)</visible>
			<visible>String.IsEqual(Window(Home).Property(wifiavailable),true)</visible>
			<visible>String.IsEqual(Window(Home).Property(install),false)</visible>
			<visible>String.IsEqual(Window(Home).Property(switching),false)</visible>
			<posx>65</posx>
			<posy>180</posy>
			<control type="button" id="1206">
				<posx>0</posx>
				<posy>0</posy>
				<width>750</width>
				<height>82</height>
				<aspectratio scalediffuse="true" align="center" aligny="center">stretch</aspectratio>
				<texturenofocus colordiffuse="66FFFFFF" border="5">black.png</texturenofocus>
				<texturefocus colordiffuse="$VAR[CustomColorFocus]" border="5">menuitem2f.png</texturefocus>
				<onup>1205</onup>
				<ondown>1207</ondown>
			</control>
			<control type="image">
				<posx>0</posx>
				<posy>0</posy>
				<width>750</width>
				<height>82</height>
				<aspectratio scalediffuse="true" align="center" aligny="center">stretch</aspectratio>
				<texture border="5">menuitem_white_nf.png</texture>
			</control>
        	<control type="label">
				<posx>20</posx>
				<posy>10</posy>
				<width>400</width>
				<height>60</height>
				<font>font30_title</font>
				<textcolor>white</textcolor>
				<align>left</align>
				<aligny>center</aligny>
				<label>$INFO[Window(Home).Property(storednet2)]</label>
			</control>
        	<control type="label">
				<posx>420</posx>
				<posy>10</posy>
				<width>220</width>
				<height>60</height>
				<font>font20</font>
				<textcolor>white</textcolor>
				<align>left</align>
				<aligny>center</aligny>
				<label>$INFO[Window(Home).Property(storedstate2)]</label>
			</control>
			<control type="image">
				<visible>!String.IsEmpty(Window(Home).Property(storednet2))</visible>
				<description>Icon</description>
				<posx>685</posx>
				<posy>20</posy>
				<width>40</width>
				<height>40</height>
				<texture colordiffuse="FF0ebd01">overlaywatched.png</texture>
			</control>
        	<control type="label">
				<visible>String.IsEmpty(Window(Home).Property(storednet2))</visible>
				<posx>25</posx>
				<posy>6</posy>
				<width>700</width>
				<height>60</height>
				<font>font24_title</font>
				<textcolor>white</textcolor>
				<align>center</align>
				<aligny>center</aligny>
				<label>$LOCALIZE[40149]</label>
			</control>
	    </control>
	    <control type="group">
			<description>Network3</description>
			<include>Window_OpenClose_Animation_Fade</include>
			<visible>String.IsEqual(Window(Home).Property(showconfig3),true)</visible>
			<visible>String.IsEqual(Window(Home).Property(wifiavailable),true)</visible>
			<visible>String.IsEqual(Window(Home).Property(install),false)</visible>
			<visible>String.IsEqual(Window(Home).Property(switching),false)</visible>
			<posx>65</posx>
			<posy>260</posy>
			<control type="button" id="1207">
				<posx>0</posx>
				<posy>0</posy>
				<width>750</width>
				<height>80</height>
				<font>-</font>
				<aspectratio scalediffuse="true" align="center" aligny="center">stretch</aspectratio>
				<texturenofocus colordiffuse="66FFFFFF" border="5">black.png</texturenofocus>
				<texturefocus colordiffuse="$VAR[CustomColorFocus]" border="5">menuitem2f.png</texturefocus>
				<onup>1206</onup>
				<ondown>1208</ondown>
			</control>
			<control type="image">
				<posx>0</posx>
				<posy>0</posy>
				<width>750</width>
				<height>82</height>
				<aspectratio scalediffuse="true" align="center" aligny="center">stretch</aspectratio>
				<texture border="5">menuitem_white_nf.png</texture>
			</control>
        	<control type="label">
				<posx>20</posx>
				<posy>10</posy>
				<width>400</width>
				<height>60</height>
				<font>font30_title</font>
				<textcolor>white</textcolor>
				<align>left</align>
				<aligny>center</aligny>
				<label>$INFO[Window(Home).Property(storednet3)]</label>
			</control>
        	<control type="label">
				<posx>420</posx>
				<posy>10</posy>
				<width>220</width>
				<height>60</height>
				<font>font20</font>
				<textcolor>white</textcolor>
				<align>left</align>
				<aligny>center</aligny>
				<label>$INFO[Window(Home).Property(storedstate3)]</label>
			</control>
			<control type="image">
				<visible>!String.IsEmpty(Window(Home).Property(storednet3))</visible>
				<description>Icon</description>
				<posx>685</posx>
				<posy>20</posy>
				<width>40</width>
				<height>40</height>
				<texture colordiffuse="FF0EBD01">overlaywatched.png</texture>
			</control>
			<control type="label">
				<visible>String.IsEmpty(Window(Home).Property(storednet3))</visible>
				<posx>25</posx>
				<posy>6</posy>
				<width>700</width>
				<height>60</height>
				<font>font24_title</font>
				<textcolor>white</textcolor>
				<align>center</align>
				<aligny>center</aligny>
				<label>$LOCALIZE[40149]</label>
			</control>
	    </control>
	    <control type="group">
			<description>Network4</description>
			<include>Window_OpenClose_Animation_Fade</include>
			<visible>String.IsEqual(Window(Home).Property(showconfig4),true)</visible>
			<visible>String.IsEqual(Window(Home).Property(wifiavailable),true)</visible>
			<visible>String.IsEqual(Window(Home).Property(install),false)</visible>
			<visible>String.IsEqual(Window(Home).Property(switching),false)</visible>
			<posx>65</posx>
			<posy>340</posy>
			<control type="button" id="1208">
				<posx>0</posx>
				<posy>0</posy>
				<width>750</width>
				<height>80</height>
				<font>-</font>
				<aspectratio scalediffuse="true" align="center" aligny="center">stretch</aspectratio>
				<texturenofocus colordiffuse="66FFFFFF" border="5">black.png</texturenofocus>
				<texturefocus colordiffuse="$VAR[CustomColorFocus]" border="5">menuitem2f.png</texturefocus>
				<onup>1207</onup>
				<ondown>1204</ondown>
			</control>
			<control type="image">
				<posx>0</posx>
				<posy>0</posy>
				<width>750</width>
				<height>82</height>
				<aspectratio scalediffuse="true" align="center" aligny="center">stretch</aspectratio>
				<texture border="5">menuitem_white_nf.png</texture>
			</control>
        	<control type="label">
				<posx>20</posx>
				<posy>10</posy>
				<width>400</width>
				<height>60</height>
				<font>font30_title</font>
				<textcolor>white</textcolor>
				<align>left</align>
				<aligny>center</aligny>
				<label>$INFO[Window(Home).Property(storednet4)]</label>
			</control>
        	<control type="label">
				<posx>420</posx>
				<posy>10</posy>
				<width>220</width>
				<height>60</height>
				<font>font20</font>
				<textcolor>white</textcolor>
				<align>left</align>
				<aligny>center</aligny>
				<label>$INFO[Window(Home).Property(storedstate4)]</label>
			</control>
			<control type="image">
				<visible>!String.IsEmpty(Window(Home).Property(storednet4))</visible>
				<description>Icon</description>
				<posx>685</posx>
				<posy>20</posy>
				<width>40</width>
				<height>40</height>
				<texture colordiffuse="FF0EBD01">overlaywatched.png</texture>
			</control>
			<control type="label">
				<visible>String.IsEmpty(Window(Home).Property(storednet4))</visible>
				<posx>25</posx>
				<posy>6</posy>
				<width>700</width>
				<height>60</height>
				<font>font24_title</font>
				<textcolor>white</textcolor>
				<align>center</align>
				<aligny>center</aligny>
				<label>$LOCALIZE[40149]</label>
			</control>
	    </control>

	    <control type="group">
			<description>wifinotavailable</description>
			<include>Window_OpenClose_Animation_Fade</include>
			<visible>String.IsEqual(Window(Home).Property(wifiavailable),false)</visible>
			<visible>String.IsEqual(Window(Home).Property(hostapdactive),false)</visible>
			<visible>String.IsEqual(Window(Home).Property(install),false)</visible>
			<visible>String.IsEqual(Window(Home).Property(switching),false)</visible>
			<visible>String.IsEqual(Window(Home).Property(baserequirements),true)</visible>
			<visible>String.IsEqual(Window(Home).Property(startup),false)</visible>
			<posx>0</posx>
			<posy>305</posy>
        	<control type="label">
				<posx>0</posx>
				<posy>0</posy>
				<width>1280</width>
				<height>120</height>
				<font>font30_title</font>
				<textcolor>white</textcolor>
				<align>center</align>
				<aligny>center</aligny>
				<label>[B]$ADDON[plugin.program.wifimanager 30005][/B]</label>
			</control>
	    </control>

	    <control type="group">
			<description>wificlientdisabled</description>
			<include>Window_OpenClose_Animation_Fade</include>
			<visible>String.IsEqual(Window(Home).Property(wifiavailable),true)</visible>
			<visible>String.IsEqual(Window(Home).Property(hostapdactive),false)</visible>
			<visible>String.IsEqual(Window(Home).Property(install),false)</visible>
			<visible>String.IsEqual(Window(Home).Property(switching),false)</visible>
			<visible>String.IsEqual(Window(Home).Property(baserequirements),true)</visible>
			<visible>String.IsEqual(Window(Home).Property(startup),false)</visible>
			<visible>String.IsEqual(Window(Home).Property(clientoffline),true)</visible>
			<posx>0</posx>
			<posy>305</posy>
        	<control type="label">
				<posx>0</posx>
				<posy>0</posy>
				<width>1280</width>
				<height>120</height>
				<font>font30_title</font>
				<textcolor>white</textcolor>
				<align>center</align>
				<aligny>center</aligny>
				<label>[B]$ADDON[plugin.program.wifimanager 30046][/B]</label>
			</control>
	    </control>

	    <control type="group">
			<description>baserequirements</description>
			<include>Window_OpenClose_Animation_Fade</include>
			<visible>String.IsEqual(Window(Home).Property(wifiavailable),false)</visible>
			<visible>String.IsEqual(Window(Home).Property(hostapdactive),false)</visible>
			<visible>String.IsEqual(Window(Home).Property(install),false)</visible>
			<visible>String.IsEqual(Window(Home).Property(switching),false)</visible>
			<visible>String.IsEqual(Window(Home).Property(baserequirements),false)</visible>
			<posx>0</posx>
			<posy>305</posy>
        	<control type="label">
				<posx>0</posx>
				<posy>0</posy>
				<width>1280</width>
				<height>120</height>
				<font>font30_title</font>
				<textcolor>white</textcolor>
				<align>center</align>
				<aligny>center</aligny>
				<label>[B]$ADDON[plugin.program.wifimanager 30042][/B]</label>
			</control>
	    </control>

	    <control type="group">
			<description>install</description>
			<include>Window_OpenClose_Animation_Fade</include>
			<visible>String.IsEqual(Window(Home).Property(install),true)</visible>
			<posx>0</posx>
			<posy>305</posy>
        	<control type="label">
				<posx>0</posx>
				<posy>0</posy>
				<width>1280</width>
				<height>80</height>
				<font>font30_title</font>
				<textcolor>white</textcolor>
				<shadowcolor>black</shadowcolor>
				<align>center</align>
				<aligny>center</aligny>
				<label>[B]$ADDON[plugin.program.wifimanager 30021][/B]</label>
			</control>
        	<control type="label">
				<posx>0</posx>
				<posy>80</posy>
				<width>1280</width>
				<height>80</height>
				<font>font30_title</font>
				<textcolor>white</textcolor>
				<shadowcolor>black</shadowcolor>
				<align>center</align>
				<aligny>center</aligny>
				<label>[B]$INFO[Window(Home).Property(installmessage)][/B]</label>
			</control>
        	<control type="label">
				<posx>0</posx>
				<posy>160</posy>
				<width>1280</width>
				<height>80</height>
				<font>font30</font>
				<textcolor>white</textcolor>
				<shadowcolor>black</shadowcolor>
				<align>center</align>
				<aligny>center</aligny>
				<label>[B]$INFO[Window(Home).Property(commandoutput)][/B]</label>
			</control>
	    </control>

	    <control type="group">
			<description>switch mode</description>
			<include>Window_OpenClose_Animation_Fade</include>
			<visible>String.IsEqual(Window(Home).Property(switching),true)</visible>
			<posx>0</posx>
			<posy>305</posy>
        	<control type="label">
				<posx>0</posx>
				<posy>0</posy>
				<width>1280</width>
				<height>120</height>
				<font>font30_title</font>
				<textcolor>white</textcolor>
				<shadowcolor>black</shadowcolor>
				<align>center</align>
				<aligny>center</aligny>
				<label>[B]$ADDON[plugin.program.wifimanager 30024][/B]</label>
			</control>
        	<control type="label">
				<posx>0</posx>
				<posy>80</posy>
				<width>1280</width>
				<height>80</height>
				<font>font30_title</font>
				<textcolor>white</textcolor>
				<shadowcolor>black</shadowcolor>
				<align>center</align>
				<aligny>center</aligny>
				<label>[B]$INFO[Window(Home).Property(commandoutput)][/B]</label>
			</control>
	    </control>

	    <control type="group">
			<description>Clientlist</description>
			<include>Window_OpenClose_Animation_Fade</include>
			<visible>String.IsEqual(Window(Home).Property(hostapdactive),true)</visible>
			<visible>String.IsEqual(Window(Home).Property(install),false)</visible>
			<visible>String.IsEqual(Window(Home).Property(switching),false)</visible>
			<posx>15</posx>
			<posy>95</posy>
			<control type="image">
				<description>Background</description>
				<posx>0</posx>
				<posy>30</posy>
				<width>400</width>
				<height>482</height>
				<aspectratio scalediffuse="true" align="center" aligny="center">stretch</aspectratio>
				<texture colordiffuse="66FFFFFF">black.png</texture>
			</control>
        	<control type="label">
				<description>header</description>
				<posx>40</posx>
				<posy>40</posy>
				<width>340</width>
				<height>30</height>
				<font>font30_title</font>
				<textcolor>blue</textcolor>
				<align>center</align>
				<label>[B]Client[/B]</label>
			</control>
        	<control type="label">
				<description>clientip1</description>
				<posx>40</posx>
				<posy>100</posy>
				<width>340</width>
				<height>30</height>
				<font>font24_title</font>
				<textcolor>white</textcolor>
				<align>left</align>
				<label>[B]$INFO[Window(Home).Property(clientip1)][/B]</label>
			</control>
        	<control type="label">
				<description>clientip2</description>
				<posx>40</posx>
				<posy>160</posy>
				<width>340</width>
				<height>30</height>
				<font>font24_title</font>
				<textcolor>white</textcolor>
				<align>left</align>
				<label>[B]$INFO[Window(Home).Property(clientip2)][/B]</label>
			</control>
        	<control type="label">
				<description>clientip3</description>
				<posx>40</posx>
				<posy>220</posy>
				<width>340</width>
				<height>30</height>
				<font>font24_title</font>
				<textcolor>white</textcolor>
				<align>left</align>
				<label>[B]$INFO[Window(Home).Property(clientip3)][/B]</label>
			</control>
        	<control type="label">
				<description>clientip4</description>
				<posx>40</posx>
				<posy>280</posy>
				<width>340</width>
				<height>30</height>
				<font>font24_title</font>
				<textcolor>white</textcolor>
				<align>left</align>
				<label>[B]$INFO[Window(Home).Property(clientip4)][/B]</label>
			</control>
        	<control type="label">
				<description>clientip5</description>
				<posx>40</posx>
				<posy>340</posy>
				<width>340</width>
				<height>30</height>
				<font>font24_title</font>
				<textcolor>white</textcolor>
				<align>left</align>
				<label>[B]$INFO[Window(Home).Property(clientip5)][/B]</label>
			</control>
        	<control type="label">
				<description>clientip6</description>
				<posx>40</posx>
				<posy>400</posy>
				<width>340</width>
				<height>30</height>
				<font>font24_title</font>
				<textcolor>white</textcolor>
				<align>left</align>
				<label>[B]$INFO[Window(Home).Property(clientip6)][/B]</label>
			</control>
        	<control type="label">
				<description>clientip7</description>
				<posx>40</posx>
				<posy>460</posy>
				<width>340</width>
				<height>30</height>
				<font>font24_title</font>
				<textcolor>white</textcolor>
				<align>left</align>
				<label>[B]$INFO[Window(Home).Property(clientip7)][/B]</label>
			</control>


			<control type="image">
				<description>Background</description>
				<posx>415</posx>
				<posy>30</posy>
				<width>400</width>
				<height>482</height>
				<aspectratio scalediffuse="true" align="center" aligny="center">stretch</aspectratio>
				<texture colordiffuse="66FFFFFF">black.png</texture>
			</control>
        	<control type="label">
				<description>header</description>
				<posx>455</posx>
				<posy>40</posy>
				<width>340</width>
				<height>30</height>
				<font>font30_title</font>
				<textcolor>blue</textcolor>
				<align>center</align>
				<label>[B]IP[/B]</label>
			</control>
        	<control type="label">
				<description>client1</description>
				<posx>455</posx>
				<posy>100</posy>
				<width>340</width>
				<height>30</height>
				<font>font24_title</font>
				<textcolor>white</textcolor>
				<align>left</align>
				<label>[B]$INFO[Window(Home).Property(client1)][/B]</label>
			</control>
        	<control type="label">
				<description>client2</description>
				<posx>455</posx>
				<posy>160</posy>
				<width>340</width>
				<height>30</height>
				<font>font24_title</font>
				<textcolor>white</textcolor>
				<align>left</align>
				<label>[B]$INFO[Window(Home).Property(client2)][/B]</label>
			</control>
        	<control type="label">
				<description>client3</description>
				<posx>455</posx>
				<posy>220</posy>
				<width>340</width>
				<height>30</height>
				<font>font24_title</font>
				<textcolor>white</textcolor>
				<align>left</align>
				<label>[B]$INFO[Window(Home).Property(client3)][/B]</label>
			</control>
        	<control type="label">
				<description>client4</description>
				<posx>455</posx>
				<posy>280</posy>
				<width>340</width>
				<height>30</height>
				<font>font24_title</font>
				<textcolor>white</textcolor>
				<align>left</align>
				<label>[B]$INFO[Window(Home).Property(client4)][/B]</label>
			</control>
        	<control type="label">
				<description>client5</description>
				<posx>455</posx>
				<posy>340</posy>
				<width>340</width>
				<height>30</height>
				<font>font24_title</font>
				<textcolor>white</textcolor>
				<align>left</align>
				<label>[B]$INFO[Window(Home).Property(client5)][/B]</label>
			</control>
        	<control type="label">
				<description>client6</description>
				<posx>455</posx>
				<posy>400</posy>
				<width>340</width>
				<height>30</height>
				<font>font24_title</font>
				<textcolor>white</textcolor>
				<align>left</align>
				<label>[B]$INFO[Window(Home).Property(client6)][/B]</label>
			</control>
        	<control type="label">
				<description>client7</description>
				<posx>455</posx>
				<posy>460</posy>
				<width>340</width>
				<height>30</height>
				<font>font24_title</font>
				<textcolor>white</textcolor>
				<align>left</align>
				<label>[B]$INFO[Window(Home).Property(client7)][/B]</label>
			</control>
	    </control>

	    <control type="group">
			<description>hostapd</description>
			<include>Window_OpenClose_Animation_Fade</include>
			<visible>String.IsEqual(Window(Home).Property(hostapdactive),true)</visible>
			<visible>String.IsEqual(Window(Home).Property(install),false)</visible>
			<visible>String.IsEqual(Window(Home).Property(switching),false)</visible>
			<posx>1065</posx>
			<posy>123</posy>
			<control type="button" id="1211">
				<posx>0</posx>
				<posy>0</posy>
				<width>200</width>
				<height>200</height>
				<font>-</font>
				<aspectratio scalediffuse="true" align="center" aligny="center">stretch</aspectratio>
				<texturenofocus colordiffuse="66FFFFFF" border="5">black.png</texturenofocus>
				<texturefocus colordiffuse="$VAR[CustomColorFocus]" border="5">menuitem2f.png</texturefocus>
				<onup>1212</onup>
				<ondown>1202</ondown>
			</control>
        	<control type="label">
				<posx>0</posx>
				<posy>20</posy>
				<width>200</width>
				<height>50</height>
				<font>font24_title</font>
				<textcolor>white</textcolor>
				<align>center</align>
				<aligny>center</aligny>
				<label>[B]Status[/B]</label>
			</control>
        	<control type="label">
				<posx>0</posx>
				<posy>70</posy>
				<width>200</width>
				<height>50</height>
				<font>font24_title</font>
				<textcolor>white</textcolor>
				<align>center</align>
				<aligny>center</aligny>
				<label>[B]HOSTAPD[/B]</label>
			</control>
			<control type="image">
				<description>Icon</description>
				<posx>75</posx>
				<posy>120</posy>
				<width>50</width>
				<height>50</height>
				<texture>$INFO[Window(Home).Property(hostapdicon)]</texture>
			</control>
	    </control>

	    <control type="group">
			<description>dnsmasq</description>
			<include>Window_OpenClose_Animation_Fade</include>
			<visible>String.IsEqual(Window(Home).Property(hostapdactive),true)</visible>
			<visible>String.IsEqual(Window(Home).Property(install),false)</visible>
			<visible>String.IsEqual(Window(Home).Property(switching),false)</visible>
			<posx>850</posx>
			<posy>123</posy>
			<control type="button" id="1212">
				<posx>0</posx>
				<posy>0</posy>
				<width>200</width>
				<height>200</height>
				<font>-</font>
				<aspectratio scalediffuse="true" align="center" aligny="center">stretch</aspectratio>
				<texturenofocus colordiffuse="66FFFFFF" border="5">black.png</texturenofocus>
				<texturefocus colordiffuse="$VAR[CustomColorFocus]" border="5">menuitem2f.png</texturefocus>
				<onup>1209</onup>
				<ondown>1211</ondown>
			</control>
        	<control type="label">
				<posx>0</posx>
				<posy>20</posy>
				<width>200</width>
				<height>50</height>
				<font>font24_title</font>
				<textcolor>white</textcolor>
				<align>center</align>
				<aligny>center</aligny>
				<label>[B]Status[/B]</label>
			</control>
        	<control type="label">
				<posx>0</posx>
				<posy>70</posy>
				<width>200</width>
				<height>50</height>
				<font>font24_title</font>
				<textcolor>white</textcolor>
				<align>center</align>
				<aligny>center</aligny>
				<label>[B]DNS/DHCP[/B]</label>
			</control>
			<control type="image">
				<description>Icon</description>
				<posx>75</posx>
				<posy>120</posy>
				<width>50</width>
				<height>50</height>
				<texture>$INFO[Window(Home).Property(dnsmasqicon)]</texture>
			</control>
	    </control>

	    <control type="group">
			<description>SSIDInfo</description>
			<include>Window_OpenClose_Animation_Fade</include>
			<visible>String.IsEqual(Window(Home).Property(hostapdactive),true)</visible>
			<visible>String.IsEqual(Window(Home).Property(install),false)</visible>
			<visible>String.IsEqual(Window(Home).Property(switching),false)</visible>
			<posx>850</posx>
			<posy>339</posy>
			<control type="image">
				<description>Background</description>
				<posx>0</posx>
				<posy>0</posy>
				<width>415</width>
				<height>268</height>
				<aspectratio scalediffuse="true" align="center" aligny="center">stretch</aspectratio>
				<texture colordiffuse="66FFFFFF" border="5">black.png</texture>
			</control>
        	<control type="label">
				<posx>0</posx>
				<posy>50</posy>
				<width>415</width>
				<height>50</height>
				<font>font24_title</font>
				<textcolor>white</textcolor>
				<align>center</align>
				<aligny>center</aligny>
				<label>[B]SSID[/B]</label>
			</control>
        	<control type="label">
				<posx>0</posx>
				<posy>110</posy>
				<width>415</width>
				<height>50</height>
				<font>font30_title</font>
				<textcolor>white</textcolor>
				<align>center</align>
				<aligny>center</aligny>
				<label>$INFO[Window(Home).Property(hotspotssid)]</label>
			</control>
        	<control type="label">
				<posx>0</posx>
				<posy>170</posy>
				<width>415</width>
				<height>50</height>
				<font>font24_title</font>
				<textcolor>white</textcolor>
				<align>center</align>
				<aligny>center</aligny>
				<label>[B]$INFO[Window(Home).Property(ipaddress)][/B]</label>
			</control>
	    </control>

	</controls>
</window>
