<window id="126">
	<defaultcontrol always="true">450</defaultcontrol>
	<!-- removed allowoverlay -->
	<include>16x9_xPos_Relocation</include>
	<include>Window_OpenClose_Animation_Zoom</include>
	<backgroundcolor>0</backgroundcolor>
	<coordinates>
		<system>1</system>
		<posx>-50</posx>
		<posy>0</posy>
	</coordinates>
	<controls>
		<control type="image">
			<posx>0</posx>
			<posy>0</posy>
			<width>1020</width>
			<height>60</height>
			<texture border="5">DialogHeader.png</texture>
		</control>
		<control type="label" id="411">
			<description>header label</description>
			<posx>20</posx>
			<posy>0</posy>
			<include>WindowTitleCommons</include>
			<width>910</width>
			<label>$LOCALIZE[1023]</label>
		</control>
		<control type="group">
			<posx>950</posx>
			<posy>0</posy>
			<include>DialogCloseButtonCommons</include>
		</control>
		<control type="image">
			<posx>0</posx>
			<posy>60</posy>
			<width>1020</width>
			<height>660</height>
			<texture border="5">black.png</texture>
		</control>

		<control type="label" id="412">
			<description>path label</description>
			<posx>20</posx>
			<posy>80</posy>
			<width>980</width>
			<height>30</height>
			<align>center</align>
			<aligny>center</aligny>
			<font>font20_title</font>
			<haspath>true</haspath>
			<textcolor>black</textcolor>
		</control>
		<control type="list" id="450">
			<animation effect="slide" start="0,0" end="10,0" time="0" condition="!Control.IsVisible(60)">Conditional</animation>
			<posx>20</posx>
			<posy>120</posy>
			<width>960</width>
			<height>500</height>
			<onleft>9000</onleft>
			<onright>60</onright>
			<onup>450</onup>
			<ondown>450</ondown>
			<pagecontrol>60</pagecontrol>
			<scrolltime>200</scrolltime>
			<itemlayout height="60" width="960">
				<control type="image">
					<posx>0</posx>
					<posy>0</posy>
					<width>960</width>
					<height>60</height>
					<texture border="5">MenuItemNF.png</texture>
				</control>
				<control type="image">
					<posx>10</posx>
					<posy>2</posy>
					<width>57</width>
					<height>57</height>
					<texture background="true">$INFO[ListItem.Icon]</texture>
				</control>
				<control type="label">
					<posx>80</posx>
					<posy>0</posy>
					<width>780</width>
					<height>60</height>
					<font>font25</font>
					<align>left</align>
					<aligny>center</aligny>
					<textcolor>white</textcolor>
					<focusedcolor>$VAR[CustomColorFocus]</focusedcolor>
					<label>$INFO[ListItem.Label]</label>
				</control>
			</itemlayout>
			<focusedlayout height="60" width="960">
				<control type="image">
					<posx>0</posx>
					<posy>0</posy>
					<width>960</width>
					<height>60</height>
					<texture border="5">list_bg_fo.png</texture>
				</control>
				<control type="image">
					<posx>10</posx>
					<posy>2</posy>
					<width>57</width>
					<height>57</height>
					<texture background="true">$INFO[ListItem.Icon]</texture>
				</control>
				<control type="label">
					<posx>80</posx>
					<posy>0</posy>
					<width>780</width>
					<height>60</height>
					<font>font25</font>
					<align>left</align>
					<aligny>center</aligny>
					<textcolor>white</textcolor>
					<focusedcolor>$VAR[CustomColorFocus]</focusedcolor>
					<label>$INFO[ListItem.Label]</label>
				</control>
			</focusedlayout>
		</control>
		<control type="scrollbar" id="60">
			<posx>990</posx>
			<posy>120</posy>
			<width>29</width>
			<height>600</height>
			<texturesliderbackground border="0,14,0,14">ScrollBarV.png</texturesliderbackground>
			<texturesliderbar border="0,14,0,14">ScrollBarV_bar.png</texturesliderbar>
			<texturesliderbarfocus border="0,14,0,14">ScrollBarV_bar_focus.png</texturesliderbarfocus>
			<textureslidernib>ScrollBarNib.png</textureslidernib>
			<textureslidernibfocus>ScrollBarNib.png</textureslidernibfocus>
			<onleft>450</onleft>
			<onright>9000</onright>
			<ondown>60</ondown>
			<onup>60</onup>
			<showonepage>false</showonepage>
			<orientation>vertical</orientation>
			<animation effect="fade" time="150">Visible</animation>
			<animation effect="fade" time="150">Hidden</animation>
			<visible>Control.IsVisible(450)</visible>
		</control>
		<control type="label">
			<description>Page label</description>
			<posx>980</posx>
			<posy>690</posy>
			<width>660</width>
			<height>30</height>
			<align>right</align>
			<aligny>center</aligny>
			<font>font23</font>
			<textcolor>black</textcolor>
			<label>($INFO[Container(450).NumItems]) $LOCALIZE[31025] - $LOCALIZE[31024] ($INFO[Container(450).CurrentPage]/$INFO[Container(450).NumPages])</label>
			<visible>!Control.IsVisible(451)</visible>
		</control>
		<control type="panel" id="451">
			<animation effect="slide" start="0,0" end="10,0" time="0" condition="!Control.IsVisible(61)">Conditional</animation>
			<posx>20</posx>
			<posy>120</posy>
			<width>960</width>
			<height>650</height>
			<onleft>9000</onleft>
			<onright>60</onright>
			<onup>451</onup>
			<ondown>451</ondown>
			<pagecontrol>61</pagecontrol>
			<scrolltime>200</scrolltime>
			<itemlayout height="330" width="320">
				<control type="image">
					<posx>20</posx>
					<posy>10</posy>
					<width>280</width>
					<height>280</height>
					<texture background="true">$INFO[ListItem.Icon]</texture>
					<bordersize>8</bordersize>
				</control>
				<control type="image">
					<posx>10</posx>
					<posy>0</posy>
					<width>300</width>
					<height>300</height>
					<texture background="true">border_rect_thin.png</texture>
					<bordersize>8</bordersize>
				</control>
				<control type="label">
					<posx>10</posx>
					<posy>300</posy>
					<width>300</width>
					<height>20</height>
					<font>font20</font>
					<textcolor>white</textcolor>
					<focusedcolor>$VAR[CustomColorFocus]</focusedcolor>
					<align>center</align>
					<aligny>center</aligny>
					<info>ListItem.Label</info>
				</control>
			</itemlayout>
			<focusedlayout height="330" width="320">
				<control type="image">
					<posx>20</posx>
					<posy>10</posy>
					<width>280</width>
					<height>280</height>
					<texture background="true">$INFO[ListItem.Icon]</texture>
					<bordersize>8</bordersize>
				</control>
				<control type="image">
					<posx>10</posx>
					<posy>0</posy>
					<width>300</width>
					<height>300</height>
					<texture colordiffuse="$VAR[CustomColorFocus]" background="true">border_rect_thin.png</texture>
					<bordersize>8</bordersize>
				</control>
				<control type="label">
					<posx>10</posx>
					<posy>300</posy>
					<width>300</width>
					<height>20</height>
					<font>font20</font>
					<textcolor>white</textcolor>
				<focusedcolor>$VAR[CustomColorFocus]</focusedcolor>
					<align>center</align>
					<aligny>center</aligny>
					<info>ListItem.Label</info>
				</control>
			</focusedlayout>
		</control>
		<control type="scrollbar" id="61">
			<posx>990</posx>
			<posy>120</posy>
			<width>29</width>
			<height>650</height>
			<texturesliderbackground border="0,14,0,14">ScrollBarV.png</texturesliderbackground>
			<texturesliderbar border="0,14,0,14">ScrollBarV_bar.png</texturesliderbar>
			<texturesliderbarfocus border="0,14,0,14">ScrollBarV_bar_focus.png</texturesliderbarfocus>
			<textureslidernib>ScrollBarNib.png</textureslidernib>
			<textureslidernibfocus>ScrollBarNib.png</textureslidernibfocus>
			<onleft>3</onleft>
			<onright>3</onright>
			<ondown>61</ondown>
			<onup>61</onup>
			<showonepage>false</showonepage>
			<orientation>vertical</orientation>
			<animation effect="fade" time="150">Visible</animation>
			<animation effect="fade" time="150">Hidden</animation>
			<visible>Control.IsVisible(451)</visible>
		</control>
		<control type="label">
			<description>Page label</description>
			<posx>980</posx>
			<posy>680</posy>
			<width>660</width>
			<height>30</height>
			<align>right</align>
			<aligny>center</aligny>
			<font>font20</font>
			<textcolor>black</textcolor>
			<label>($INFO[Container(451).NumItems]) $LOCALIZE[31025] - $LOCALIZE[31024] ($INFO[Container(451).CurrentPage]/$INFO[Container(451).NumPages])</label>
			<visible>Control.IsVisible(451)</visible>
		</control>
		<control type="grouplist" id="9000">
			<posx>20</posx>
			<posy>630</posy>
			<width>980</width>
			<height>60</height>
			<itemgap>5</itemgap>
			<align>center</align>
			<orientation>horizontal</orientation>
			<onleft>9000</onleft>
			<onright>9000</onright>
			<onup>450</onup>
			<ondown></ondown>
			<control type="button" id="413">
				<description>OK button</description>
				<width>200</width>
				<include>ButtonInfoDialogsCommonValues</include>
				<label>186</label>
			</control>
			<control type="button" id="414">
				<description>Cancel button</description>
				<width>200</width>
				<include>ButtonInfoDialogsCommonValues</include>
				<label>222</label>
			</control>
			<control type="button" id="415">
				<description>Create folder button</description>
				<width>200</width>
				<include>ButtonInfoDialogsCommonValues</include>
				<label>119</label>
			</control>
			<control type="radiobutton" id="416">
				<description>Flip Image button</description>
				<width>270</width>
				<align>left</align>
				<include>ButtonInfoDialogsCommonValues</include>
				<label>749</label>
			</control>
		</control>
	</controls>
</window>