<?xml version="1.0" encoding="UTF-8"?>
<fonts>
	<fontset id="Default" idloc="31390" unicode="true"> 
	<!-- Normal Fonts -->
		<font>
			<name>font12</name>
			<filename>RobotoCondensed-Light.ttf</filename>
			<size>12</size>
		</font>
		<font>
			<name>font13</name>
			<filename>RobotoCondensed-Light.ttf</filename>
			<size>22</size>
		</font>
		<font>
			<name>font14</name>
			<filename>RobotoCondensed-Light.ttf</filename>
			<size>14</size>
		</font>
		<font>
			<name>font16</name>
			<filename>RobotoCondensed-Light.ttf</filename>
			<size>16</size>
		</font>
		<font>
			<name>font20</name>
			<filename>RobotoCondensed-Light.ttf</filename>
			<size>20</size>
		</font>
		<font>
			<name>font23</name>
			<filename>RobotoCondensed-Light.ttf</filename>
			<size>23</size>
		</font>
		<font>
			<name>font24</name>
			<filename>RobotoCondensed-Light.ttf</filename>
			<size>24</size>
		</font>
		<font>
			<name>font25</name>
			<filename>RobotoCondensed-Light.ttf</filename>
			<size>25</size>
		</font>
		<font>
			<name>font26</name>
			<filename>RobotoCondensed-Light.ttf</filename>
			<size>26</size>
		</font>
		<font>
			<name>font28</name>
			<filename>RobotoCondensed-Light.ttf</filename>
			<size>28</size>
		</font>
		<font>
			<name>font30</name>
			<filename>RobotoCondensed-Light.ttf</filename>
			<size>30</size>
		</font>
		<font>
			<name>font36</name>
			<filename>RobotoCondensed-Light.ttf</filename>
			<size>36</size>
		</font>

	<!-- Title Fonts -->
		<font>
			<name>font11_title</name>
			<filename>Roboto-Regular.ttf</filename>
			<size>11</size>
		</font>
		<font>
			<name>font14_title</name>
			<filename>Roboto-Regular.ttf</filename>
			<size>14</size>
		</font>
		<font>
			<name>font16_title</name>
			<filename>Roboto-Regular.ttf</filename>
			<size>16</size>
		</font>
		<font>
			<name>font20_title</name>
			<filename>Roboto-Regular.ttf</filename>
			<size>20</size>
		</font>
		<font>
			<name>font22_title</name>
			<filename>Roboto-Regular.ttf</filename>
			<size>22</size>
		</font>
		<font>
			<name>font24_title</name>
			<filename>Roboto-Regular.ttf</filename>
			<size>24</size>
		</font>
		<font>
			<name>font26_title</name>
			<filename>Roboto-Regular.ttf</filename>
			<size>26</size>
		</font>
		<font>
			<name>font28_title</name>
			<filename>Roboto-Regular.ttf</filename>
			<size>28</size>
		</font>
		<font>
			<name>font30_title</name>
			<filename>Roboto-Regular.ttf</filename>
			<size>30</size>
		</font>
		<font>
			<name>font35_title</name>
			<filename>Roboto-Regular.ttf</filename>
			<size>35</size>
		</font>
		<font>
			<name>font36_title</name>
			<filename>Roboto-Regular.ttf</filename>
			<size>36</size>
		</font>
		<font>
			<name>font44_title</name>
			<filename>RobotoCondensed-Light.ttf</filename>
			<size>44</size>
		</font>
		<font>
			<name>font50_title</name>
			<filename>RobotoCondensed-Light.ttf</filename>
			<size>50</size>
		</font>
		<font>
			<name>font60_title</name>
			<filename>RobotoCondensed-Light.ttf</filename>
			<size>60</size>
		</font>
		<font>
			<name>font70_title</name>
			<filename>RobotoCondensed-Light.ttf</filename>
			<size>70</size>
		</font>
		<font>
			<name>font80_title</name>
			<filename>RobotoCondensed-Light.ttf</filename>
			<size>80</size>
		</font>		
		<font>
			<name>font140_title</name>
			<filename>Roboto-Thin.ttf</filename>
			<size>140</size>
		</font>

	<!-- Title Fonts Bold -->		
		<font>
			<name>font18_bold</name>
			<filename>Roboto-Bold.ttf</filename>
			<size>18</size>
		</font>		
		<font>
			<name>font20_bold</name>
			<filename>Roboto-Bold.ttf</filename>
			<size>20</size>
		</font>		
		<font>
			<name>font22_bold</name>
			<filename>Roboto-Bold.ttf</filename>
			<size>22</size>
		</font>		
		<font>
			<name>font24_bold</name>
			<filename>Roboto-Bold.ttf</filename>
			<size>24</size>
		</font>		
		<font>
			<name>font40_bold</name>
			<filename>Roboto-Bold.ttf</filename>
			<size>40</size>
		</font>		
		<font>
			<name>font70_bold</name>
			<filename>Roboto-Regular.ttf</filename>
			<size>70</size>
		</font>
		<font>
			<name>font80_bold</name>
			<filename>Roboto-Regular.ttf</filename>
			<size>80</size>
		</font>

	<!-- Button Fonts -->
		<font>
			<name>button24_title</name>
			<filename>Roboto-Light.ttf</filename>
			<size>24</size>
		</font>
		<font>
			<name>button36_title</name>
			<filename>Roboto-Light.ttf</filename>
			<size>36</size>
		</font>	
		<font>
			<name>button28_title</name>
			<filename>Roboto-Light.ttf</filename>
			<size>28</size>
		</font>	
		<font>
			<name>button34_title</name>
			<filename>Roboto-Light.ttf</filename>
			<size>34</size>
		</font>

	<!-- Header Fonts -->
		<font>
			<name>header36_title</name>
			<filename>Roboto-Light.ttf</filename>
			<size>36</size>
		</font>
		<font>
			<name>header50_title</name>
			<filename>Roboto-Light.ttf</filename>
			<size>50</size>
		</font>
		<font>
			<name>header60_title</name>
			<filename>Roboto-Light.ttf</filename>
			<size>60</size>
		</font>
		<font>
			<name>header80_title</name>
			<filename>Roboto-Light.ttf</filename>
			<size>80</size>
		</font>
		<font>
			<name>header90_title</name>
			<filename>Roboto-Light.ttf</filename>
			<size>90</size>
		</font>
		<font>
			<name>header100_title</name>
			<filename>Roboto-Light.ttf</filename>
			<size>100</size>
		</font>
		<font>
			<name>WeatherTemp</name>
			<filename>Roboto-Regular.ttf</filename>
			<size>80</size>
		</font>

	<!-- Special Fonts -->
		<font>
			<name>TimeFont80</name>
			<filename>led16sgmnt2-Regular.ttf</filename>
			<size>80</size>
		</font>
		<font>
			<name>DejaVuSansB160</name>
			<filename>Roboto-Regular.ttf</filename>
			<size>160</size>
		</font>
	</fontset>

	<fontset id="Arial" idloc="31391" unicode="true"> 
	<!-- Normal Fonts -->
		<font>
			<name>font12</name>
			<filename>Arial.ttf</filename>
			<size>12</size>
		</font>
		<font>
			<name>font14</name>
			<filename>Arial.ttf</filename>
			<size>14</size>
		</font>
		<font>
			<name>font16</name>
			<filename>Arial.ttf</filename>
			<size>16</size>
		</font>
		<font>
			<name>font20</name>
			<filename>Arial.ttf</filename>
			<size>20</size>
		</font>
		<font>
			<name>font23</name>
			<filename>Arial.ttf</filename>
			<size>25</size>
		</font>
		<font>
			<name>font30</name>
			<filename>Arial.ttf</filename>
			<size>30</size>
		</font>
		<font>
			<name>font40</name>
			<filename>Arial.ttf</filename>
			<size>40</size>
		</font>
	<!-- Title Fonts -->
		<font>
			<name>font11_title</name>
			<filename>Arial.ttf</filename>
			<size>11</size>
			<style>bold</style>
		</font>
		<font>
			<name>font14_title</name>
			<filename>Arial.ttf</filename>
			<size>14</size>
			<style>bold</style>
		</font>
		<font>
			<name>font16_title</name>
			<filename>Arial.ttf</filename>
			<size>16</size>
			<style>bold</style>
		</font>
		<font>
			<name>font20_title</name>
			<filename>Arial.ttf</filename>
			<size>20</size>
			<style>bold</style>
		</font>
		<font>
			<name>font24_title</name>
			<filename>Arial.ttf</filename>
			<size>24</size>
			<style>bold</style>
		</font>
		<font>
			<name>font28_title</name>
			<filename>Arial.ttf</filename>
			<size>28</size>
			<style>bold</style>
		</font>
		<font>
			<name>font30_title</name>
			<filename>Arial.ttf</filename>
			<size>30</size>
			<style>bold</style>
		</font>
		<font>
			<name>WeatherTemp</name>
			<filename>Arial.ttf</filename>
			<size>80</size>
			<style>bold</style>
		</font>
	</fontset>
</fonts>
