<window id="0">
	<onload>RunScript("special://skin/scripts/check_calibration.py")</onload>
	<onunload condition="Container(9000).Hasfocus(2) | Container(9000).Hasfocus(3) | ControlGroup(9010).HasFocus">SetProperty(VideosDirectLink,True)</onunload>
	<onunload condition="Control.HasFocus(9000) + Container(9000).Hasfocus(1)">ClearProperty(VideosDirectLink)</onunload>
	<onload condition="!Skin.String(HideSettingsManager,2.4.3)">ActivateWindow(1122)</onload>
	<onload condition="IsEmpty(Skin.String(HomeButton1Value))">Skin.SetString(HomeButton1Value,MusicPath)"</onload>
	<onload condition="IsEmpty(Skin.String(HomeButton2Value))">Skin.SetString(HomeButton2Value,RadioFM)"</onload>
	<onload condition="IsEmpty(Skin.String(HomeButton3Value))">Skin.SetString(HomeButton3Value,Navigation)"</onload>
	<onload condition="IsEmpty(Skin.String(HomeButton4Value))">Skin.SetString(HomeButton4Value,Video)"</onload>
	<onload condition="IsEmpty(Skin.String(HomeButton5Value))">Skin.SetString(HomeButton5Value,Settings)"</onload>
	<onload condition="IsEmpty(Skin.String(HomeButton6Value))">Skin.SetString(HomeButton6Value,Shutdown)"</onload>
	<onload condition="IsEmpty(Skin.String(CustomColorNofocus))">Skin.SetString(CustomColorNofocus,white)"</onload>
	<onload condition="IsEmpty(Skin.String(CustomColorFocus))">Skin.SetString(CustomColorFocus,white)"</onload>
	<onload condition="IsEmpty(Skin.String(CustomColorHomebuttons))">Skin.SetString(CustomColorHomebuttons,white)"</onload>
	<onload condition="IsEmpty(Skin.String(HBOutlineColor))">Skin.SetString(HBOutlineColor,white)"</onload>
	<defaultcontrol always="true">3999</defaultcontrol>
	<controls>
        <control type="button" id="3999">
            <description>Dummy Focus Button</description>
            <posx>-1</posx>
            <posy>-1</posy>
            <width>1</width>
            <height>1</height>
            <font>-</font>
            <texturenofocus>1px_transparent.png</texturenofocus>
            <texturefocus>1px_transparent.png</texturefocus>
            <ondown>3001</ondown>
        </control>

		<include>CommonBackground</include>
 	    <include>WeatherTitleWidget</include>

<!-- Title Text / Temperature-->
		<include condition="Skin.HasSetting(EnableTempOutput) + Skin.String(TempSensor,1) + System.HasAddon(plugin.program.piwire)">TempText1</include>
		<include condition="Skin.HasSetting(EnableTempOutput) + Skin.String(TempSensor,2) + System.HasAddon(plugin.program.piwire)">TempText2</include>
		<include condition="Skin.HasSetting(EnableTempOutput) + Skin.String(TempSensor,3) + System.HasAddon(plugin.program.piwire)">TempText3</include>
		<include condition="Skin.HasSetting(EnableTempOutput) + Skin.String(TempSensor,4) + System.HasAddon(plugin.program.piwire)">TempText4</include>
		<include condition="Skin.HasSetting(EnableTempOutput) + Skin.String(TempSensor,5) + System.HasAddon(plugin.program.piwire)">TempText5</include>
		<include condition="Skin.HasSetting(EnableTempOutput) + Skin.String(TempSensor,6) + System.HasAddon(plugin.program.piwire)">TempText6</include>
		<include condition="Skin.HasSetting(EnableTempOutput) + Skin.String(TempSensor,7) + System.HasAddon(plugin.program.piwire)">TempText7</include>
		<include condition="Skin.HasSetting(EnableTempOutput) + Skin.String(TempSensor,8) + System.HasAddon(plugin.program.piwire)">TempText8</include>

		<control type="image">
			<description>Image Top Left</description>
			<visible>Skin.HasSetting(EnableTitleImage)</visible>
			<posx>50</posx>
			<posy>5</posy>
			<width>400</width>
			<height>70</height>
	        <aspectratio scalediffuse="true" align="left" aligny="center">keep</aspectratio>
			<texture>$INFO[Skin.String(HomeScreenTitleImage)]</texture>
			<include>Window_OpenClose_Animation_Zoom</include>
		</control>

<!-- CPU-Temperature Top Left -->
		<control type="label">
			<description>CPU-Temp Top Left</description>
			<visible>Skin.HasSetting(EnableCPUTemp)</visible>
			<posx>45</posx>
			<posy>14</posy>
			<height>40</height>
			<width>500</width>
			<label>CPU: $INFO[System.CPUTemperature]</label> 
			<align>left</align>
			<aligny>center</aligny>
			<font>font36_title</font>
			<textcolor>$VAR[CustomColorNofocus]</textcolor>
		</control>

<!-- Text Top Left -->
		<control type="label">
			<description>Text Top Left</description>
			<visible>Skin.HasSetting(EnableTitleText)</visible>
			<posx>45</posx>
			<posy>14</posy>
			<height>40</height>
			<width>500</width>
			<label>$INFO[Skin.String(HomeScreenTitle)]</label> 
			<align>left</align>
			<aligny>center</aligny>
			<font>font36_title</font>
			<textcolor>$VAR[CustomColorNofocus]</textcolor>
		</control>
		
		<control type="button">
			<description>Viz Fullscreen Button</description>
			<visible>Player.HasAudio</visible>
			<posx>0</posx>
			<posy>0</posy>
			<height>100</height>
			<width>100</width>
			<label></label> 
			<font>font36_title</font>
			<textcolor>-</textcolor>
			<texturenofocus>1px_transparent.png</texturenofocus>
			<texturefocus>1px_transparent.png</texturefocus>
			<onclick>ActivateWindow(2006)</onclick>
		</control> 

<!--	<control type="button">
			<description>Go to Music Button</description>
			<visible>Player.HasAudio</visible>
			<posx>590</posx>
			<posy>0</posy>
			<height>60</height>
			<width>100</width>
			<label></label> 
			<font>font36_title</font>
			<textcolor>-</textcolor>
			<texturenofocus>1px_transparent.png</texturenofocus>
			<texturefocus>1px_transparent.png</texturefocus>
			<onclick>ActivateWindow(1115)</onclick>
		</control> -->

		<control type="button">
			<description>Go to Weather Button</description>
			<visible>!Skin.HasSetting(HideWeatherTitleWidget)</visible>
			<posx>880</posx>
			<posy>0</posy>
			<height>60</height>
			<width>400</width>
			<label></label> 
			<font>font36_title</font>
			<textcolor>-</textcolor>
			<texturenofocus>1px_transparent.png</texturenofocus>
			<texturefocus>1px_transparent.png</texturefocus>
			<onclick>ActivateWindow(Weather)</onclick>
		</control>

<!--Menu customized-->
		<include>MainButton1</include>		
		<include>MainButton2</include>		
		<include>MainButton3</include>		
		<include>MainButton4</include>		
		<include>MainButton5</include>		
		<include>MainButton6</include>		

<!-- Logo area - Logo image -->
		<control type="group">
			<visible>!Skin.HasSetting(SwitchTempClock)</visible>
			<control type="image">
				<description>Normal Default Logo Image</description>
				<posx>440</posx>
				<posy>80</posy>
				<width>400</width>
				<height>396</height>
		    	<aspectratio scalediffuse="true" align="center" aligny="center">stretch</aspectratio>
				<texture diffuse="cover_mask.png">logo.png</texture>
				<visible>![Skin.HasSetting(UseCustomLogo) + !IsEmpty(Skin.String(CustomLogoPath)) + Skin.HasSetting(Hide1024x600Fix)  + ![Player.HasAudio + !Skin.HasSetting(HideVisualisationHome)]]</visible>
				<include>Window_OpenClose_Animation_Fade</include>
			</control>
			<control type="image">
				<description>User Set Logo Image</description>
				<posx>440</posx>
				<posy>80</posy>
				<width>400</width>
				<height>396</height>
		        <aspectratio scalediffuse="true" align="center" aligny="center">stretch</aspectratio>
				<texture diffuse="cover_mask.png">$INFO[Skin.String(CustomLogoPath)]</texture>
				<visible>Skin.HasSetting(UseCustomLogo) + !IsEmpty(Skin.String(CustomLogoPath)) + Skin.HasSetting(Hide1024x600Fix) + ![Player.HasAudio + !Skin.HasSetting(HideVisualisationHome)]</visible>
				<include>Window_OpenClose_Animation_Fade</include>
			</control>
			<control type="image">
				<description>Normal Default Logo Image - Fix</description>
				<posx>436</posx>
				<posy>80</posy>
				<width>410</width>
				<height>396</height>
		    	<aspectratio scalediffuse="true" align="center" aligny="center">stretch</aspectratio>
				<texture diffuse="cover_mask.png">logo.png</texture>
				<visible>![Skin.HasSetting(UseCustomLogo) + !IsEmpty(Skin.String(CustomLogoPath)) + !Skin.HasSetting(Hide1024x600Fix) + ![Player.HasAudio + !Skin.HasSetting(HideVisualisationHome)]]</visible>
				<include>Window_OpenClose_Animation_Fade</include>
			</control>
			<control type="image">
				<description>User Set Logo Image - Fix</description>
				<posx>436</posx>
				<posy>80</posy>
				<width>410</width>
				<height>396</height>
		        <aspectratio scalediffuse="true" align="center" aligny="center">stretch</aspectratio>
				<texture diffuse="cover_mask.png">$INFO[Skin.String(CustomLogoPath)]</texture>
				<visible>Skin.HasSetting(UseCustomLogo) + !IsEmpty(Skin.String(CustomLogoPath)) + !Skin.HasSetting(Hide1024x600Fix) + ![Player.HasAudio + !Skin.HasSetting(HideVisualisationHome)]</visible>
				<include>Window_OpenClose_Animation_Fade</include>
			</control>
		</control>
<!-- Logo area - Visualisation -->
		<control type="group">
			<visible>Player.HasAudio + !Skin.HasSetting(HideVisualisationHome)</visible>
			<animation effect="fade" start="0" end="100" time="200" delay="3000">Visible</animation>
			<control type="image">
				<description>Visualisation Background: Path</description>
				<posx>440</posx>
				<posy>85</posy>
				<width>402</width>
				<height>388</height>
				<visible>Skin.HasSetting(UseVisBg) + !Skin.HasSetting(UseVisBgCover)</visible> 
		        <aspectratio scalediffuse="true" align="center" aligny="center">stretch</aspectratio>
				<texture diffuse="cover_mask.png">$INFO[Skin.String(CustomVisBgPath)]</texture>
				<include>Window_OpenClose_Animation_Zoom</include>
			</control> 
			<control type="image">
				<description>Visualisation Background: Cover</description>
				<posx>440</posx>
				<posy>85</posy>
				<width>402</width>
				<height>388</height>
				<visible>Skin.HasSetting(UseVisBgCover) + !Skin.HasSetting(UseVisBg)</visible> 
		        <aspectratio scalediffuse="true" align="center" aligny="center">stretch</aspectratio> 
				<texture diffuse="cover_mask.png" background="false">$INFO[MusicPlayer.Cover]</texture>
				<include>Window_OpenClose_Animation_Zoom</include>
			</control>
			<control type="button">
				<description>Viz Fullscreen Button Logo Area</description>
				<visible>Player.HasAudio + !Skin.HasSetting(HideVisualisationHome)</visible>
				<posx>540</posx>
				<posy>180</posy>
				<height>200</height>
				<width>200</width>
				<label></label> 
				<font>font36_title</font>
				<textcolor>-</textcolor>
				<texturenofocus>1px_transparent.png</texturenofocus>
				<texturefocus>1px_transparent.png</texturefocus>
				<onclick>ActivateWindow(2006)</onclick>
			</control>
		</control>
<!-- Logo area - Clock -->
			<control type="group">
				<visible>[Skin.HasSetting(Enable_Temp_Display) + !Skin.HasSetting(SwitchTempClock)] | !Skin.HasSetting(Enable_Temp_Display)</visible>
				<include>Clock</include> 
				<include>Time</include>				
			</control>
<!-- Logo Area - Temperature Display Area -->
			<control type="group">
				<visible>Skin.HasSetting(SwitchTempClock)</visible>
				<animation effect="fade" start="0" end="100" time="200" delay="100">Visible</animation>
				<include condition="!Skin.HasSetting(Hide1024x600Fix)">Temp_Area_Fix</include>
				<include condition="Skin.HasSetting(Hide1024x600Fix)">Temp_Area</include>
<!-- Switch to Addon -->
				<control type="button">
					<visible>!Player.HasAudio</visible>
					<description>Go to Addon</description>
					<posx>540</posx>
					<posy>180</posy>
					<height>200</height>
					<width>200</width>
					<label></label> 
					<font>font36_title</font>
					<textcolor>-</textcolor>
					<texturenofocus>1px_transparent.png</texturenofocus>
					<texturefocus>1px_transparent.png</texturefocus>
					<onclick>RunPlugin(plugin://plugin.program.piwire)</onclick>
				</control>
		</control> 

<!-- Song/radio info -->
		<control type="group">
			<control type="image">
	            <visible>[Player.HasAudio + !Skin.HasSetting(HideHomeButtonMusicPlayerTitle)] | [!Skin.HasSetting(HideHomeButtonRadioStationName) + substring(Window(Home).Property(Radio.Active),true)]</visible>
				<description>Infobox Background</description>
				<posx>70</posx>
                <posy>500</posy>
                <width>1140</width>
                <height>65</height>
				<aspectratio>stretch</aspectratio>
				<texture colordiffuse="$VAR[CustomColorNofocus]">info_bg.png</texture>
				<include>Window_OpenClose_Animation_Zoom</include>
			</control>
			<include>RandomRepeatButtons</include>
			<include>MusicPlayerTitle</include>
			<include>MusicPlayerTitlewithButtons</include>
			<include>RadioStationName</include>
			<include>RandomRepeatButtonsFix</include> 
			<include>MusicPlayerTitleFix</include>
			<include>MusicPlayerTitlewithButtonsFix</include>
			<include>RadioStationNameFix</include>
		</control>

		<include>BottomNowPLaying</include>
		<include>VisualisationHome</include> 
		
<!-- Submenu small -->
		<control type="panel" id="9003">
			<visible>!Window.IsActive(PlayerControls) + Skin.HasSetting(SubmenuIconsSmall) + [Player.HasAudio | Player.HasVideo]</visible>
			<include condition="!Skin.HasSetting(HideAppSwitcher)">SubMenuCommonLayout2</include>
			<include condition="Skin.HasSetting(HideAppSwitcher)">SubMenuCommonLayout3</include>
			<onleft>Control.SetFocus(100)</onleft>
			<onright>Control.SetFocus(3050)</onright>
			<content>
				<item id="3010">
					<label></label>
					<visible>!Skin.HasSetting(HideHomeButtonMusic) + !Skin.String(HomeButton1Value,MusicPath) + !Skin.String(HomeButton2Value,MusicPath) + !Skin.String(HomeButton3Value,MusicPath) + !Skin.String(HomeButton4Value,MusicPath) + !Skin.String(HomeButton5Value,MusicPath) + !Skin.String(HomeButton6Value,MusicPath)</visible>
					<icon>button_music.png</icon>
<!--				<onclick>ActivateWindow(Music,$INFO[Skin.String(CustomMusicPath)])</onclick> -->
					<onclick condition="!IsEmpty(Skin.String(CustomMusicPath1))">ActivateWindow(Music,$INFO[Skin.String(CustomMusicPath1)])</onclick>
					<onclick condition="!IsEmpty(Skin.String(CustomMusicPath2))">ActivateWindow(Music,$INFO[Skin.String(CustomMusicPath2)])</onclick>
					<onclick condition="!IsEmpty(Skin.String(CustomMusicPath3))">ActivateWindow(Music,$INFO[Skin.String(CustomMusicPath3)])</onclick>
					<onclick condition="!IsEmpty(Skin.String(CustomMusicPath4))">ActivateWindow(Music,$INFO[Skin.String(CustomMusicPath4)])</onclick>
					<onclick condition="!IsEmpty(Skin.String(CustomMusicPath5))">ActivateWindow(Music,$INFO[Skin.String(CustomMusicPath5)])</onclick>
					<onclick condition="!IsEmpty(Skin.String(CustomMusicPath6))">ActivateWindow(Music,$INFO[Skin.String(CustomMusicPath6)])</onclick>
				</item>
				<item id="3011">
					<label></label>
					<visible>!Skin.HasSetting(HideHomeButtonMusicArtists) + !Skin.String(HomeButton1Value,MusicArtists) + !Skin.String(HomeButton2Value,MusicArtists) + !Skin.String(HomeButton3Value,MusicArtists) + !Skin.String(HomeButton4Value,MusicArtists) + !Skin.String(HomeButton5Value,MusicArtists) + !Skin.String(HomeButton6Value,MusicArtists)</visible>
					<icon>button_musicartist_68.png</icon>
					<onclick>ActivateWindow(Music,musicdb://artists/,return)</onclick>
				</item>
				<item id="3012">
					<label></label>
					<visible>!Skin.HasSetting(HideHomeButtonMusicAlbums) + !Skin.String(HomeButton1Value,MusicAlbums) + !Skin.String(HomeButton2Value,MusicAlbums) + !Skin.String(HomeButton3Value,MusicAlbums) + !Skin.String(HomeButton4Value,MusicAlbums) + !Skin.String(HomeButton5Value,MusicAlbums) + !Skin.String(HomeButton6Value,MusicAlbums)</visible>
					<icon>button_musicalbum_68.png</icon>
					<onclick>ActivateWindow(Music,musicdb://albums/,return])</onclick>
				</item>
				<item id="3013">
					<label></label>
					<visible>!Skin.HasSetting(HideHomeButtonMusicGenre) + !Skin.String(HomeButton1Value,MusicGenre) + !Skin.String(HomeButton2Value,MusicGenre) + !Skin.String(HomeButton3Value,MusicGenre) + !Skin.String(HomeButton4Value,MusicGenre) + !Skin.String(HomeButton5Value,MusicGenre) + !Skin.String(HomeButton6Value,MusicGenre)</visible>
					<icon>button_musicgenre_68.png</icon>
					<onclick>ActivateWindow(Music,musicdb://genres/,return)</onclick>
				</item>
				<item id="3014">
					<label></label>
		        	<visible>!Skin.HasSetting(HideHomeButtonVideo) + !Skin.String(HomeButton1Value,Video) + !Skin.String(HomeButton2Value,Video) + !Skin.String(HomeButton3Value,Video) + !Skin.String(HomeButton4Value,Video) + !Skin.String(HomeButton5Value,Video) + !Skin.String(HomeButton6Value,Video)</visible>
					<icon>button_video_68.png</icon>
<!--				<onclick>ActivateWindow(Videos,$INFO[Skin.String(CustomVideoPath)])</onclick> -->
					<onclick condition="!IsEmpty(Skin.String(CustomVideoPath1))">ActivateWindow(Videos,$INFO[Skin.String(CustomVideoPath1)])</onclick>
					<onclick condition="!IsEmpty(Skin.String(CustomVideoPath2))">ActivateWindow(Videos,$INFO[Skin.String(CustomVideoPath2)])</onclick>
					<onclick condition="!IsEmpty(Skin.String(CustomVideoPath3))">ActivateWindow(Videos,$INFO[Skin.String(CustomVideoPath3)])</onclick>
					<onclick condition="!IsEmpty(Skin.String(CustomVideoPath4))">ActivateWindow(Videos,$INFO[Skin.String(CustomVideoPath4)])</onclick>
					<onclick condition="!IsEmpty(Skin.String(CustomVideoPath5))">ActivateWindow(Videos,$INFO[Skin.String(CustomVideoPath5)])</onclick>
					<onclick condition="!IsEmpty(Skin.String(CustomVideoPath6))">ActivateWindow(Videos,$INFO[Skin.String(CustomVideoPath6)])</onclick>
				</item>
				<item id="3015">
					<label></label>
		        	<visible>!Skin.HasSetting(HideHomeButtonNavigation) + !Skin.String(HomeButton1Value,Navigation) + !Skin.String(HomeButton2Value,Navigation) + !Skin.String(HomeButton3Value,Navigation) + !Skin.String(HomeButton4Value,Navigation) + !Skin.String(HomeButton5Value,Navigation) + !Skin.String(HomeButton6Value,Navigation)</visible>
					<icon>button_navi_68.png</icon>
					<onclick>RunScript("plugin.program.navigation")</onclick>
					<onclick condition="Player.HasVideo">PlayerControl(Stop)</onclick>
				</item>
				<item id="3016">
					<label></label>
		        	<visible>!Skin.HasSetting(HideHomeButtonRadio) + !Skin.String(HomeButton1Value,RadioFM) + !Skin.String(HomeButton2Value,RadioFM) + !Skin.String(HomeButton3Value,RadioFM) + !Skin.String(HomeButton4Value,RadioFM) + !Skin.String(HomeButton5Value,RadioFM) + !Skin.String(HomeButton6Value,RadioFM)</visible>
					<icon>button_radio_68.png</icon>
					<onclick>RunScript("plugin.program.radioFM")</onclick>
				</item> 
				<item id="3017">
					<label></label>
		        	<visible>!Skin.HasSetting(HideHomeButtonSettings) + !Skin.String(HomeButton1Value,Settings) + !Skin.String(HomeButton2Value,Settings) + !Skin.String(HomeButton3Value,Settings) + !Skin.String(HomeButton4Value,Settings) + !Skin.String(HomeButton5Value,Settings) + !Skin.String(HomeButton6Value,Settings)</visible>
					<icon>button_settings_68.png</icon>
					<onclick>ActivateWindow(Settings)</onclick>
				</item>
				<item id="3018">
					<label></label>
		        	<visible>!Skin.HasSetting(HideHomeButtonShutdownDialog) + !Skin.String(HomeButton1Value,Shutdown) + !Skin.String(HomeButton2Value,Shutdown) + !Skin.String(HomeButton3Value,Shutdown) + !Skin.String(HomeButton4Value,Shutdown) + !Skin.String(HomeButton5Value,Shutdown) + !Skin.String(HomeButton6Value,Shutdown) + !Skin.String(HomeButton1Value,ShutdownNoDialog) + !Skin.String(HomeButton2Value,ShutdownNoDialog) + !Skin.String(HomeButton3Value,ShutdownNoDialog) + !Skin.String(HomeButton4Value,ShutdownNoDialog) + !Skin.String(HomeButton5Value,ShutdownNoDialog) + !Skin.String(HomeButton6Value,ShutdownNoDialog)</visible>
					<icon>button_shutdown_68.png</icon>
					<onclick>ActivateWindow(1998)</onclick>
				</item>  
				<item id="3019">
					<label></label>
		        	<visible>Skin.HasSetting(HideHomeButtonShutdownDialog) + !Skin.String(HomeButton1Value,Shutdown) + !Skin.String(HomeButton2Value,Shutdown) + !Skin.String(HomeButton3Value,Shutdown) + !Skin.String(HomeButton4Value,Shutdown) + !Skin.String(HomeButton5Value,Shutdown) + !Skin.String(HomeButton6Value,Shutdown) + !Skin.String(HomeButton1Value,ShutdownNoDialog) + !Skin.String(HomeButton2Value,ShutdownNoDialog) + !Skin.String(HomeButton3Value,ShutdownNoDialog) + !Skin.String(HomeButton4Value,ShutdownNoDialog) + !Skin.String(HomeButton5Value,ShutdownNoDialog) + !Skin.String(HomeButton6Value,ShutdownNoDialog)</visible>
					<icon>button_shutdown_68.png</icon>
					<onclick>RunScript("special://skin/scripts/system_poweroff.py")</onclick>
				</item>  
				<item id="3020">
					<label></label>
			 		<visible>!Skin.HasSetting(HideHomeButtonFileManager)</visible>
					<icon>button_filemanager_68.png</icon>
					<onclick>ActivateWindow(FileManager)</onclick>
				</item>
				<item id="3021">
					<label></label>
			 		<visible>!Skin.HasSetting(HideHomeButtonConnect3g) + !Skin.String(HomeButton1Value,Connect3G) + !Skin.String(HomeButton2Value,Connect3G) + !Skin.String(HomeButton3Value,Connect3G) + !Skin.String(HomeButton4Value,Connect3G) + !Skin.String(HomeButton5Value,Connect3G) + !Skin.String(HomeButton6Value,Connect3G)</visible>
					<icon>button_3g_68.png</icon>
					<onclick>ActivateWindow(1118)</onclick>
				</item>
				<item id="3022">
					<label></label>
			 		<visible>!Skin.HasSetting(HideHomeButtonOBD) + !Skin.String(HomeButton1Value,OBD) + !Skin.String(HomeButton2Value,OBD) + !Skin.String(HomeButton3Value,OBD) + !Skin.String(HomeButton4Value,OBD) + !Skin.String(HomeButton5Value,OBD) + !Skin.String(HomeButton6Value,OBD)</visible>
					<icon>button_obd_68.png</icon>
					<onclick>-</onclick>
				</item>  
				<item id="3023">
					<label></label>
		        	<visible>!Skin.HasSetting(HideHomeButtonWeather) + !Skin.String(HomeButton1Value,Weather) + !Skin.String(HomeButton2Value,Weather) + !Skin.String(HomeButton3Value,Weather) + !Skin.String(HomeButton4Value,Weather) + !Skin.String(HomeButton5Value,Weather) + !Skin.String(HomeButton6Value,Weather)</visible>
					<icon>button_weather_68.png</icon>
					<onclick>ActivateWindow(Weather)</onclick>
				</item>
				<item id="3024">
					<label></label>
		        	<visible>!Skin.HasSetting(HideHomeButtonFavourites) + !Skin.String(HomeButton1Value,Favourites) + !Skin.String(HomeButton2Value,Favourites) + !Skin.String(HomeButton3Value,Favourites) + !Skin.String(HomeButton4Value,Favourites) + !Skin.String(HomeButton5Value,Favourites) + !Skin.String(HomeButton6Value,Favourites)</visible>
					<icon>button_favs_68.png</icon>
					<onclick>ActivateWindow(Favourites)</onclick>
				</item>
				<item id="3025">
					<label></label>
			 		<visible>!Skin.HasSetting(HideHomeButtonPrograms) + !Skin.String(HomeButton1Value,Programs) + !Skin.String(HomeButton2Value,Programs) + !Skin.String(HomeButton3Value,Programs) + !Skin.String(HomeButton4Value,Programs) + !Skin.String(HomeButton5Value,Programs) + !Skin.String(HomeButton6Value,Programs)</visible>
					<icon>button_apps_68.png</icon>
					<onclick>ActivateWindow(Programs,addons://sources/executable)</onclick>
				</item>
				<item id="3026">
					<label></label>
			 		<visible>!Skin.HasSetting(HideHomeButtonPlaylistEditor)</visible>
					<icon>button_musicplaylisteditor_68.png</icon>
					<onclick>ActivateWindow(503)</onclick>
				</item>
				<item id="3027">
					<label></label>
			 		<visible>System.HasAddon(plugin.program.wifimanager) + !Skin.HasSetting(HideHomeButtonConnectWiFi)</visible>
					<icon>button_wifi_68.png</icon>
					<onclick>ActivateWindow(1119)</onclick>
				</item>
<!-- 
				<item id="3027">
					<label></label>
			 		<visible>System.HasAddon(plugin.program.wifimanager) + !Skin.HasSetting(HideHomeButtonConnectWiFi) + String.Compare(System.InternetState,$LOCALIZE[13296])</visible>
					<icon>button_wifi_on_68.png</icon>
					<onclick>ActivateWindow(1119)</onclick>
				</item>
 -->
				<item id="3028">
					<label></label>
			 		<visible>[Skin.String(Daysaved,1) + Skin.String(Nightsaved,1)] + !Skin.HasSetting(HideHomeButtonDayNight) + !Skin.String(DayNightModus,day) + System.HasAddon(plugin.program.carpc-xtouch)</visible>
					<icon>button_day_68.png</icon>
					<onclick>Skin.Reset(DayNightModus)</onclick>
					<onclick>Skin.SetString(DayNightModus,day)</onclick>
					<onclick>RunScript(/home/pi/.kodi/addons/plugin.program.carpc-xtouch/addon.py,loadday)</onclick>
				</item>
				<item id="3028">
					<label></label>
			 		<visible>[!Skin.String(Daysaved,1) | !Skin.String(Nightsaved,1)] + !Skin.HasSetting(HideHomeButtonDayNight) + System.HasAddon(plugin.program.carpc-xtouch)</visible>
					<icon>button_daynight_alert_68.png</icon>
					<onclick>Skin.Reset(OpenSettingsMenu1)</onclick>
					<onclick>Skin.Reset(OpenSettingsMenu2)</onclick>
					<onclick>Skin.Reset(OpenSettingsMenu3)</onclick>
					<onclick>Skin.Reset(OpenSettingsMenu4)</onclick>
					<onclick>Skin.Reset(ChangeFocusColor)</onclick>
					<onclick>Skin.Reset(ChangeSubmenuBGColor)</onclick>
					<onclick>Skin.Reset(ChangeIconTextColor)</onclick>
					<onclick>Skin.Reset(ChangeOutlineColor)</onclick>
					<onclick>Skin.Reset(ChangeOutlineColorFocus)</onclick>
					<onclick>Skin.Reset(ChangeButtonBGColor)</onclick>
					<onclick>Skin.Reset(ChangePlayerButtonsBGColor)</onclick>
					<onclick>Skin.Reset(ChangeBottomBGColor)</onclick>
					<onclick>Skin.Reset(ChangeRadioBGColor)</onclick>
					<onclick>Skin.Reset(ChangeRadioDisplayColor)</onclick>
					<onclick>Skin.Reset(ChangeTempClockColorMinutes)</onclick>
					<onclick>Skin.Reset(ChangeTempClockColorHours)</onclick>
					<onclick>Skin.Reset(ChangeTempLabelColor)</onclick>
					<onclick>Skin.Reset(ChangeButtonBGColorFocus)</onclick>
					<onclick>Skin.Reset(ChangeSkinColor)</onclick>
					<onclick>Skin.Reset(SkinSettings)</onclick>
					<onclick>Skin.SetString(SkinSettings,42)</onclick>
					<onclick>Skin.Reset(SaveDayNight)</onclick>
					<onclick>ActivateWindow(1113)</onclick>
					<onclick>Control.SetFocus(440)</onclick>
				</item>
				<item id="3028">
					<label></label>
			 		<visible>[Skin.String(Daysaved,1) + Skin.String(Nightsaved,1)] + !Skin.HasSetting(HideHomeButtonDayNight) + !Skin.String(DayNightModus,night) + !IsEmpty(Skin.String(DayNightModus)) + System.HasAddon(plugin.program.carpc-xtouch)</visible>
					<icon>button_night_68.png</icon>
					<onclick>Skin.Reset(DayNightModus)</onclick>
					<onclick>Skin.SetString(DayNightModus,night)</onclick>
					<onclick>RunScript(/home/pi/.kodi/addons/plugin.program.carpc-xtouch/addon.py,loadnight)</onclick>
				</item>
				<item id="3029">
					<label></label>
			 		<visible>!Skin.HasSetting(HideHomeButtonTempClockSwitch) + System.HasAddon(plugin.program.piwire) + Skin.HasSetting(Enable_Temp_Display)</visible>
					<icon>buttons-tempclock-switch_68.png</icon>
					<onclick>Skin.ToggleSetting(SwitchTempClock)</onclick>
				</item>
				<item id="3030">
					<label></label>
			 		<visible>!Skin.HasSetting(HideHomeButtonUSBManager) + System.HasAddon(plugin.program.usbmanager)</visible>
					<icon>button_usbmanager_68.png</icon>
					<onclick>RunPlugin(plugin://plugin.program.usbmanager)</onclick>
				</item>
				<item id="3031">
					<label></label>
			 		<visible>!Skin.HasSetting(HideHomeButtonPiWire) + System.HasAddon(plugin.program.piwire)</visible>
					<icon>button_piwire_68.png</icon>
					<onclick>RunPlugin(plugin://plugin.program.piwire)</onclick>
				</item>
				<item id="3032">
					<label></label>
			 		<visible>!Skin.HasSetting(HideHomeButtonGPIODiag) + System.HasAddon(plugin.program.gpiodiag)</visible>
					<icon>button_gpiodiag_68.png</icon>
					<onclick>RunPlugin(plugin://plugin.program.gpiodiag)</onclick>
				</item>
				<item id="3033">
					<label></label>
			 		<visible>!Skin.HasSetting(HideHomeButtonPiDash) + System.HasAddon(plugin.program.pidash)</visible>
					<icon>button_pidash_68.png</icon>
					<onclick>RunPlugin(plugin://plugin.program.pidash)</onclick>
				</item>
				<item id="3034">
					<label></label>
		        	<visible>Skin.HasSetting(ShowMagicSMB1) + !IsEmpty(Skin.String(MagicSMBLabel1)) + !Skin.HasSetting(MagicSMB1ShowInAppswitcherOnly)</visible>
					<icon>$INFO[Skin.String(MagicSMBIcon1)]</icon>
					<onclick>$INFO[Skin.String(MagicSMBAction1)]</onclick>
				</item>
				<item id="3035">
					<label></label>
		        	<visible>Skin.HasSetting(ShowMagicSMB2) + !IsEmpty(Skin.String(MagicSMBLabel2)) + !Skin.HasSetting(MagicSMB2ShowInAppswitcherOnly)</visible>
					<icon>$INFO[Skin.String(MagicSMBIcon2)]</icon>
					<onclick>$INFO[Skin.String(MagicSMBAction2)]</onclick>
				</item>
				<item id="3036">
					<label></label>
		        	<visible>Skin.HasSetting(ShowMagicSMB3) + !IsEmpty(Skin.String(MagicSMBLabel3)) + !Skin.HasSetting(MagicSMB3ShowInAppswitcherOnly)</visible>
					<icon>$INFO[Skin.String(MagicSMBIcon3)]</icon>
					<onclick>$INFO[Skin.String(MagicSMBAction3)]</onclick>
				</item>
				<item id="3037">
					<label></label>
		        	<visible>Skin.HasSetting(ShowMagicSMB4) + !IsEmpty(Skin.String(MagicSMBLabel4)) + !Skin.HasSetting(MagicSMB4ShowInAppswitcherOnly)</visible>
					<icon>$INFO[Skin.String(MagicSMBIcon4)]</icon>
					<onclick>$INFO[Skin.String(MagicSMBAction4)]</onclick>
				</item>
			</content>
		</control>
		<control type="panel" id="9003">
			<visible>!Window.IsActive(PlayerControls) + Skin.HasSetting(SubmenuIconsSmall) + !Skin.HasSetting(SubmenuIconsMid) + !Skin.HasSetting(SubmenuIconsBig)</visible>
			<include condition="!Skin.HasSetting(HideAppSwitcher)">SubMenuCommonLayout2</include>
			<include condition="Skin.HasSetting(HideAppSwitcher)">SubMenuCommonLayout3</include>
			<onright>Control.SetFocus(3050)</onright>
			<onup>Control.SetFocus(3006)</onup>
			<content>
				<item id="3010">
					<label></label>
					<visible>!Skin.HasSetting(HideHomeButtonMusic) + !Skin.String(HomeButton1Value,MusicPath) + !Skin.String(HomeButton2Value,MusicPath) + !Skin.String(HomeButton3Value,MusicPath) + !Skin.String(HomeButton4Value,MusicPath) + !Skin.String(HomeButton5Value,MusicPath) + !Skin.String(HomeButton6Value,MusicPath)</visible>
					<icon>button_music_68.png</icon>
<!--				<onclick>ActivateWindow(Music,$INFO[Skin.String(CustomMusicPath)])</onclick> -->
					<onclick condition="!IsEmpty(Skin.String(CustomMusicPath1))">ActivateWindow(Music,$INFO[Skin.String(CustomMusicPath1)])</onclick>
					<onclick condition="!IsEmpty(Skin.String(CustomMusicPath2))">ActivateWindow(Music,$INFO[Skin.String(CustomMusicPath2)])</onclick>
					<onclick condition="!IsEmpty(Skin.String(CustomMusicPath3))">ActivateWindow(Music,$INFO[Skin.String(CustomMusicPath3)])</onclick>
					<onclick condition="!IsEmpty(Skin.String(CustomMusicPath4))">ActivateWindow(Music,$INFO[Skin.String(CustomMusicPath4)])</onclick>
					<onclick condition="!IsEmpty(Skin.String(CustomMusicPath5))">ActivateWindow(Music,$INFO[Skin.String(CustomMusicPath5)])</onclick>
					<onclick condition="!IsEmpty(Skin.String(CustomMusicPath6))">ActivateWindow(Music,$INFO[Skin.String(CustomMusicPath6)])</onclick>
				</item>
				<item id="3011">
					<label></label>
					<visible>!Skin.HasSetting(HideHomeButtonMusicArtists) + !Skin.String(HomeButton1Value,MusicArtists) + !Skin.String(HomeButton2Value,MusicArtists) + !Skin.String(HomeButton3Value,MusicArtists) + !Skin.String(HomeButton4Value,MusicArtists) + !Skin.String(HomeButton5Value,MusicArtists) + !Skin.String(HomeButton6Value,MusicArtists)</visible>
					<icon>button_musicartist_68.png</icon>
					<onclick>ActivateWindow(Music,musicdb://artists/,return)</onclick>
				</item>
				<item id="3012">
					<label></label>
					<visible>!Skin.HasSetting(HideHomeButtonMusicAlbums) + !Skin.String(HomeButton1Value,MusicAlbums) + !Skin.String(HomeButton2Value,MusicAlbums) + !Skin.String(HomeButton3Value,MusicAlbums) + !Skin.String(HomeButton4Value,MusicAlbums) + !Skin.String(HomeButton5Value,MusicAlbums) + !Skin.String(HomeButton6Value,MusicAlbums)</visible>
					<icon>button_musicalbum_68.png</icon>
					<onclick>ActivateWindow(Music,musicdb://albums/,return])</onclick>
				</item>
				<item id="3013">
					<label></label>
					<visible>!Skin.HasSetting(HideHomeButtonMusicGenre) + !Skin.String(HomeButton1Value,MusicGenre) + !Skin.String(HomeButton2Value,MusicGenre) + !Skin.String(HomeButton3Value,MusicGenre) + !Skin.String(HomeButton4Value,MusicGenre) + !Skin.String(HomeButton5Value,MusicGenre) + !Skin.String(HomeButton6Value,MusicGenre)</visible>
					<icon>button_musicgenre_68.png</icon>
					<onclick>ActivateWindow(Music,musicdb://genres/,return)</onclick>
				</item>
				<item id="3014">
					<label></label>
		        	<visible>!Skin.HasSetting(HideHomeButtonVideo) + !Skin.String(HomeButton1Value,Video) + !Skin.String(HomeButton2Value,Video) + !Skin.String(HomeButton3Value,Video) + !Skin.String(HomeButton4Value,Video) + !Skin.String(HomeButton5Value,Video) + !Skin.String(HomeButton6Value,Video)</visible>
					<icon>button_video_68.png</icon>
<!--				<onclick>ActivateWindow(Videos,$INFO[Skin.String(CustomVideoPath)])</onclick> -->
					<onclick condition="!IsEmpty(Skin.String(CustomVideoPath1))">ActivateWindow(Videos,$INFO[Skin.String(CustomVideoPath1)])</onclick>
					<onclick condition="!IsEmpty(Skin.String(CustomVideoPath2))">ActivateWindow(Videos,$INFO[Skin.String(CustomVideoPath2)])</onclick>
					<onclick condition="!IsEmpty(Skin.String(CustomVideoPath3))">ActivateWindow(Videos,$INFO[Skin.String(CustomVideoPath3)])</onclick>
					<onclick condition="!IsEmpty(Skin.String(CustomVideoPath4))">ActivateWindow(Videos,$INFO[Skin.String(CustomVideoPath4)])</onclick>
					<onclick condition="!IsEmpty(Skin.String(CustomVideoPath5))">ActivateWindow(Videos,$INFO[Skin.String(CustomVideoPath5)])</onclick>
					<onclick condition="!IsEmpty(Skin.String(CustomVideoPath6))">ActivateWindow(Videos,$INFO[Skin.String(CustomVideoPath6)])</onclick>
				</item>
				<item id="3015">
					<label></label>
		        	<visible>!Skin.HasSetting(HideHomeButtonNavigation) + !Skin.String(HomeButton1Value,Navigation) + !Skin.String(HomeButton2Value,Navigation) + !Skin.String(HomeButton3Value,Navigation) + !Skin.String(HomeButton4Value,Navigation) + !Skin.String(HomeButton5Value,Navigation) + !Skin.String(HomeButton6Value,Navigation)</visible>
					<icon>button_navi_68.png</icon>
					<onclick>RunScript("plugin.program.navigation")</onclick>
					<onclick condition="Player.HasVideo">PlayerControl(Stop)</onclick>
				</item>
				<item id="3016">
					<label></label>
		        	<visible>!Skin.HasSetting(HideHomeButtonRadio) + !Skin.String(HomeButton1Value,RadioFM) + !Skin.String(HomeButton2Value,RadioFM) + !Skin.String(HomeButton3Value,RadioFM) + !Skin.String(HomeButton4Value,RadioFM) + !Skin.String(HomeButton5Value,RadioFM) + !Skin.String(HomeButton6Value,RadioFM)</visible>
					<icon>button_radio_68.png</icon>
					<onclick>RunScript("plugin.program.radioFM")</onclick>
				</item> 
				<item id="3017">
					<label></label>
		        	<visible>!Skin.HasSetting(HideHomeButtonSettings) + !Skin.String(HomeButton1Value,Settings) + !Skin.String(HomeButton2Value,Settings) + !Skin.String(HomeButton3Value,Settings) + !Skin.String(HomeButton4Value,Settings) + !Skin.String(HomeButton5Value,Settings) + !Skin.String(HomeButton6Value,Settings)</visible>
					<icon>button_settings_68.png</icon>
					<onclick>ActivateWindow(Settings)</onclick>
				</item>
				<item id="3018">
					<label></label>
		        	<visible>!Skin.HasSetting(HideHomeButtonShutdownDialog) + !Skin.String(HomeButton1Value,Shutdown) + !Skin.String(HomeButton2Value,Shutdown) + !Skin.String(HomeButton3Value,Shutdown) + !Skin.String(HomeButton4Value,Shutdown) + !Skin.String(HomeButton5Value,Shutdown) + !Skin.String(HomeButton6Value,Shutdown) + !Skin.String(HomeButton1Value,ShutdownNoDialog) + !Skin.String(HomeButton2Value,ShutdownNoDialog) + !Skin.String(HomeButton3Value,ShutdownNoDialog) + !Skin.String(HomeButton4Value,ShutdownNoDialog) + !Skin.String(HomeButton5Value,ShutdownNoDialog) + !Skin.String(HomeButton6Value,ShutdownNoDialog)</visible>
					<icon>button_shutdown_68.png</icon>
					<onclick>ActivateWindow(1998)</onclick>
				</item>  
				<item id="3019">
					<label></label>
		        	<visible>Skin.HasSetting(HideHomeButtonShutdownDialog) + !Skin.String(HomeButton1Value,Shutdown) + !Skin.String(HomeButton2Value,Shutdown) + !Skin.String(HomeButton3Value,Shutdown) + !Skin.String(HomeButton4Value,Shutdown) + !Skin.String(HomeButton5Value,Shutdown) + !Skin.String(HomeButton6Value,Shutdown) + !Skin.String(HomeButton1Value,ShutdownNoDialog) + !Skin.String(HomeButton2Value,ShutdownNoDialog) + !Skin.String(HomeButton3Value,ShutdownNoDialog) + !Skin.String(HomeButton4Value,ShutdownNoDialog) + !Skin.String(HomeButton5Value,ShutdownNoDialog) + !Skin.String(HomeButton6Value,ShutdownNoDialog)</visible>
					<icon>button_shutdown_68.png</icon>
					<onclick>RunScript("special://skin/scripts/system_poweroff.py")</onclick>
				</item>  
				<item id="3020">
					<label></label>
			 		<visible>!Skin.HasSetting(HideHomeButtonFileManager)</visible>
					<icon>button_filemanager_68.png</icon>
					<onclick>ActivateWindow(FileManager)</onclick>
				</item>
				<item id="3021">
					<label></label>
			 		<visible>!Skin.HasSetting(HideHomeButtonConnect3g) + !Skin.String(HomeButton1Value,Connect3G) + !Skin.String(HomeButton2Value,Connect3G) + !Skin.String(HomeButton3Value,Connect3G) + !Skin.String(HomeButton4Value,Connect3G) + !Skin.String(HomeButton5Value,Connect3G) + !Skin.String(HomeButton6Value,Connect3G)</visible>
					<icon>button_3g_68.png</icon>
					<onclick>ActivateWindow(1118)</onclick>
				</item>
				<item id="3022">
					<label></label>
			 		<visible>!Skin.HasSetting(HideHomeButtonOBD) + !Skin.String(HomeButton1Value,OBD) + !Skin.String(HomeButton2Value,OBD) + !Skin.String(HomeButton3Value,OBD) + !Skin.String(HomeButton4Value,OBD) + !Skin.String(HomeButton5Value,OBD) + !Skin.String(HomeButton6Value,OBD)</visible>
					<icon>button_obd_68.png</icon>
					<onclick>-</onclick>
				</item>  
				<item id="3023">
					<label></label>
		        	<visible>!Skin.HasSetting(HideHomeButtonWeather) + !Skin.String(HomeButton1Value,Weather) + !Skin.String(HomeButton2Value,Weather) + !Skin.String(HomeButton3Value,Weather) + !Skin.String(HomeButton4Value,Weather) + !Skin.String(HomeButton5Value,Weather) + !Skin.String(HomeButton6Value,Weather)</visible>
					<icon>button_weather_68.png</icon>
					<onclick>ActivateWindow(Weather)</onclick>
				</item>
				<item id="3024">
					<label></label>
		        	<visible>!Skin.HasSetting(HideHomeButtonFavourites) + !Skin.String(HomeButton1Value,Favourites) + !Skin.String(HomeButton2Value,Favourites) + !Skin.String(HomeButton3Value,Favourites) + !Skin.String(HomeButton4Value,Favourites) + !Skin.String(HomeButton5Value,Favourites) + !Skin.String(HomeButton6Value,Favourites)</visible>
					<icon>button_favs_68.png</icon>
					<onclick>ActivateWindow(Favourites)</onclick>
				</item>
				<item id="3025">
					<label></label>
			 		<visible>!Skin.HasSetting(HideHomeButtonPrograms) + !Skin.String(HomeButton1Value,Programs) + !Skin.String(HomeButton2Value,Programs) + !Skin.String(HomeButton3Value,Programs) + !Skin.String(HomeButton4Value,Programs) + !Skin.String(HomeButton5Value,Programs) + !Skin.String(HomeButton6Value,Programs)</visible>
					<icon>button_apps_68.png</icon>
					<onclick>ActivateWindow(Programs,addons://sources/executable)</onclick>
				</item>
				<item id="3026">
					<label></label>
			 		<visible>!Skin.HasSetting(HideHomeButtonPlaylistEditor)</visible>
					<icon>button_musicplaylisteditor_68.png</icon>
					<onclick>ActivateWindow(503)</onclick>
				</item>
				<item id="3027">
					<label></label>
			 		<visible>System.HasAddon(plugin.program.wifimanager) + !Skin.HasSetting(HideHomeButtonConnectWiFi)</visible>
					<icon>button_wifi_68.png</icon>
					<onclick>ActivateWindow(1119)</onclick>
				</item>
<!-- 
				<item id="3027">
					<label></label>
			 		<visible>System.HasAddon(plugin.program.wifimanager) + !Skin.HasSetting(HideHomeButtonConnectWiFi) + String.Compare(System.InternetState,$LOCALIZE[13296])</visible>
					<icon>button_wifi_on_68.png</icon>
					<onclick>ActivateWindow(1119)</onclick>
				</item>
 -->
				<item id="3028">
					<label></label>
			 		<visible>[Skin.String(Daysaved,1) + Skin.String(Nightsaved,1)] + !Skin.HasSetting(HideHomeButtonDayNight) + !Skin.String(DayNightModus,day) + System.HasAddon(plugin.program.carpc-xtouch)</visible>
					<icon>button_day_68.png</icon>
					<onclick>Skin.Reset(DayNightModus)</onclick>
					<onclick>Skin.SetString(DayNightModus,day)</onclick>
					<onclick>RunScript(/home/pi/.kodi/addons/plugin.program.carpc-xtouch/addon.py,loadday)</onclick>
				</item>
				<item id="3028">
					<label></label>
			 		<visible>[!Skin.String(Daysaved,1) | !Skin.String(Nightsaved,1)] + !Skin.HasSetting(HideHomeButtonDayNight) + System.HasAddon(plugin.program.carpc-xtouch)</visible>
					<icon>button_daynight_alert_68.png</icon>
					<onclick>Skin.Reset(OpenSettingsMenu1)</onclick>
					<onclick>Skin.Reset(OpenSettingsMenu2)</onclick>
					<onclick>Skin.Reset(OpenSettingsMenu3)</onclick>
					<onclick>Skin.Reset(OpenSettingsMenu4)</onclick>
					<onclick>Skin.Reset(ChangeFocusColor)</onclick>
					<onclick>Skin.Reset(ChangeSubmenuBGColor)</onclick>
					<onclick>Skin.Reset(ChangeIconTextColor)</onclick>
					<onclick>Skin.Reset(ChangeOutlineColor)</onclick>
					<onclick>Skin.Reset(ChangeOutlineColorFocus)</onclick>
					<onclick>Skin.Reset(ChangeButtonBGColor)</onclick>
					<onclick>Skin.Reset(ChangePlayerButtonsBGColor)</onclick>
					<onclick>Skin.Reset(ChangeBottomBGColor)</onclick>
					<onclick>Skin.Reset(ChangeRadioBGColor)</onclick>
					<onclick>Skin.Reset(ChangeRadioDisplayColor)</onclick>
					<onclick>Skin.Reset(ChangeTempClockColorMinutes)</onclick>
					<onclick>Skin.Reset(ChangeTempClockColorHours)</onclick>
					<onclick>Skin.Reset(ChangeTempLabelColor)</onclick>
					<onclick>Skin.Reset(ChangeButtonBGColorFocus)</onclick>
					<onclick>Skin.Reset(ChangeSkinColor)</onclick>
					<onclick>Skin.Reset(SkinSettings)</onclick>
					<onclick>Skin.SetString(SkinSettings,42)</onclick>
					<onclick>Skin.Reset(SaveDayNight)</onclick>
					<onclick>ActivateWindow(1113)</onclick>
					<onclick>Control.SetFocus(440)</onclick>
				</item>
				<item id="3028">
					<label></label>
			 		<visible>[Skin.String(Daysaved,1) + Skin.String(Nightsaved,1)] + !Skin.HasSetting(HideHomeButtonDayNight) + !Skin.String(DayNightModus,night) + System.HasAddon(plugin.program.carpc-xtouch)</visible>
					<icon>button_night_68.png</icon>
					<onclick>Skin.Reset(DayNightModus)</onclick>
					<onclick>Skin.SetString(DayNightModus,night)</onclick>
					<onclick>RunScript(/home/pi/.kodi/addons/plugin.program.carpc-xtouch/addon.py,loadnight)</onclick>
				</item>
				<item id="3029">
					<label></label>
			 		<visible>!Skin.HasSetting(HideHomeButtonTempClockSwitch) + System.HasAddon(plugin.program.piwire) + Skin.HasSetting(Enable_Temp_Display)</visible>
					<icon>buttons-tempclock-switch_68.png</icon>
					<onclick>Skin.ToggleSetting(SwitchTempClock)</onclick>
				</item>
				<item id="3030">
					<label></label>
			 		<visible>!Skin.HasSetting(HideHomeButtonUSBManager) + System.HasAddon(plugin.program.usbmanager)</visible>
					<icon>button_usbmanager_68.png</icon>
					<onclick>RunPlugin(plugin://plugin.program.usbmanager)</onclick>
				</item>
				<item id="3031">
					<label></label>
			 		<visible>!Skin.HasSetting(HideHomeButtonPiWire) + System.HasAddon(plugin.program.piwire)</visible>
					<icon>button_piwire_68.png</icon>
					<onclick>RunPlugin(plugin://plugin.program.piwire)</onclick>
				</item>
				<item id="3032">
					<label></label>
			 		<visible>!Skin.HasSetting(HideHomeButtonGPIODiag) + System.HasAddon(plugin.program.gpiodiag)</visible>
					<icon>button_gpiodiag_68.png</icon>
					<onclick>RunPlugin(plugin://plugin.program.gpiodiag)</onclick>
				</item>
				<item id="3033">
					<label></label>
			 		<visible>!Skin.HasSetting(HideHomeButtonPiDash) + System.HasAddon(plugin.program.pidash)</visible>
					<icon>button_pidash_68.png</icon>
					<onclick>RunPlugin(plugin://plugin.program.pidash)</onclick>
				</item>
				<item id="3034">
					<label></label>
		        	<visible>Skin.HasSetting(ShowMagicSMB1) + !IsEmpty(Skin.String(MagicSMBLabel1)) + !Skin.HasSetting(MagicSMB1ShowInAppswitcherOnly)</visible>
					<icon>$INFO[Skin.String(MagicSMBIcon1)]</icon>
					<onclick>$INFO[Skin.String(MagicSMBAction1)]</onclick>
				</item>
				<item id="3035">
					<label></label>
		        	<visible>Skin.HasSetting(ShowMagicSMB2) + !IsEmpty(Skin.String(MagicSMBLabel2)) + !Skin.HasSetting(MagicSMB2ShowInAppswitcherOnly)</visible>
					<icon>$INFO[Skin.String(MagicSMBIcon2)]</icon>
					<onclick>$INFO[Skin.String(MagicSMBAction2)]</onclick>
				</item>
				<item id="3036">
					<label></label>
		        	<visible>Skin.HasSetting(ShowMagicSMB3) + !IsEmpty(Skin.String(MagicSMBLabel3)) + !Skin.HasSetting(MagicSMB3ShowInAppswitcherOnly)</visible>
					<icon>$INFO[Skin.String(MagicSMBIcon3)]</icon>
					<onclick>$INFO[Skin.String(MagicSMBAction3)]</onclick>
				</item>
				<item id="3037">
					<label></label>
		        	<visible>Skin.HasSetting(ShowMagicSMB4) + !IsEmpty(Skin.String(MagicSMBLabel4)) + !Skin.HasSetting(MagicSMB4ShowInAppswitcherOnly)</visible>
					<icon>$INFO[Skin.String(MagicSMBIcon4)]</icon>
					<onclick>$INFO[Skin.String(MagicSMBAction4)]</onclick>
				</item>
			</content>
		</control>

<!-- Submenu mid -->
		<include>SubMenuBGMid</include>
		<control type="panel" id="9004">
			<visible>![Player.HasAudio | Player.HasVideo]</visible>
			<align>center</align>
			<include>SubMenuPanelMid</include>
			<onup>Control.SetFocus(3006)</onup>
			<onright condition="Control.IsVisible(3050)">Control.SetFocus(3050)</onright>
			<content>
				<item id="4010">
					<label></label>
					<visible>!Skin.HasSetting(HideHomeButtonMusic) + !Skin.String(HomeButton1Value,MusicPath) + !Skin.String(HomeButton2Value,MusicPath) + !Skin.String(HomeButton3Value,MusicPath) + !Skin.String(HomeButton4Value,MusicPath) + !Skin.String(HomeButton5Value,MusicPath) + !Skin.String(HomeButton6Value,MusicPath)</visible>
					<icon>button_music.png</icon>
<!--				<onclick>ActivateWindow(Music,$INFO[Skin.String(CustomMusicPath)])</onclick> -->
					<onclick condition="!IsEmpty(Skin.String(CustomMusicPath1))">ActivateWindow(Music,$INFO[Skin.String(CustomMusicPath1)])</onclick>
					<onclick condition="!IsEmpty(Skin.String(CustomMusicPath2))">ActivateWindow(Music,$INFO[Skin.String(CustomMusicPath2)])</onclick>
					<onclick condition="!IsEmpty(Skin.String(CustomMusicPath3))">ActivateWindow(Music,$INFO[Skin.String(CustomMusicPath3)])</onclick>
					<onclick condition="!IsEmpty(Skin.String(CustomMusicPath4))">ActivateWindow(Music,$INFO[Skin.String(CustomMusicPath4)])</onclick>
					<onclick condition="!IsEmpty(Skin.String(CustomMusicPath5))">ActivateWindow(Music,$INFO[Skin.String(CustomMusicPath5)])</onclick>
					<onclick condition="!IsEmpty(Skin.String(CustomMusicPath6))">ActivateWindow(Music,$INFO[Skin.String(CustomMusicPath6)])</onclick>
				</item>
				<item id="4011">
					<label></label>
					<visible>!Skin.HasSetting(HideHomeButtonMusicArtists) + !Skin.String(HomeButton1Value,MusicArtists) + !Skin.String(HomeButton2Value,MusicArtists) + !Skin.String(HomeButton3Value,MusicArtists) + !Skin.String(HomeButton4Value,MusicArtists) + !Skin.String(HomeButton5Value,MusicArtists) + !Skin.String(HomeButton6Value,MusicArtists)</visible>
					<icon>button_musicartist.png</icon>
					<onclick>ActivateWindow(Music,musicdb://artists/,return)</onclick>
				</item>
				<item id="4012">
					<label></label>
					<visible>!Skin.HasSetting(HideHomeButtonMusicAlbums) + !Skin.String(HomeButton1Value,MusicAlbums) + !Skin.String(HomeButton2Value,MusicAlbums) + !Skin.String(HomeButton3Value,MusicAlbums) + !Skin.String(HomeButton4Value,MusicAlbums) + !Skin.String(HomeButton5Value,MusicAlbums) + !Skin.String(HomeButton6Value,MusicAlbums)</visible>
					<icon>button_musicalbum.png</icon>
					<onclick>ActivateWindow(Music,musicdb://albums/,return])</onclick>
				</item>
				<item id="4013">
					<label></label>
					<visible>!Skin.HasSetting(HideHomeButtonMusicGenre) + !Skin.String(HomeButton1Value,MusicGenre) + !Skin.String(HomeButton2Value,MusicGenre) + !Skin.String(HomeButton3Value,MusicGenre) + !Skin.String(HomeButton4Value,MusicGenre) + !Skin.String(HomeButton5Value,MusicGenre) + !Skin.String(HomeButton6Value,MusicGenre)</visible>
					<icon>button_musicgenre.png</icon>
					<onclick>ActivateWindow(Music,musicdb://genres/,return)</onclick>
				</item>
				<item id="4014">
					<label></label>
		        	<visible>!Skin.HasSetting(HideHomeButtonVideo) + !Skin.String(HomeButton1Value,Video) + !Skin.String(HomeButton2Value,Video) + !Skin.String(HomeButton3Value,Video) + !Skin.String(HomeButton4Value,Video) + !Skin.String(HomeButton5Value,Video) + !Skin.String(HomeButton6Value,Video)</visible>
					<icon>button_video.png</icon>
<!--				<onclick>ActivateWindow(Videos,$INFO[Skin.String(CustomVideoPath)])</onclick> -->
					<onclick condition="!IsEmpty(Skin.String(CustomVideoPath1))">ActivateWindow(Videos,$INFO[Skin.String(CustomVideoPath1)])</onclick>
					<onclick condition="!IsEmpty(Skin.String(CustomVideoPath2))">ActivateWindow(Videos,$INFO[Skin.String(CustomVideoPath2)])</onclick>
					<onclick condition="!IsEmpty(Skin.String(CustomVideoPath3))">ActivateWindow(Videos,$INFO[Skin.String(CustomVideoPath3)])</onclick>
					<onclick condition="!IsEmpty(Skin.String(CustomVideoPath4))">ActivateWindow(Videos,$INFO[Skin.String(CustomVideoPath4)])</onclick>
					<onclick condition="!IsEmpty(Skin.String(CustomVideoPath5))">ActivateWindow(Videos,$INFO[Skin.String(CustomVideoPath5)])</onclick>
					<onclick condition="!IsEmpty(Skin.String(CustomVideoPath6))">ActivateWindow(Videos,$INFO[Skin.String(CustomVideoPath6)])</onclick>
				</item>
				<item id="4015">
					<label></label>
		        	<visible>!Skin.HasSetting(HideHomeButtonNavigation) + !Skin.String(HomeButton1Value,Navigation) + !Skin.String(HomeButton2Value,Navigation) + !Skin.String(HomeButton3Value,Navigation) + !Skin.String(HomeButton4Value,Navigation) + !Skin.String(HomeButton5Value,Navigation) + !Skin.String(HomeButton6Value,Navigation)</visible>
					<icon>button_navi.png</icon>
					<onclick condition="Player.HasVideo">PlayerControl(Stop)</onclick>
					<onclick>RunScript("plugin.program.navigation")</onclick>
				</item>
				<item id="4016">
					<label></label>
		        	<visible>!Skin.HasSetting(HideHomeButtonRadio) + !Skin.String(HomeButton1Value,RadioFM) + !Skin.String(HomeButton2Value,RadioFM) + !Skin.String(HomeButton3Value,RadioFM) + !Skin.String(HomeButton4Value,RadioFM) + !Skin.String(HomeButton5Value,RadioFM) + !Skin.String(HomeButton6Value,RadioFM)</visible>
					<icon>button_radio.png</icon>
					<onclick>RunScript("plugin.program.radioFM")</onclick>
				</item>
				<item id="4017">
					<label></label>
		        	<visible>!Skin.HasSetting(HideHomeButtonSettings) + !Skin.String(HomeButton1Value,Settings) + !Skin.String(HomeButton2Value,Settings) + !Skin.String(HomeButton3Value,Settings) + !Skin.String(HomeButton4Value,Settings) + !Skin.String(HomeButton5Value,Settings) + !Skin.String(HomeButton6Value,Settings)</visible>
					<icon>button_settings.png</icon>
					<onclick>ActivateWindow(Settings)</onclick>
				</item>
				<item id="4018">
					<label></label>
		        	<visible>!Skin.HasSetting(HideHomeButtonShutdownDialog) + !Skin.String(HomeButton1Value,Shutdown) + !Skin.String(HomeButton2Value,Shutdown) + !Skin.String(HomeButton3Value,Shutdown) + !Skin.String(HomeButton4Value,Shutdown) + !Skin.String(HomeButton5Value,Shutdown) + !Skin.String(HomeButton6Value,Shutdown) + !Skin.String(HomeButton1Value,ShutdownNoDialog) + !Skin.String(HomeButton2Value,ShutdownNoDialog) + !Skin.String(HomeButton3Value,ShutdownNoDialog) + !Skin.String(HomeButton4Value,ShutdownNoDialog) + !Skin.String(HomeButton5Value,ShutdownNoDialog) + !Skin.String(HomeButton6Value,ShutdownNoDialog)</visible>
					<icon>button_shutdown.png</icon>
					<onclick>ActivateWindow(1998)</onclick>
				</item>  
				<item id="4019">
					<label></label>
		        	<visible>Skin.HasSetting(HideHomeButtonShutdownDialog) + !Skin.String(HomeButton1Value,Shutdown) + !Skin.String(HomeButton2Value,Shutdown) + !Skin.String(HomeButton3Value,Shutdown) + !Skin.String(HomeButton4Value,Shutdown) + !Skin.String(HomeButton5Value,Shutdown) + !Skin.String(HomeButton6Value,Shutdown) + !Skin.String(HomeButton1Value,ShutdownNoDialog) + !Skin.String(HomeButton2Value,ShutdownNoDialog) + !Skin.String(HomeButton3Value,ShutdownNoDialog) + !Skin.String(HomeButton4Value,ShutdownNoDialog) + !Skin.String(HomeButton5Value,ShutdownNoDialog) + !Skin.String(HomeButton6Value,ShutdownNoDialog)</visible>
					<icon>button_shutdown.png</icon>
					<onclick>RunScript("special://skin/scripts/system_poweroff.py")</onclick>
				</item>  
				<item id="4020">
					<label></label>
			 		<visible>!Skin.HasSetting(HideHomeButtonFileManager)</visible>
					<icon>button_filemanager.png</icon>
					<onclick>ActivateWindow(FileManager)</onclick>
				</item>
				<item id="4021">
					<label></label>
			 		<visible>!Skin.HasSetting(HideHomeButtonConnect3g) + !Skin.String(HomeButton1Value,Connect3G) + !Skin.String(HomeButton2Value,Connect3G) + !Skin.String(HomeButton3Value,Connect3G) + !Skin.String(HomeButton4Value,Connect3G) + !Skin.String(HomeButton5Value,Connect3G) + !Skin.String(HomeButton6Value,Connect3G)</visible>
					<icon>button_3g.png</icon>
					<onclick>ActivateWindow(1118)</onclick>
				</item>
				<item id="4022">
					<label></label>
			 		<visible>!Skin.HasSetting(HideHomeButtonOBD) + !Skin.String(HomeButton1Value,OBD) + !Skin.String(HomeButton2Value,OBD) + !Skin.String(HomeButton3Value,OBD) + !Skin.String(HomeButton4Value,OBD) + !Skin.String(HomeButton5Value,OBD) + !Skin.String(HomeButton6Value,OBD)</visible>
					<icon>button_obd.png</icon>
					<onclick>-</onclick>
				</item>  
				<item id="4023">
					<label></label>
		        	<visible>!Skin.HasSetting(HideHomeButtonWeather) + !Skin.String(HomeButton1Value,Weather) + !Skin.String(HomeButton2Value,Weather) + !Skin.String(HomeButton3Value,Weather) + !Skin.String(HomeButton4Value,Weather) + !Skin.String(HomeButton5Value,Weather) + !Skin.String(HomeButton6Value,Weather)</visible>
					<icon>button_weather.png</icon>
					<onclick>ActivateWindow(Weather)</onclick>
				</item>
				<item id="4024">
					<label></label>
		        	<visible>!Skin.HasSetting(HideHomeButtonFavourites) + !Skin.String(HomeButton1Value,Favourites) + !Skin.String(HomeButton2Value,Favourites) + !Skin.String(HomeButton3Value,Favourites) + !Skin.String(HomeButton4Value,Favourites) + !Skin.String(HomeButton5Value,Favourites) + !Skin.String(HomeButton6Value,Favourites)</visible>
					<icon>button_favs.png</icon>
					<onclick>ActivateWindow(Favourites)</onclick>
				</item>
				<item id="4025">
					<label></label>
			 		<visible>!Skin.HasSetting(HideHomeButtonPrograms) + !Skin.String(HomeButton1Value,Programs) + !Skin.String(HomeButton2Value,Programs) + !Skin.String(HomeButton3Value,Programs) + !Skin.String(HomeButton4Value,Programs) + !Skin.String(HomeButton5Value,Programs) + !Skin.String(HomeButton6Value,Programs)</visible>
					<icon>button_apps.png</icon>
					<onclick>ActivateWindow(Programs,addons://sources/executable)</onclick>
				</item>
				<item id="4026">
					<label></label>
			 		<visible>!Skin.HasSetting(HideHomeButtonPlaylistEditor)</visible>
					<icon>button_musicplaylisteditor.png</icon>
					<onclick>ActivateWindow(503)</onclick>
				</item>
				<item id="4027">
					<label></label>
			 		<visible>System.HasAddon(plugin.program.wifimanager) + !Skin.HasSetting(HideHomeButtonConnectWiFi)</visible>
					<icon>button_wifi.png</icon>
					<onclick>ActivateWindow(1119)</onclick>
				</item>
<!-- 
				<item id="4027">
					<label></label>
			 		<visible>System.HasAddon(plugin.program.wifimanager) + !Skin.HasSetting(HideHomeButtonConnectWiFi) + String.IsEqual(System.InternetState,$LOCALIZE[13296])</visible>
					<icon>button_wifi_on.png</icon>
					<onclick>ActivateWindow(1119)</onclick>
				</item>
 -->
				<item id="4028">
					<label></label>
			 		<visible>[Skin.String(Daysaved,1) + Skin.String(Nightsaved,1)] + !Skin.HasSetting(HideHomeButtonDayNight) + !Skin.String(DayNightModus,day) + System.HasAddon(plugin.program.carpc-xtouch)</visible>
					<icon>button_day.png</icon>
					<onclick>Skin.Reset(DayNightModus)</onclick>
					<onclick>Skin.SetString(DayNightModus,day)</onclick>
					<onclick>RunScript(/home/pi/.kodi/addons/plugin.program.carpc-xtouch/addon.py,loadday)</onclick>
				</item>
				<item id="4028">
					<label></label>
			 		<visible>[!Skin.String(Daysaved,1) | !Skin.String(Nightsaved,1)] + !Skin.HasSetting(HideHomeButtonDayNight) + System.HasAddon(plugin.program.carpc-xtouch)</visible>
					<icon>button_daynight_alert.png</icon>
					<onclick>Skin.Reset(OpenSettingsMenu1)</onclick>
					<onclick>Skin.Reset(OpenSettingsMenu2)</onclick>
					<onclick>Skin.Reset(OpenSettingsMenu3)</onclick>
					<onclick>Skin.Reset(OpenSettingsMenu4)</onclick>
					<onclick>Skin.Reset(ChangeFocusColor)</onclick>
					<onclick>Skin.Reset(ChangeSubmenuBGColor)</onclick>
					<onclick>Skin.Reset(ChangeIconTextColor)</onclick>
					<onclick>Skin.Reset(ChangeOutlineColor)</onclick>
					<onclick>Skin.Reset(ChangeOutlineColorFocus)</onclick>
					<onclick>Skin.Reset(ChangeButtonBGColor)</onclick>
					<onclick>Skin.Reset(ChangePlayerButtonsBGColor)</onclick>
					<onclick>Skin.Reset(ChangeBottomBGColor)</onclick>
					<onclick>Skin.Reset(ChangeRadioBGColor)</onclick>
					<onclick>Skin.Reset(ChangeRadioDisplayColor)</onclick>
					<onclick>Skin.Reset(ChangeTempClockColorMinutes)</onclick>
					<onclick>Skin.Reset(ChangeTempClockColorHours)</onclick>
					<onclick>Skin.Reset(ChangeTempLabelColor)</onclick>
					<onclick>Skin.Reset(ChangeButtonBGColorFocus)</onclick>
					<onclick>Skin.Reset(ChangeSkinColor)</onclick>
					<onclick>Skin.Reset(SkinSettings)</onclick>
					<onclick>Skin.SetString(SkinSettings,42)</onclick>
					<onclick>Skin.Reset(SaveDayNight)</onclick>
					<onclick>ActivateWindow(1113)</onclick>
					<onclick>Control.SetFocus(440)</onclick>
				</item>
				<item id="4028">
					<label></label>
			 		<visible>[Skin.String(Daysaved,1) + Skin.String(Nightsaved,1)] + !Skin.HasSetting(HideHomeButtonDayNight) + !Skin.String(DayNightModus,night) + System.HasAddon(plugin.program.carpc-xtouch)</visible>
					<icon>button_night.png</icon>
					<onclick>Skin.Reset(DayNightModus)</onclick>
					<onclick>Skin.SetString(DayNightModus,night)</onclick>
					<onclick>RunScript(/home/pi/.kodi/addons/plugin.program.carpc-xtouch/addon.py,loadnight)</onclick>
				</item> 
				<item id="4029">
					<label></label>
			 		<visible>!Skin.HasSetting(HideHomeButtonTempClockSwitch) + System.HasAddon(plugin.program.piwire) + Skin.HasSetting(Enable_Temp_Display)</visible>
					<icon>buttons-tempclock-switch.png</icon>
					<onclick>Skin.ToggleSetting(SwitchTempClock)</onclick>
				</item>
				<item id="4030">
					<label></label>
			 		<visible>!Skin.HasSetting(HideHomeButtonUSBManager) + System.HasAddon(plugin.program.usbmanager)</visible>
					<icon>button_usbmanager.png</icon>
					<onclick>RunPlugin(plugin://plugin.program.usbmanager)</onclick>
				</item>
				<item id="4031">
					<label></label>
			 		<visible>!Skin.HasSetting(HideHomeButtonPiWire) + System.HasAddon(plugin.program.piwire)</visible>
					<icon>button_piwire.png</icon>
					<onclick>RunPlugin(plugin://plugin.program.piwire)</onclick>
				</item>
				<item id="4032">
					<label></label>
			 		<visible>!Skin.HasSetting(HideHomeButtonGPIODiag) + System.HasAddon(plugin.program.gpiodiag)</visible>
					<icon>button_gpiodiag.png</icon>
					<onclick>RunPlugin(plugin://plugin.program.gpiodiag)</onclick>
				</item>
				<item id="4033">
					<label></label>
			 		<visible>!Skin.HasSetting(HideHomeButtonPiDash) + System.HasAddon(plugin.program.pidash)</visible>
					<icon>button_pidash.png</icon>
					<onclick>RunPlugin(plugin://plugin.program.pidash)</onclick>
				</item>
				<item id="4034">
					<label></label>
		        	<visible>Skin.HasSetting(ShowMagicSMB1) + !IsEmpty(Skin.String(MagicSMBLabel1)) + !Skin.HasSetting(MagicSMB1ShowInAppswitcherOnly)</visible>
					<icon>$INFO[Skin.String(MagicSMBIcon1)]</icon>
					<onclick>$INFO[Skin.String(MagicSMBAction1)]</onclick>
				</item>
				<item id="4035">
					<label></label>
		        	<visible>Skin.HasSetting(ShowMagicSMB2) + !IsEmpty(Skin.String(MagicSMBLabel2)) + !Skin.HasSetting(MagicSMB2ShowInAppswitcherOnly)</visible>
					<icon>$INFO[Skin.String(MagicSMBIcon2)]</icon>
					<onclick>$INFO[Skin.String(MagicSMBAction2)]</onclick>
				</item>
				<item id="4036">
					<label></label>
		        	<visible>Skin.HasSetting(ShowMagicSMB3) + !IsEmpty(Skin.String(MagicSMBLabel3)) + !Skin.HasSetting(MagicSMB3ShowInAppswitcherOnly)</visible>
					<icon>$INFO[Skin.String(MagicSMBIcon3)]</icon>
					<onclick>$INFO[Skin.String(MagicSMBAction3)]</onclick>
				</item>
				<item id="4037">
					<label></label>
		        	<visible>Skin.HasSetting(ShowMagicSMB4) + !IsEmpty(Skin.String(MagicSMBLabel4)) + !Skin.HasSetting(MagicSMB4ShowInAppswitcherOnly)</visible>
					<icon>$INFO[Skin.String(MagicSMBIcon4)]</icon>
					<onclick>$INFO[Skin.String(MagicSMBAction4)]</onclick>
				</item>

			</content>
		</control>

<!-- Submenu big -->
	<control type="group">
		<posx>0</posx>
		<posy>660</posy>
		<width>screenwidth</width>
		<align>center</align>
		<include>SubMenuBGBig</include>
		<control type="panel" id="9004">
			<visible>![Player.HasAudio | Player.HasVideo]</visible>
			<align>center</align>
			<visible></visible>
			<include>SubMenuPanelBig</include>
			<onup>Control.SetFocus(3006)</onup>
			<onright>Control.SetFocus(3050)</onright>
			<content>
				<item id="4010">
					<label></label>
					<visible>!Skin.HasSetting(HideHomeButtonMusic) + !Skin.String(HomeButton1Value,MusicPath) + !Skin.String(HomeButton2Value,MusicPath) + !Skin.String(HomeButton3Value,MusicPath) + !Skin.String(HomeButton4Value,MusicPath) + !Skin.String(HomeButton5Value,MusicPath) + !Skin.String(HomeButton6Value,MusicPath)</visible>
					<icon>button_music.png</icon>
					<onclick condition="!IsEmpty(Skin.String(CustomMusicPath1))">ActivateWindow(Music,$INFO[Skin.String(CustomMusicPath1)])</onclick>
					<onclick condition="!IsEmpty(Skin.String(CustomMusicPath2))">ActivateWindow(Music,$INFO[Skin.String(CustomMusicPath2)])</onclick>
					<onclick condition="!IsEmpty(Skin.String(CustomMusicPath3))">ActivateWindow(Music,$INFO[Skin.String(CustomMusicPath3)])</onclick>
					<onclick condition="!IsEmpty(Skin.String(CustomMusicPath4))">ActivateWindow(Music,$INFO[Skin.String(CustomMusicPath4)])</onclick>
					<onclick condition="!IsEmpty(Skin.String(CustomMusicPath5))">ActivateWindow(Music,$INFO[Skin.String(CustomMusicPath5)])</onclick>
					<onclick condition="!IsEmpty(Skin.String(CustomMusicPath6))">ActivateWindow(Music,$INFO[Skin.String(CustomMusicPath6)])</onclick>
				</item>
				<item id="4011">
					<label></label>
					<visible>!Skin.HasSetting(HideHomeButtonMusicArtists) + !Skin.String(HomeButton1Value,MusicArtists) + !Skin.String(HomeButton2Value,MusicArtists) + !Skin.String(HomeButton3Value,MusicArtists) + !Skin.String(HomeButton4Value,MusicArtists) + !Skin.String(HomeButton5Value,MusicArtists) + !Skin.String(HomeButton6Value,MusicArtists)</visible>
					<icon>button_musicartist.png</icon>
					<onclick>ActivateWindow(Music,musicdb://artists/,return)</onclick>
				</item>
				<item id="4012">
					<label></label>
					<visible>!Skin.HasSetting(HideHomeButtonMusicAlbums) + !Skin.String(HomeButton1Value,MusicAlbums) + !Skin.String(HomeButton2Value,MusicAlbums) + !Skin.String(HomeButton3Value,MusicAlbums) + !Skin.String(HomeButton4Value,MusicAlbums) + !Skin.String(HomeButton5Value,MusicAlbums) + !Skin.String(HomeButton6Value,MusicAlbums)</visible>
					<icon>button_musicalbum.png</icon>
					<onclick>ActivateWindow(Music,musicdb://albums/,return])</onclick>
				</item>
				<item id="4013">
					<label></label>
					<visible>!Skin.HasSetting(HideHomeButtonMusicGenre) + !Skin.String(HomeButton1Value,MusicGenre) + !Skin.String(HomeButton2Value,MusicGenre) + !Skin.String(HomeButton3Value,MusicGenre) + !Skin.String(HomeButton4Value,MusicGenre) + !Skin.String(HomeButton5Value,MusicGenre) + !Skin.String(HomeButton6Value,MusicGenre)</visible>
					<icon>button_musicgenre.png</icon>
					<onclick>ActivateWindow(Music,musicdb://genres/,return)</onclick>
				</item>
				<item id="4014">
					<label></label>
		        	<visible>!Skin.HasSetting(HideHomeButtonVideo) + !Skin.String(HomeButton1Value,Video) + !Skin.String(HomeButton2Value,Video) + !Skin.String(HomeButton3Value,Video) + !Skin.String(HomeButton4Value,Video) + !Skin.String(HomeButton5Value,Video) + !Skin.String(HomeButton6Value,Video)</visible>
					<icon>button_video.png</icon>
					<onclick condition="!IsEmpty(Skin.String(CustomVideoPath1))">ActivateWindow(Videos,$INFO[Skin.String(CustomVideoPath1)])</onclick>
					<onclick condition="!IsEmpty(Skin.String(CustomVideoPath2))">ActivateWindow(Videos,$INFO[Skin.String(CustomVideoPath2)])</onclick>
					<onclick condition="!IsEmpty(Skin.String(CustomVideoPath3))">ActivateWindow(Videos,$INFO[Skin.String(CustomVideoPath3)])</onclick>
					<onclick condition="!IsEmpty(Skin.String(CustomVideoPath4))">ActivateWindow(Videos,$INFO[Skin.String(CustomVideoPath4)])</onclick>
					<onclick condition="!IsEmpty(Skin.String(CustomVideoPath5))">ActivateWindow(Videos,$INFO[Skin.String(CustomVideoPath5)])</onclick>
					<onclick condition="!IsEmpty(Skin.String(CustomVideoPath6))">ActivateWindow(Videos,$INFO[Skin.String(CustomVideoPath6)])</onclick>
				</item>
				<item id="4015">
					<label></label>
		        	<visible>!Skin.HasSetting(HideHomeButtonNavigation) + !Skin.String(HomeButton1Value,Navigation) + !Skin.String(HomeButton2Value,Navigation) + !Skin.String(HomeButton3Value,Navigation) + !Skin.String(HomeButton4Value,Navigation) + !Skin.String(HomeButton5Value,Navigation) + !Skin.String(HomeButton6Value,Navigation)</visible>
					<icon>button_navi.png</icon>
					<onclick>RunScript("plugin.program.navigation")</onclick>
					<onclick condition="Player.HasVideo">PlayerControl(Stop)</onclick>
				</item>
				<item id="4016">
					<label></label>
		        	<visible>!Skin.HasSetting(HideHomeButtonRadio) + !Skin.String(HomeButton1Value,RadioFM) + !Skin.String(HomeButton2Value,RadioFM) + !Skin.String(HomeButton3Value,RadioFM) + !Skin.String(HomeButton4Value,RadioFM) + !Skin.String(HomeButton5Value,RadioFM) + !Skin.String(HomeButton6Value,RadioFM)</visible>
					<icon>button_radio.png</icon>
					<onclick>RunScript("plugin.program.radioFM")</onclick>
				</item>
				<item id="4017">
					<label></label>
		        	<visible>!Skin.HasSetting(HideHomeButtonSettings) + !Skin.String(HomeButton1Value,Settings) + !Skin.String(HomeButton2Value,Settings) + !Skin.String(HomeButton3Value,Settings) + !Skin.String(HomeButton4Value,Settings) + !Skin.String(HomeButton5Value,Settings) + !Skin.String(HomeButton6Value,Settings)</visible>
					<icon>button_settings.png</icon>
					<onclick>ActivateWindow(Settings)</onclick>
				</item>
				<item id="4018">
					<label></label>
		        	<visible>!Skin.HasSetting(HideHomeButtonShutdownDialog) + !Skin.String(HomeButton1Value,Shutdown) + !Skin.String(HomeButton2Value,Shutdown) + !Skin.String(HomeButton3Value,Shutdown) + !Skin.String(HomeButton4Value,Shutdown) + !Skin.String(HomeButton5Value,Shutdown) + !Skin.String(HomeButton6Value,Shutdown) + !Skin.String(HomeButton1Value,ShutdownNoDialog) + !Skin.String(HomeButton2Value,ShutdownNoDialog) + !Skin.String(HomeButton3Value,ShutdownNoDialog) + !Skin.String(HomeButton4Value,ShutdownNoDialog) + !Skin.String(HomeButton5Value,ShutdownNoDialog) + !Skin.String(HomeButton6Value,ShutdownNoDialog)</visible>
					<icon>button_shutdown.png</icon>
					<onclick>ActivateWindow(1998)</onclick>
				</item>  
				<item id="4019">
					<label></label>
		        	<visible>Skin.HasSetting(HideHomeButtonShutdownDialog) + !Skin.String(HomeButton1Value,Shutdown) + !Skin.String(HomeButton2Value,Shutdown) + !Skin.String(HomeButton3Value,Shutdown) + !Skin.String(HomeButton4Value,Shutdown) + !Skin.String(HomeButton5Value,Shutdown) + !Skin.String(HomeButton6Value,Shutdown) + !Skin.String(HomeButton1Value,ShutdownNoDialog) + !Skin.String(HomeButton2Value,ShutdownNoDialog) + !Skin.String(HomeButton3Value,ShutdownNoDialog) + !Skin.String(HomeButton4Value,ShutdownNoDialog) + !Skin.String(HomeButton5Value,ShutdownNoDialog) + !Skin.String(HomeButton6Value,ShutdownNoDialog)</visible>
					<icon>button_shutdown.png</icon>
					<onclick>RunScript("special://skin/scripts/system_poweroff.py")</onclick>
				</item>  
				<item id="4020">
					<label></label>
			 		<visible>!Skin.HasSetting(HideHomeButtonFileManager)</visible>
					<icon>button_filemanager.png</icon>
					<onclick>ActivateWindow(FileManager)</onclick>
				</item>
				<item id="4021">
					<label></label>
			 		<visible>!Skin.HasSetting(HideHomeButtonConnect3g) + !Skin.String(HomeButton1Value,Connect3G) + !Skin.String(HomeButton2Value,Connect3G) + !Skin.String(HomeButton3Value,Connect3G) + !Skin.String(HomeButton4Value,Connect3G) + !Skin.String(HomeButton5Value,Connect3G) + !Skin.String(HomeButton6Value,Connect3G)</visible>
					<icon>button_3g.png</icon>
					<onclick>ActivateWindow(1118)</onclick>
				</item>
				<item id="4022">
					<label></label>
			 		<visible>!Skin.HasSetting(HideHomeButtonOBD) + !Skin.String(HomeButton1Value,OBD) + !Skin.String(HomeButton2Value,OBD) + !Skin.String(HomeButton3Value,OBD) + !Skin.String(HomeButton4Value,OBD) + !Skin.String(HomeButton5Value,OBD) + !Skin.String(HomeButton6Value,OBD)</visible>
					<icon>button_obd.png</icon>
					<onclick>-</onclick>
				</item>  
				<item id="4023">
					<label></label>
		        	<visible>!Skin.HasSetting(HideHomeButtonWeather) + !Skin.String(HomeButton1Value,Weather) + !Skin.String(HomeButton2Value,Weather) + !Skin.String(HomeButton3Value,Weather) + !Skin.String(HomeButton4Value,Weather) + !Skin.String(HomeButton5Value,Weather) + !Skin.String(HomeButton6Value,Weather)</visible>
					<icon>button_weather.png</icon>
					<onclick>ActivateWindow(Weather)</onclick>
				</item>
				<item id="4024">
					<label></label>
		        	<visible>!Skin.HasSetting(HideHomeButtonFavourites) + !Skin.String(HomeButton1Value,Favourites) + !Skin.String(HomeButton2Value,Favourites) + !Skin.String(HomeButton3Value,Favourites) + !Skin.String(HomeButton4Value,Favourites) + !Skin.String(HomeButton5Value,Favourites) + !Skin.String(HomeButton6Value,Favourites)</visible>
					<icon>button_favs.png</icon>
					<onclick>ActivateWindow(Favourites)</onclick>
				</item>
				<item id="4025">
					<label></label>
			 		<visible>!Skin.HasSetting(HideHomeButtonPrograms) + !Skin.String(HomeButton1Value,Programs) + !Skin.String(HomeButton2Value,Programs) + !Skin.String(HomeButton3Value,Programs) + !Skin.String(HomeButton4Value,Programs) + !Skin.String(HomeButton5Value,Programs) + !Skin.String(HomeButton6Value,Programs)</visible>
					<icon>button_apps.png</icon>
					<onclick>ActivateWindow(Programs,addons://sources/executable)</onclick>
				</item>
				<item id="4026">
					<label></label>
			 		<visible>!Skin.HasSetting(HideHomeButtonPlaylistEditor)</visible>
					<icon>button_musicplaylisteditor.png</icon>
					<onclick>ActivateWindow(503)</onclick>
				</item>
				<item id="4027">
					<label></label>
			 		<visible>System.HasAddon(plugin.program.wifimanager) + !Skin.HasSetting(HideHomeButtonConnectWiFi)</visible>
					<icon>button_wifi.png</icon>
					<onclick>ActivateWindow(1119)</onclick>
				</item>
<!-- 
				<item id="4027">
					<label></label>
			 		<visible>System.HasAddon(plugin.program.wifimanager) + !Skin.HasSetting(HideHomeButtonConnectWiFi) + String.Compare(System.InternetState,$LOCALIZE[13296])</visible>
					<icon>button_wifi_on.png</icon>
					<onclick>ActivateWindow(1119)</onclick>
				</item>
 -->
				<item id="4028">
					<label></label>
			 		<visible>[Skin.String(Daysaved,1) + Skin.String(Nightsaved,1)] + !Skin.HasSetting(HideHomeButtonDayNight) + !Skin.String(DayNightModus,day) + System.HasAddon(plugin.program.carpc-xtouch)</visible>
					<icon>button_day.png</icon>
					<onclick>Skin.Reset(DayNightModus)</onclick>
					<onclick>Skin.SetString(DayNightModus,day)</onclick>
					<onclick>RunScript(/home/pi/.kodi/addons/plugin.program.carpc-xtouch/addon.py,loadday)</onclick>
				</item>
				<item id="4028">
					<label></label>
			 		<visible>[!Skin.String(Daysaved,1) | !Skin.String(Nightsaved,1)] + !Skin.HasSetting(HideHomeButtonDayNight) + System.HasAddon(plugin.program.carpc-xtouch)</visible>
					<icon>button_daynight_alert.png</icon>
					<onclick>Skin.Reset(OpenSettingsMenu1)</onclick>
					<onclick>Skin.Reset(OpenSettingsMenu2)</onclick>
					<onclick>Skin.Reset(OpenSettingsMenu3)</onclick>
					<onclick>Skin.Reset(OpenSettingsMenu4)</onclick>
					<onclick>Skin.Reset(ChangeFocusColor)</onclick>
					<onclick>Skin.Reset(ChangeSubmenuBGColor)</onclick>
					<onclick>Skin.Reset(ChangeIconTextColor)</onclick>
					<onclick>Skin.Reset(ChangeOutlineColor)</onclick>
					<onclick>Skin.Reset(ChangeOutlineColorFocus)</onclick>
					<onclick>Skin.Reset(ChangeButtonBGColor)</onclick>
					<onclick>Skin.Reset(ChangePlayerButtonsBGColor)</onclick>
					<onclick>Skin.Reset(ChangeBottomBGColor)</onclick>
					<onclick>Skin.Reset(ChangeRadioBGColor)</onclick>
					<onclick>Skin.Reset(ChangeRadioDisplayColor)</onclick>
					<onclick>Skin.Reset(ChangeTempClockColorMinutes)</onclick>
					<onclick>Skin.Reset(ChangeTempClockColorHours)</onclick>
					<onclick>Skin.Reset(ChangeTempLabelColor)</onclick>
					<onclick>Skin.Reset(ChangeButtonBGColorFocus)</onclick>
					<onclick>Skin.Reset(ChangeSkinColor)</onclick>
					<onclick>Skin.Reset(SkinSettings)</onclick>
					<onclick>Skin.SetString(SkinSettings,42)</onclick>
					<onclick>Skin.Reset(SaveDayNight)</onclick>
					<onclick>ActivateWindow(1113)</onclick>
					<onclick>Control.SetFocus(440)</onclick>
				</item>
				<item id="4028">
					<label></label>
			 		<visible>[Skin.String(Daysaved,1) + Skin.String(Nightsaved,1)] + !Skin.HasSetting(HideHomeButtonDayNight) + !Skin.String(DayNightModus,night) + System.HasAddon(plugin.program.carpc-xtouch)</visible>
					<icon>button_night.png</icon>
					<onclick>Skin.Reset(DayNightModus)</onclick>
					<onclick>Skin.SetString(DayNightModus,night)</onclick>
					<onclick>RunScript(/home/pi/.kodi/addons/plugin.program.carpc-xtouch/addon.py,loadnight)</onclick>
					<enable>!IsEmpty(Nightsaved) | !IsEmpty(Daysaved)</enable>
				</item> 
				<item id="4029">
					<label></label>
			 		<visible>!Skin.HasSetting(HideHomeButtonTempClockSwitch) + System.HasAddon(plugin.program.piwire) + Skin.HasSetting(Enable_Temp_Display)</visible>
					<icon>buttons-tempclock-switch.png</icon>
					<onclick>Skin.ToggleSetting(SwitchTempClock)</onclick>
				</item>
				<item id="4030">
					<label></label>
			 		<visible>!Skin.HasSetting(HideHomeButtonUSBManager) + System.HasAddon(plugin.program.usbmanager)</visible>
					<icon>button_usbmanager.png</icon>
					<onclick>RunPlugin(plugin://plugin.program.usbmanager)</onclick>
				</item>
				<item id="4031">
					<label></label>
			 		<visible>!Skin.HasSetting(HideHomeButtonPiWire) + System.HasAddon(plugin.program.piwire)</visible>
					<icon>button_piwire.png</icon>
					<onclick>RunPlugin(plugin://plugin.program.piwire)</onclick>
				</item>
				<item id="4032">
					<label></label>
			 		<visible>!Skin.HasSetting(HideHomeButtonGPIODiag) + System.HasAddon(plugin.program.gpiodiag)</visible>
					<icon>button_gpiodiag.png</icon>
					<onclick>RunPlugin(plugin://plugin.program.gpiodiag)</onclick>
				</item>
				<item id="4033">
					<label></label>
			 		<visible>!Skin.HasSetting(HideHomeButtonPiDash) + System.HasAddon(plugin.program.pidash)</visible>
					<icon>button_pidash.png</icon>
					<onclick>RunPlugin(plugin://plugin.program.pidash)</onclick>
				</item>
				<item id="4034">
					<label></label>
		        	<visible>Skin.HasSetting(ShowMagicSMB1) + !IsEmpty(Skin.String(MagicSMBLabel1)) + !Skin.HasSetting(MagicSMB1ShowInAppswitcherOnly)</visible>
					<icon>$INFO[Skin.String(MagicSMBIcon1)]</icon>
					<onclick>$INFO[Skin.String(MagicSMBAction1)]</onclick>
				</item>
				<item id="4035">
					<label></label>
		        	<visible>Skin.HasSetting(ShowMagicSMB2) + !IsEmpty(Skin.String(MagicSMBLabel2)) + !Skin.HasSetting(MagicSMB2ShowInAppswitcherOnly)</visible>
					<icon>$INFO[Skin.String(MagicSMBIcon2)]</icon>
					<onclick>$INFO[Skin.String(MagicSMBAction2)]</onclick>
				</item>
				<item id="4036">
					<label></label>
		        	<visible>Skin.HasSetting(ShowMagicSMB3) + !IsEmpty(Skin.String(MagicSMBLabel3)) + !Skin.HasSetting(MagicSMB3ShowInAppswitcherOnly)</visible>
					<icon>$INFO[Skin.String(MagicSMBIcon3)]</icon>
					<onclick>$INFO[Skin.String(MagicSMBAction3)]</onclick>
				</item>
				<item id="4037">
					<label></label>
		        	<visible>Skin.HasSetting(ShowMagicSMB4) + !IsEmpty(Skin.String(MagicSMBLabel4)) + !Skin.HasSetting(MagicSMB4ShowInAppswitcherOnly)</visible>
					<icon>$INFO[Skin.String(MagicSMBIcon4)]</icon>
					<onclick>$INFO[Skin.String(MagicSMBAction4)]</onclick>
				</item>
			</content>
		</control>
	</control>

<!-- Appswitcher button -->
		<control type="button" id="3050">
			<description>App Switcher Icon</description>
			<visible>!Skin.HasSetting(HideAppSwitcher)</visible>
			<posx>74r</posx>
			<posy>76r</posy>
			<height>55</height>
			<width>55</width>
			<label></label> 
			<font>font36_title</font>
			<textcolor>-</textcolor>
			<texturenofocus colordiffuse="$VAR[CustomColorNofocus]">button_switcher.png</texturenofocus>
			<texturefocus colordiffuse="$VAR[CustomColorFocus]">button_switcher.png</texturefocus>
			<onclick>ActivateWindow(1125)</onclick>
			<onup condition="Control.IsVisible(9010)">Control.SetFocus(606)</onup>
			<onup condition="!Control.IsVisible(9010)">Control.SetFocus(3006)</onup>
			<onleft condition="Control.IsVisible(9004)">Control.SetFocus(9004)</onleft>
			<onleft condition="Control.IsVisible(9003)">Control.SetFocus(9003)</onleft>
			<onleft condition="!Control.IsVisible(9003) + !Control.IsVisible(9004)">Control.SetFocus(100)</onleft>
		</control>
		
   	<include>BehindDialogFadeOut</include>
   		
	</controls>	
</window>
