<window id="2006">
	<defaultcontrol>9002</defaultcontrol>
	<!-- removed allowoverlay -->
	<controls>
		<control type="image">
			<posx>0</posx>
			<posy>0</posy>
			<width>ScreenWidth</width>
			<height>ScreenHeight</height>
			<visible>Skin.HasSetting(UseVisBgFull)</visible>
			<texture>$INFO[Skin.String(CustomVisBgFullPath)]</texture> 
		</control>  
		<control type="image">
			<posx>0</posx>
			<posy>0</posy>
			<width>ScreenWidth</width>
			<height>ScreenHeight</height>
			<visible>!Skin.HasSetting(UseVisBgFull)</visible>
			<texture>$INFO[Skin.String(CustomBackgroundPath)]</texture> 
		</control>  

	<!-- Cover in Background -->
		<control type="group">
			<description>Cover in Background</description>
			<visible>Skin.HasSetting(ShowCoverOnVisFull) + !Window.IsVisible(120)</visible>
			<include>VisibleFadeEffect</include>
			<posx>415</posx>
			<posy>92</posy>
			<control type="image">
				<description>cover image</description>
				<posx>0</posx>
				<posy>0</posy>
				<width>450</width>
				<height>450</height>
				<texture colordiffuse="CCFFFFFF">$INFO[MusicPlayer.Cover]</texture>
			</control>
			<control type="image">
				<description>cover image</description>
				<posx>0</posx>
				<posy>455</posy>
				<width>450</width>
				<height>450</height>
				<texture flipy="true" diffuse="mask-gradient-v.png">$INFO[MusicPlayer.Cover]</texture>
			</control>
		</control>

	<!-- Show Next Track Info -->
		<control type="group">
			<visible>Skin.HasSetting(ShowNextTrack) + !IntegerGreaterThan(MusicPlayer.TimeRemaining,15) + MusicPlayer.HasNext</visible>
			<include>Visible_Animation_Slide_Up</include>
			<posx>340</posx>
			<posy>570</posy>
			<control type="image">
				<description>Info Background</description>
				<posx>0</posx>
				<posy>0</posy>
				<width>600</width>
				<height>200</height>
				<texture border="12" colordiffuse="E6FFFFFF">button_black.png</texture>
			</control>
			<control type="image">
				<description>cover image</description>
				<posx>20</posx>
				<posy>20</posy>
				<width>120</width>
				<height>120</height>
				<info>MusicPlayer.offset(1).Cover</info>
				<aspectratio>keep</aspectratio>
				<bordertexture>ThumbBorderGrey.png</bordertexture>
				<bordersize>2</bordersize>
			</control>
			<control type="label">
				<description>Next Title</description>
				<posx>160</posx>
				<posy>20</posy>
				<width>430</width>
				<height>30</height>
				<font>font26</font>
				<label>$LOCALIZE[40144]</label>
				<align>left</align>
				<aligny>center</aligny>
				<textcolor>white</textcolor>
			</control>
			<control type="label">
				<description>Title</description>
				<posx>160</posx>
				<posy>53</posy>
				<width>430</width>
				<height>40</height>
				<font>font30</font>
				<label>[B]$INFO[MusicPlayer.offset(1).Title][/B]</label>
				<align>left</align>
				<aligny>center</aligny>
				<textcolor>white</textcolor>
				<scroll>true</scroll>
			</control>
			<control type="label">
				<description>Artist and Album</description>
				<posx>160</posx>
				<posy>100</posy>
				<width>430</width>
				<height>30</height>
				<font>font30</font>
				<label>$INFO[MusicPlayer.offset(1).Artist] – $INFO[MusicPlayer.offset(1).Album]</label>
				<align>left</align>
				<aligny>center</aligny>
				<textcolor>white</textcolor>
				<scroll>true</scroll>
			</control>
		</control>
		<control type="visualisation">
			<description>visualisation</description>
			<posx>0</posx>
			<posy>0</posy>
			<width>ScreenWidth</width>
			<height>ScreenHeight</height>
		</control>

	<!-- codec & viz infos -->
		<control type="group" id="0">
			<posx>0</posx>
			<posy>50</posy>
			<visible>Player.ShowCodec + ![Window.IsVisible(script-XBMC_Lyrics-main.xml) | Window.IsVisible(VisualisationSettings) | Window.IsVisible(VisualisationPresetList)]</visible>
			<animation effect="fade" time="200">VisibleChange</animation>
			<control type="image">
				<description>media info background image</description>
				<posx>0</posx>
				<posy>0</posy>
				<width>ScreenWidth</width>
				<height>105</height>
				<colordiffuse>AAFFFFFF</colordiffuse> 
				<texture>$INFO[Skin.String(CustomBackgroundPath)]</texture>  
			</control>
			<control type="label">
				<description>row 1 label</description>
				<posx>50</posx>
				<posy>10</posy>
				<label>-</label>
				<align>left</align>
				<label>$INFO[musicplayer.Codec,$LOCALIZE[21446]: ,]$INFO[musicplayer.Bitrate, · $LOCALIZE[623]: ,kbps]$INFO[musicplayer.bitspersample, · $LOCALIZE[612]: ,bit]$INFO[musicplayer.Samplerate, · $LOCALIZE[613]: ,kHz]$INFO[musicplayer.Channels, · $LOCALIZE[21444]: ]</label>
				<font>font16</font>
			</control>
			<control type="label">
				<description>row 2 label</description>
				<posx>50</posx>
				<posy>40</posy>
				<label>-</label>
				<align>left</align>
				<label>$INFO[Visualisation.Name] [I][COLOR=customcolor]($LOCALIZE[20166])[/COLOR][/I] · fps: $INFO[System.FPS]</label>
				<font>font16</font>
				<visible>Visualisation.Locked</visible>
			</control>
			<control type="label">
				<description>Unlocked row 2 label</description>
				<posx>50</posx>
				<posy>40</posy>
				<label>-</label>
				<align>left</align>
				<label>$INFO[Visualisation.Name] · fps: $INFO[System.FPS]</label>
				<font>font16</font>
				<visible>!Visualisation.Locked</visible>
			</control>
			<control type="label">
				<description>row 3 label</description>
				<posx>50</posx>
				<posy>70</posy>
				<label>-</label>
				<align>left</align>
				<label>$LOCALIZE[13388]: $INFO[Visualisation.Preset]</label>
				<font>font16</font>
			</control>
		</control>
		<!--<include>PlayerControlCommons</include>-->
		<include>CommonAudioVideoTitle</include>

	</controls>
</window>
