<window id="7">
	<defaultcontrol always="true">95</defaultcontrol>
	<!-- removed allowoverlay -->
	<controls>
		<include>CommonBackground</include>
		<!-- <include>CommonTopBar</include> -->
		<!-- <include>CommonBottomBar</include> -->
		<!-- <include>CommonBackgroundOverlay</include> -->
		<include>HomeButtonCommons</include>
		<!-- <include>CommonNowPlaying</include> -->

		<include>BottomNowPLaying</include>
		
		<control type="label">
			<description>Window label</description>
			<include>MediaWindowTitleCommons</include>
			<label>$LOCALIZE[130]</label>
		</control>
		<control type="panel" id="9002">
			<visible>!Window.IsActive(PlayerControls)</visible>
	        <posx>470r</posx>
			<include>VisibleFadeEffect</include>
			<include>SubMenuCommonLayout</include>
			<content>
				<item>
					<label>31200</label>
					<onclick>Back</onclick>
					<icon>icon_back_w.png</icon>
				</item>
			</content>
		</control>
		
		<control type="label" id="40">
			<description>Hiddenlabel to pass to above</description>
			<visible>false</visible>
		</control>
		<control type="group">
			<posx>200</posx>
			<posy>105</posy>
			<include>Window_OpenClose_Animation_Zoom</include>
			<control type="grouplist" id="9000">
				<posx>0</posx>
				<posy>0</posy>
				<width>195</width>
				<height>360</height>
				<itemgap>-1</itemgap>
				<onup>9000</onup>
				<ondown>9000</ondown>
				<control type="button" id="95">
					<description>Button Summary Values</description>
					<height>63</height>
					<width>210</width>
					<textoffsetx>15</textoffsetx>
					<align>right</align>
					<aligny>center</aligny>
					<font>font24_title</font>
					<textcolor>white</textcolor>
					<focusedcolor>selected</focusedcolor>
					<texturefocus border="5">button-nofocus2.png</texturefocus>
					<texturenofocus border="5">button-nofocus2.png</texturenofocus>
					<pulseonselect>false</pulseonselect>
					<label>20037</label>
				</control>
				<control type="button" id="94">
					<height>62</height>
					<width>210</width>
					<textoffsetx>15</textoffsetx>
					<align>right</align>
					<aligny>center</aligny>
					<font>font24_title</font>
					<textcolor>white</textcolor>
					<focusedcolor>selected</focusedcolor>
					<texturefocus border="3">button-nofocus2.png</texturefocus>
					<texturenofocus border="3">button-nofocus2.png</texturenofocus>
					<pulseonselect>false</pulseonselect>
					<label>13277</label>
				</control>
				<control type="button" id="96">
					<description>Button Network</description>
					<height>62</height>
					<width>210</width>
					<textoffsetx>15</textoffsetx>
					<align>right</align>
					<aligny>center</aligny>
					<font>font24_title</font>
					<textcolor>white</textcolor>
					<focusedcolor>selected</focusedcolor>
					<texturefocus border="5">button-nofocus2.png</texturefocus>
					<texturenofocus border="5">button-nofocus2.png</texturenofocus>
					<pulseonselect>false</pulseonselect>
					<label>13279</label>
				</control>
				<control type="button" id="97">
					<description>Button Video</description>
					<height>62</height>
					<width>210</width>
					<textoffsetx>15</textoffsetx>
					<align>right</align>
					<aligny>center</aligny>
					<font>font24_title</font>
					<textcolor>white</textcolor>
					<focusedcolor>selected</focusedcolor>
					<texturefocus border="5">button-nofocus2.png</texturefocus>
					<texturenofocus border="5">button-nofocus2.png</texturenofocus>
					<pulseonselect>false</pulseonselect>
					<label>13280</label>
				</control>
				<control type="button" id="98">
					<description>Button Hardware</description>
					<height>62</height>
					<width>210</width>
					<textoffsetx>15</textoffsetx>
					<align>right</align>
					<aligny>center</aligny>
					<font>font24_title</font>
					<textcolor>white</textcolor>
					<focusedcolor>selected</focusedcolor>
					<texturefocus border="5">button-nofocus2.png</texturefocus>
					<texturenofocus border="5">button-nofocus2.png</texturenofocus>
					<pulseonselect>false</pulseonselect>
					<label>13281</label>
				</control>
			</control>
			<control type="group">
				<posx>225</posx>
				<posy>0</posy>
				<control type="image">
					<posx>0</posx>
					<posy>0</posy>
					<width>660</width>
					<height>55</height>
					<texture border="5">ListNF.png</texture>
					<visible>!IsEmpty(Control.GetLabel(2))</visible>
				</control>
				<control type="label" id="2">
					<description>Label 2</description>
					<posx>7</posx>
					<posy>0</posy>
					<width>645</width>
					<height>55</height>
					<align>left</align>
					<aligny>center</aligny>
					<label>-</label>
					<font>font23</font>
				</control>
				<control type="image">
					<posx>0</posx>
					<posy>45</posy>
					<width>660</width>
					<height>55</height>
					<texture border="5">ListNF.png</texture>
					<visible>!IsEmpty(Control.GetLabel(3))</visible>
				</control>
				<control type="label" id="3">
					<description>Label 3</description>
					<posx>7</posx>
					<posy>45</posy>
					<width>645</width>
					<height>55</height>
					<align>left</align>
					<aligny>center</aligny>
					<label>-</label>
					<font>font23</font>
				</control>
				<control type="image">
					<posx>0</posx>
					<posy>90</posy>
					<width>660</width>
					<height>45</height>
					<texture border="5">ListNF.png</texture>
					<visible>!IsEmpty(Control.GetLabel(4))</visible>
				</control>
				<control type="label" id="4">
					<description>Label 4</description>
					<posx>7</posx>
					<posy>90</posy>
					<width>645</width>
					<height>55</height>
					<align>left</align>
					<aligny>center</aligny>
					<label>-</label>
					<font>font23</font>
				</control>
				<control type="image">
					<posx>0</posx>
					<posy>135</posy>
					<width>660</width>
					<height>45</height>
					<texture border="5">ListNF.png</texture>
					<visible>!IsEmpty(Control.GetLabel(5))</visible>
				</control>
				<control type="label" id="5">
					<description>Label 5</description>
					<posx>7</posx>
					<posy>135</posy>
					<width>645</width>
					<height>55</height>
					<align>left</align>
					<aligny>center</aligny>
					<label>-</label>
					<font>font23</font>
				</control>
				<control type="image">
					<posx>0</posx>
					<posy>180</posy>
					<width>660</width>
					<height>55</height>
					<texture border="5">ListNF.png</texture>
					<visible>!IsEmpty(Control.GetLabel(6))</visible>
				</control>
				<control type="label" id="6">
					<description>Label 6</description>
					<posx>7</posx>
					<posy>180</posy>
					<width>645</width>
					<height>55</height>
					<align>left</align>
					<aligny>center</aligny>
					<label>-</label>
					<font>font23</font>
				</control>
				<control type="image">
					<posx>0</posx>
					<posy>225</posy>
					<width>660</width>
					<height>55</height>
					<texture border="5">ListNF.png</texture>
					<visible>!IsEmpty(Control.GetLabel(7))</visible>
				</control>
				<control type="label" id="7">
					<description>Label 7</description>
					<posx>7</posx>
					<posy>225</posy>
					<width>645</width>
					<height>45</height>
					<align>left</align>
					<aligny>center</aligny>
					<label>-</label>
					<font>font23</font>
				</control>
				<control type="image">
					<posx>0</posx>
					<posy>270</posy>
					<width>660</width>
					<height>55</height>
					<texture border="5">ListNF.png</texture>
					<visible>!IsEmpty(Control.GetLabel(8))</visible>
				</control>
				<control type="label" id="8">
					<description>Label 8</description>
					<posx>7</posx>
					<posy>270</posy>
					<width>645</width>
					<height>55</height>
					<align>left</align>
					<aligny>center</aligny>
					<label>-</label>
					<font>font23</font>
				</control>
				<control type="image">
					<posx>0</posx>
					<posy>315</posy>
					<width>660</width>
					<height>55</height>
					<texture border="5">ListNF.png</texture>
					<visible>!IsEmpty(Control.GetLabel(9))</visible>
				</control>
				<control type="label" id="9">
					<description>Label 9</description>
					<posx>7</posx>
					<posy>315</posy>
					<width>645</width>
					<height>55</height>
					<align>left</align>
					<aligny>center</aligny>
					<label>-</label>
					<font>font23</font>
				</control>
				<control type="image">
					<posx>0</posx>
					<posy>360</posy>
					<width>660</width>
					<height>55</height>
					<texture border="5">ListNF.png</texture>
					<visible>!IsEmpty(Control.GetLabel(10))</visible>
				</control>
				<control type="label" id="10">
					<description>Label 10</description>
					<posx>7</posx>
					<posy>360</posy>
					<width>645</width>
					<height>55</height>
					<align>left</align>
					<aligny>center</aligny>
					<label>-</label>
					<font>font23</font>
				</control>
				<control type="image">
					<posx>0</posx>
					<posy>405</posy>
					<width>660</width>
					<height>55</height>
					<texture border="5">ListNF.png</texture>
					<visible>!IsEmpty(Control.GetLabel(11))</visible>
				</control>
				<control type="label" id="11">
					<description>Label 11</description>
					<posx>7</posx>
					<posy>405</posy>
					<width>645</width>
					<height>55</height>
					<align>left</align>
					<aligny>center</aligny>
					<label>-</label>
					<font>font23</font>
				</control>
			</control>
			<control type="group">
				<posx>0</posx>
				<posy>170r</posy>
				<control type="label" id="52">
					<description>XBMC BUILD Version</description>
					<posx>250</posx>
					<posy>0</posy>
					<width>650</width>
					<label>108</label>
					<align>left</align>
					<textcolor>white</textcolor>
					<shadowcolor>black</shadowcolor>
					<font>font20_title</font>
				</control>
				<control type="label">
					<description>CPU Text</description>
					<posx>600</posx>
					<posy>30</posy>
					<width>600</width>
					<height>25</height>
					<label>$LOCALIZE[13271] $INFO[System.CPUUsage]</label>
					<align>right</align>
					<aligny>center</aligny>
					<textcolor>white</textcolor>
					<shadowcolor>black</shadowcolor>
					<font>font20_title</font>
				</control>
				<control type="progress">
					<description>CPU BAR</description>
					<posx>607</posx>
					<posy>30</posy>
					<width>240</width>
					<height>25</height>
					<info>System.CPUUsage</info>
				</control>
				<control type="label">
					<description>Memory Text</description>
					<posx>600</posx>
					<posy>52</posy>
					<width>600</width>
					<height>25</height>
					<label>$LOCALIZE[31309] $INFO[system.memory(used.percent)]</label>
					<align>right</align>
					<aligny>center</aligny>
					<textcolor>white</textcolor>
					<shadowcolor>black</shadowcolor>
					<font>font20_title</font>
				</control>
				<control type="progress">
					<description>Memory BAR</description>
					<posx>607</posx>
					<posy>52</posy>
					<width>240</width>
					<height>25</height>
					<info>system.memory(used)</info>
				</control>
			</control>
		</control>
	</controls>
</window>
