<window id="0">
	<onload>RunScript("special://skin/scripts/check_calibration.py")</onload>
	<onunload condition="Container(9000).Hasfocus(2) | Container(9000).Hasfocus(3) | ControlGroup(9010).HasFocus">SetProperty(VideosDirectLink,True)</onunload>
	<onunload condition="Control.HasFocus(9000) + Container(9000).Hasfocus(1)">ClearProperty(VideosDirectLink)</onunload>
	<onload condition="!Skin.HasSetting(HideSettingsManager2.3)">ActivateWindow(1122)</onload>
	<defaultcontrol always="true">3001</defaultcontrol>
	<controls>
		<include>CommonBackground</include>
		<include>CommonTopBar</include>		
 	    <include>WeatherTitleWidget</include>
		
<!-- Title Text / Temperature-->
		<include condition="Skin.String(TempSensor,1) + System.HasAddon(plugin.program.piwire)">TempText1</include>
		<include condition="Skin.String(TempSensor,2) + System.HasAddon(plugin.program.piwire)">TempText2</include>
		<include condition="Skin.String(TempSensor,3) + System.HasAddon(plugin.program.piwire)">TempText3</include>
		<include condition="Skin.String(TempSensor,4) + System.HasAddon(plugin.program.piwire)">TempText4</include>
		<include condition="Skin.String(TempSensor,5) + System.HasAddon(plugin.program.piwire)">TempText5</include>
		<include condition="Skin.String(TempSensor,6) + System.HasAddon(plugin.program.piwire)">TempText6</include>
		<include condition="Skin.String(TempSensor,7) + System.HasAddon(plugin.program.piwire)">TempText7</include>
		<include condition="Skin.String(TempSensor,8) + System.HasAddon(plugin.program.piwire)">TempText8</include>

		<control type="image">
			<description>Image Top Left</description>
			<visible>Skin.HasSetting(EnableTitleImage)</visible>
			<posx>50</posx>
			<posy>5</posy>
			<width>500</width>
			<height>70</height>
	        <aspectratio scalediffuse="true" align="left" aligny="center">keep</aspectratio>
			<texture>$INFO[Skin.String(HomeScreenTitleImage)]</texture>
			<include>Window_OpenClose_Animation_Zoom</include>
		</control>

		<control type="label">
			<description>Text Top Left</description>
			<visible>Skin.HasSetting(EnableTitleText)</visible>
			<posx>45</posx>
			<posy>10</posy>
			<height>40</height>
			<width>500</width>
			<label>$INFO[Skin.String(HomeScreenTitle)]</label> 
			<align>left</align>
			<aligny>center</aligny>
			<font>font40_title</font>
			<textcolor>$VAR[CustomColorNofocus]</textcolor>
		</control>
		
		<control type="button">
			<description>Viz Fullscreen Button</description>
			<visible>Player.HasAudio</visible>
			<posx>0</posx>
			<posy>0</posy>
			<height>100</height>
			<width>100</width>
			<label></label> 
			<font>font40_title</font>
			<textcolor>-</textcolor>
			<texturenofocus>1px_transparent.png</texturenofocus>
			<texturefocus>1px_transparent.png</texturefocus>
			<onclick>ActivateWindow(2006)</onclick>
		</control>

<!--Menu customized-->
		<include>MainButton1</include>		
		<include>MainButton2</include>		
		<include>MainButton3</include>		
		<include>MainButton4</include>		
		<include>MainButton5</include>		
		<include>MainButton6</include>		

<!-- Logo area -->
		<control type="image">
			<description>Normal Default Logo Image</description>
			<posx>440</posx>
			<posy>80</posy>
			<width>400</width>
			<height>396</height>
	    	<aspectratio scalediffuse="true" align="center" aligny="center">stretch</aspectratio>
			<texture diffuse="cover_mask.png">logo.png</texture>
			<visible>![Skin.HasSetting(UseCustomLogo) + !IsEmpty(Skin.String(CustomLogoPath))] + Skin.HasSetting(Hide1024x600Fix)</visible>
			<include>Window_OpenClose_Animation_Zoom</include>
		</control>
		<control type="image">
			<description>Normal Default Logo Image - Fix</description>
			<posx>436</posx>
			<posy>80</posy>
			<width>410</width>
			<height>396</height>
	    	<aspectratio scalediffuse="true" align="center" aligny="center">stretch</aspectratio>
			<texture diffuse="cover_mask.png">logo.png</texture>
			<visible>![Skin.HasSetting(UseCustomLogo) + !IsEmpty(Skin.String(CustomLogoPath))] + !Skin.HasSetting(Hide1024x600Fix)</visible>
			<include>Window_OpenClose_Animation_Zoom</include>
		</control>
		<control type="image">
			<description>User Set Logo Image</description>
			<posx>440</posx>
			<posy>80</posy>
			<width>400</width>
			<height>396</height>
	        <aspectratio scalediffuse="true" align="center" aligny="center">stretch</aspectratio>
			<texture diffuse="cover_mask.png">$INFO[Skin.String(CustomLogoPath)]</texture>
			<visible>Skin.HasSetting(UseCustomLogo) + !IsEmpty(Skin.String(CustomLogoPath)) + Skin.HasSetting(Hide1024x600Fix) + ![Player.HasAudio + !Skin.HasSetting(HideVisualisationHome) + Skin.HasSetting(UseVisBgCover)]</visible>
			<include>Window_OpenClose_Animation_Zoom</include>
		</control>
		<control type="image">
			<description>User Set Logo Image - Fix</description>
			<posx>436</posx>
			<posy>80</posy>
			<width>410</width>
			<height>396</height>
	        <aspectratio scalediffuse="true" align="center" aligny="center">stretch</aspectratio>
			<texture diffuse="cover_mask.png">$INFO[Skin.String(CustomLogoPath)]</texture>
			<visible>Skin.HasSetting(UseCustomLogo) + !IsEmpty(Skin.String(CustomLogoPath)) + !Skin.HasSetting(Hide1024x600Fix) + ![Player.HasAudio + !Skin.HasSetting(HideVisualisationHome) + Skin.HasSetting(UseVisBgCover)]</visible>
			<include>Window_OpenClose_Animation_Zoom</include>
		</control>

<!-- Visualisation -->
		<control type="image">
			<description>Visualisation Background: Path</description>
			<posx>440</posx>
			<posy>85</posy>
			<width>402</width>
			<height>388</height>
			<visible>Skin.HasSetting(UseVisBg) + Player.HasAudio + Window.IsVisible(home) + !Skin.HasSetting(HideVisualisationHome) + !Skin.HasSetting(UseVisBgCover)</visible> 
	        <aspectratio scalediffuse="true" align="center" aligny="center">stretch</aspectratio>
			<texture diffuse="cover_mask.png">$INFO[Skin.String(CustomVisBgPath)]</texture>
			<include>Window_OpenClose_Animation_Zoom</include>
		</control> 
		<control type="image">
			<description>Visualisation Background: Cover</description>
			<posx>440</posx>
			<posy>85</posy>
			<width>402</width>
			<height>388</height>
			<visible>Skin.HasSetting(UseVisBgCover) + Player.HasAudio + Window.IsVisible(home) + !Skin.HasSetting(HideVisualisationHome) + !Skin.HasSetting(UseVisBg)</visible> 
	        <aspectratio scalediffuse="true" align="center" aligny="center">stretch</aspectratio> 
			<texture diffuse="cover_mask.png" background="false">$INFO[MusicPlayer.Cover]</texture>
			<include>Window_OpenClose_Animation_Zoom</include>
		</control> 

<!-- Song/radio info -->
		<control type="group">
			<control type="image">
	            <visible>[Player.HasAudio + !Skin.HasSetting(HideHomeButtonMusicPlayerTitle)] | [!Skin.HasSetting(HideHomeButtonRadioStationName) + substring(Window(Home).Property(Radio.Active),true)]</visible>
				<description>Infobox Background</description>
				<posx>70</posx>
                <posy>500</posy>
                <width>1140</width>
                <height>65</height>
				<aspectratio>stretch</aspectratio>
				<texture colordiffuse="$VAR[CustomColorNofocus]">info_bg.png</texture>
				<include>Window_OpenClose_Animation_Zoom</include>
			</control>
			<include>RandomRepeatButtons</include>
			<include>MusicPlayerTitle</include>
			<include>MusicPlayerTitlewithButtons</include>
			<include>RadioStationName</include>
			<include>RandomRepeatButtonsFix</include> 
			<include>MusicPlayerTitleFix</include>
			<include>MusicPlayerTitlewithButtonsFix</include>
			<include>RadioStationNameFix</include>
		</control>

		<include>CommonBottomBar</include>   
		<include>BottomNowPLaying</include>
		<include>VisualisationHome</include> 
		
<!-- Submenu small -->
		<control type="panel" id="9003">
			<visible>!Window.IsActive(PlayerControls) + Skin.HasSetting(SubmenuIconsSmall) + [Player.HasAudio | Player.HasVideo]</visible>
			<include condition="!Skin.HasSetting(HideAppSwitcher)">SubMenuCommonLayout2</include>
			<include condition="Skin.HasSetting(HideAppSwitcher)">SubMenuCommonLayout3</include>
			<onleft>Control.SetFocus(100)</onleft>
			<onright>Control.SetFocus(3050)</onright>
			<content>
				<item id="3010">
					<label></label>
					<visible>!Skin.HasSetting(HideHomeButtonMusic) + !Skin.String(HomeButton1Value,MusicPath) + !Skin.String(HomeButton2Value,MusicPath) + !Skin.String(HomeButton3Value,MusicPath) + !Skin.String(HomeButton4Value,MusicPath) + !Skin.String(HomeButton5Value,MusicPath) + !Skin.String(HomeButton6Value,MusicPath)</visible>
					<icon>button_music.png</icon>
					<onclick>ActivateWindow(Music,$INFO[Skin.String(CustomMusicPath)])</onclick>
				</item>
				<item id="3011">
					<label></label>
					<visible>!Skin.HasSetting(HideHomeButtonMusicArtists) + !Skin.String(HomeButton1Value,MusicArtists) + !Skin.String(HomeButton2Value,MusicArtists) + !Skin.String(HomeButton3Value,MusicArtists) + !Skin.String(HomeButton4Value,MusicArtists) + !Skin.String(HomeButton5Value,MusicArtists) + !Skin.String(HomeButton6Value,MusicArtists)</visible>
					<icon>button_musicartist.png</icon>
					<onclick>ActivateWindow(Music,musicdb://artists/,return)</onclick>
				</item>
				<item id="3012">
					<label></label>
					<visible>!Skin.HasSetting(HideHomeButtonMusicAlbums) + !Skin.String(HomeButton1Value,MusicAlbums) + !Skin.String(HomeButton2Value,MusicAlbums) + !Skin.String(HomeButton3Value,MusicAlbums) + !Skin.String(HomeButton4Value,MusicAlbums) + !Skin.String(HomeButton5Value,MusicAlbums) + !Skin.String(HomeButton6Value,MusicAlbums)</visible>
					<icon>button_musicalbum.png</icon>
					<onclick>ActivateWindow(Music,musicdb://albums/,return])</onclick>
				</item>
				<item id="3013">
					<label></label>
					<visible>!Skin.HasSetting(HideHomeButtonMusicGenre) + !Skin.String(HomeButton1Value,MusicGenre) + !Skin.String(HomeButton2Value,MusicGenre) + !Skin.String(HomeButton3Value,MusicGenre) + !Skin.String(HomeButton4Value,MusicGenre) + !Skin.String(HomeButton5Value,MusicGenre) + !Skin.String(HomeButton6Value,MusicGenre)</visible>
					<icon>button_musicgenre.png</icon>
					<onclick>ActivateWindow(Music,musicdb://genres/,return)</onclick>
				</item>
				<item id="3014">
					<label></label>
		        	<visible>!Skin.HasSetting(HideHomeButtonVideo) + !Skin.String(HomeButton1Value,Video) + !Skin.String(HomeButton2Value,Video) + !Skin.String(HomeButton3Value,Video) + !Skin.String(HomeButton4Value,Video) + !Skin.String(HomeButton5Value,Video) + !Skin.String(HomeButton6Value,Video)</visible>
					<icon>button_video.png</icon>
					<onclick>ActivateWindow(Videos,$INFO[Skin.String(CustomVideoPath)])</onclick>
				</item>
				<item id="3015">
					<label></label>
		        	<visible>!Skin.HasSetting(HideHomeButtonNavigation) + !Skin.String(HomeButton1Value,Navigation) + !Skin.String(HomeButton2Value,Navigation) + !Skin.String(HomeButton3Value,Navigation) + !Skin.String(HomeButton4Value,Navigation) + !Skin.String(HomeButton5Value,Navigation) + !Skin.String(HomeButton6Value,Navigation)</visible>
					<icon>button_navi.png</icon>
					<onclick>RunScript("plugin.program.navigation")</onclick>
				</item>
				<item id="3016">
					<label></label>
		        	<visible>!Skin.HasSetting(HideHomeButtonRadio) + !Skin.String(HomeButton1Value,RadioFM) + !Skin.String(HomeButton2Value,RadioFM) + !Skin.String(HomeButton3Value,RadioFM) + !Skin.String(HomeButton4Value,RadioFM) + !Skin.String(HomeButton5Value,RadioFM) + !Skin.String(HomeButton6Value,RadioFM)</visible>
					<icon>button_radio.png</icon>
					<onclick>RunScript("plugin.program.radioFM")</onclick>
				</item> 
				<item id="3017">
					<label></label>
		        	<visible>!Skin.String(HomeButton1Value,Settings) + !Skin.String(HomeButton2Value,Settings) + !Skin.String(HomeButton3Value,Settings) + !Skin.String(HomeButton4Value,Settings) + !Skin.String(HomeButton5Value,Settings) + !Skin.String(HomeButton6Value,Settings)</visible>
					<icon>button_settings.png</icon>
					<onclick>ActivateWindow(Settings)</onclick>
				</item>
				<item id="3018">
					<label></label>
		        	<visible>!Skin.HasSetting(HideHomeButtonShutdownDialog) + !Skin.String(HomeButton1Value,Shutdown) + !Skin.String(HomeButton2Value,Shutdown) + !Skin.String(HomeButton3Value,Shutdown) + !Skin.String(HomeButton4Value,Shutdown) + !Skin.String(HomeButton5Value,Shutdown) + !Skin.String(HomeButton6Value,Shutdown) + !Skin.String(HomeButton1Value,ShutdownNoDialog) + !Skin.String(HomeButton2Value,ShutdownNoDialog) + !Skin.String(HomeButton3Value,ShutdownNoDialog) + !Skin.String(HomeButton4Value,ShutdownNoDialog) + !Skin.String(HomeButton5Value,ShutdownNoDialog) + !Skin.String(HomeButton6Value,ShutdownNoDialog)</visible>
					<icon>button_shutdown.png</icon>
					<onclick>ActivateWindow(1998)</onclick>
				</item>  
				<item id="3019">
					<label></label>
		        	<visible>Skin.HasSetting(HideHomeButtonShutdownDialog) + !Skin.String(HomeButton1Value,Shutdown) + !Skin.String(HomeButton2Value,Shutdown) + !Skin.String(HomeButton3Value,Shutdown) + !Skin.String(HomeButton4Value,Shutdown) + !Skin.String(HomeButton5Value,Shutdown) + !Skin.String(HomeButton6Value,Shutdown) + !Skin.String(HomeButton1Value,ShutdownNoDialog) + !Skin.String(HomeButton2Value,ShutdownNoDialog) + !Skin.String(HomeButton3Value,ShutdownNoDialog) + !Skin.String(HomeButton4Value,ShutdownNoDialog) + !Skin.String(HomeButton5Value,ShutdownNoDialog) + !Skin.String(HomeButton6Value,ShutdownNoDialog)</visible>
					<icon>button_shutdown.png</icon>
					<onclick>RunScript("special://skin/scripts/system_poweroff.py")</onclick>
				</item>  
				<item id="3020">
					<label></label>
			 		<visible>!Skin.HasSetting(HideHomeButtonFileManager)</visible>
					<icon>button_filemanager.png</icon>
					<onclick>ActivateWindow(FileManager)</onclick>
				</item>
				<item id="3021">
					<label></label>
			 		<visible>!Skin.HasSetting(HideHomeButtonConnect3g) + !Skin.String(HomeButton1Value,Connect3G) + !Skin.String(HomeButton2Value,Connect3G) + !Skin.String(HomeButton3Value,Connect3G) + !Skin.String(HomeButton4Value,Connect3G) + !Skin.String(HomeButton5Value,Connect3G) + !Skin.String(HomeButton6Value,Connect3G)</visible>
					<icon>button_3g.png</icon>
					<onclick>ActivateWindow(1118)</onclick>
				</item>
				<item id="3022">
					<label></label>
			 		<visible>!Skin.HasSetting(HideHomeButtonOBD) + !Skin.String(HomeButton1Value,OBD) + !Skin.String(HomeButton2Value,OBD) + !Skin.String(HomeButton3Value,OBD) + !Skin.String(HomeButton4Value,OBD) + !Skin.String(HomeButton5Value,OBD) + !Skin.String(HomeButton6Value,OBD)</visible>
					<icon>button_obd.png</icon>
					<onclick>-</onclick>
				</item>  
				<item id="3023">
					<label></label>
		        	<visible>!Skin.HasSetting(HideHomeButtonWeather) + !Skin.String(HomeButton1Value,Weather) + !Skin.String(HomeButton2Value,Weather) + !Skin.String(HomeButton3Value,Weather) + !Skin.String(HomeButton4Value,Weather) + !Skin.String(HomeButton5Value,Weather) + !Skin.String(HomeButton6Value,Weather)</visible>
					<icon>button_weather.png</icon>
					<onclick>ActivateWindow(Weather)</onclick>
				</item>
				<item id="3024">
					<label></label>
		        	<visible>!Skin.HasSetting(HideHomeButtonFavourites) + !Skin.String(HomeButton1Value,Favourites) + !Skin.String(HomeButton2Value,Favourites) + !Skin.String(HomeButton3Value,Favourites) + !Skin.String(HomeButton4Value,Favourites) + !Skin.String(HomeButton5Value,Favourites) + !Skin.String(HomeButton6Value,Favourites)</visible>
					<icon>button_favs.png</icon>
					<onclick>ActivateWindow(Favourites)</onclick>
				</item>
				<item id="3025">
					<label></label>
			 		<visible>!Skin.HasSetting(HideHomeButtonPrograms) + !Skin.String(HomeButton1Value,Programs) + !Skin.String(HomeButton2Value,Programs) + !Skin.String(HomeButton3Value,Programs) + !Skin.String(HomeButton4Value,Programs) + !Skin.String(HomeButton5Value,Programs) + !Skin.String(HomeButton6Value,Programs)</visible>
					<icon>button_apps.png</icon>
					<onclick>ActivateWindow(Programs,addons://sources/executable)</onclick>
				</item>
				<item id="3026">
					<label></label>
			 		<visible>!Skin.HasSetting(HideHomeButtonConnectWiFi)</visible>
					<icon>button_wifi.png</icon>
					<onclick>ActivateWindow(1119)</onclick>
				</item>
				<item id="3027">
					<label></label>
			 		<visible>!Skin.HasSetting(HideHomeButtonDayNight) + !Skin.String(DayNightModus,day) + System.HasAddon(plugin.program.carpc-xtouch)</visible>
					<icon>button_day.png</icon>
					<onclick>Skin.Reset(DayNightModus)</onclick>
					<onclick>Skin.SetString(DayNightModus,day)</onclick>
					<onclick>RunScript(/home/pi/.kodi/addons/plugin.program.carpc-xtouch/addon.py,loadday)</onclick>
				</item>
				<item id="3028">
					<label></label>
			 		<visible>!Skin.HasSetting(HideHomeButtonDayNight) + !Skin.String(DayNightModus,night) + System.HasAddon(plugin.program.carpc-xtouch)</visible>
					<icon>button_night.png</icon>
					<onclick>Skin.Reset(DayNightModus)</onclick>
					<onclick>Skin.SetString(DayNightModus,night)</onclick>
					<onclick>RunScript(/home/pi/.kodi/addons/plugin.program.carpc-xtouch/addon.py,loadnight)</onclick>
				</item>
			</content>
		</control>

		<control type="panel" id="9003">
			<visible>!Window.IsActive(PlayerControls) + Skin.HasSetting(SubmenuIconsSmall) + !Skin.HasSetting(SubmenuIconsMid) + !Skin.HasSetting(SubmenuIconsBig)</visible>
			<include condition="!Skin.HasSetting(HideAppSwitcher)">SubMenuCommonLayout2</include>
			<include condition="Skin.HasSetting(HideAppSwitcher)">SubMenuCommonLayout3</include>
			<onright>Control.SetFocus(3050)</onright>
			<onup>Control.SetFocus(3006)</onup>
			<content>
				<item id="3010">
					<label></label>
					<visible>!Skin.HasSetting(HideHomeButtonMusic) + !Skin.String(HomeButton1Value,MusicPath) + !Skin.String(HomeButton2Value,MusicPath) + !Skin.String(HomeButton3Value,MusicPath) + !Skin.String(HomeButton4Value,MusicPath) + !Skin.String(HomeButton5Value,MusicPath) + !Skin.String(HomeButton6Value,MusicPath)</visible>
					<icon>button_music.png</icon>
					<onclick>ActivateWindow(Music,$INFO[Skin.String(CustomMusicPath)])</onclick>
				</item>
				<item id="3011">
					<label></label>
					<visible>!Skin.HasSetting(HideHomeButtonMusicArtists) + !Skin.String(HomeButton1Value,MusicArtists) + !Skin.String(HomeButton2Value,MusicArtists) + !Skin.String(HomeButton3Value,MusicArtists) + !Skin.String(HomeButton4Value,MusicArtists) + !Skin.String(HomeButton5Value,MusicArtists) + !Skin.String(HomeButton6Value,MusicArtists)</visible>
					<icon>button_musicartist.png</icon>
					<onclick>ActivateWindow(Music,musicdb://artists/,return)</onclick>
				</item>
				<item id="3012">
					<label></label>
					<visible>!Skin.HasSetting(HideHomeButtonMusicAlbums) + !Skin.String(HomeButton1Value,MusicAlbums) + !Skin.String(HomeButton2Value,MusicAlbums) + !Skin.String(HomeButton3Value,MusicAlbums) + !Skin.String(HomeButton4Value,MusicAlbums) + !Skin.String(HomeButton5Value,MusicAlbums) + !Skin.String(HomeButton6Value,MusicAlbums)</visible>
					<icon>button_musicalbum.png</icon>
					<onclick>ActivateWindow(Music,musicdb://albums/,return])</onclick>
				</item>
				<item id="3013">
					<label></label>
					<visible>!Skin.HasSetting(HideHomeButtonMusicGenre) + !Skin.String(HomeButton1Value,MusicGenre) + !Skin.String(HomeButton2Value,MusicGenre) + !Skin.String(HomeButton3Value,MusicGenre) + !Skin.String(HomeButton4Value,MusicGenre) + !Skin.String(HomeButton5Value,MusicGenre) + !Skin.String(HomeButton6Value,MusicGenre)</visible>
					<icon>button_musicgenre.png</icon>
					<onclick>ActivateWindow(Music,musicdb://genres/,return)</onclick>
				</item>
				<item id="3014">
					<label></label>
		        	<visible>!Skin.HasSetting(HideHomeButtonVideo) + !Skin.String(HomeButton1Value,Video) + !Skin.String(HomeButton2Value,Video) + !Skin.String(HomeButton3Value,Video) + !Skin.String(HomeButton4Value,Video) + !Skin.String(HomeButton5Value,Video) + !Skin.String(HomeButton6Value,Video)</visible>
					<icon>button_video.png</icon>
					<onclick>ActivateWindow(Videos,$INFO[Skin.String(CustomVideoPath)])</onclick>
				</item>
				<item id="3015">
					<label></label>
		        	<visible>!Skin.HasSetting(HideHomeButtonNavigation) + !Skin.String(HomeButton1Value,Navigation) + !Skin.String(HomeButton2Value,Navigation) + !Skin.String(HomeButton3Value,Navigation) + !Skin.String(HomeButton4Value,Navigation) + !Skin.String(HomeButton5Value,Navigation) + !Skin.String(HomeButton6Value,Navigation)</visible>
					<icon>button_navi.png</icon>
					<onclick>RunScript("plugin.program.navigation")</onclick>
				</item>
				<item id="3016">
					<label></label>
		        	<visible>!Skin.HasSetting(HideHomeButtonRadio) + !Skin.String(HomeButton1Value,RadioFM) + !Skin.String(HomeButton2Value,RadioFM) + !Skin.String(HomeButton3Value,RadioFM) + !Skin.String(HomeButton4Value,RadioFM) + !Skin.String(HomeButton5Value,RadioFM) + !Skin.String(HomeButton6Value,RadioFM)</visible>
					<icon>button_radio.png</icon>
					<onclick>RunScript("plugin.program.radioFM")</onclick>
				</item> 
				<item id="3017">
					<label></label>
		        	<visible>!Skin.String(HomeButton1Value,Settings) + !Skin.String(HomeButton2Value,Settings) + !Skin.String(HomeButton3Value,Settings) + !Skin.String(HomeButton4Value,Settings) + !Skin.String(HomeButton5Value,Settings) + !Skin.String(HomeButton6Value,Settings)</visible>
					<icon>button_settings.png</icon>
					<onclick>ActivateWindow(Settings)</onclick>
				</item>
				<item id="3018">
					<label></label>
		        	<visible>!Skin.HasSetting(HideHomeButtonShutdownDialog) + !Skin.String(HomeButton1Value,Shutdown) + !Skin.String(HomeButton2Value,Shutdown) + !Skin.String(HomeButton3Value,Shutdown) + !Skin.String(HomeButton4Value,Shutdown) + !Skin.String(HomeButton5Value,Shutdown) + !Skin.String(HomeButton6Value,Shutdown) + !Skin.String(HomeButton1Value,ShutdownNoDialog) + !Skin.String(HomeButton2Value,ShutdownNoDialog) + !Skin.String(HomeButton3Value,ShutdownNoDialog) + !Skin.String(HomeButton4Value,ShutdownNoDialog) + !Skin.String(HomeButton5Value,ShutdownNoDialog) + !Skin.String(HomeButton6Value,ShutdownNoDialog)</visible>
					<icon>button_shutdown.png</icon>
					<onclick>ActivateWindow(1998)</onclick>
				</item>  
				<item id="3019">
					<label></label>
		        	<visible>Skin.HasSetting(HideHomeButtonShutdownDialog) + !Skin.String(HomeButton1Value,Shutdown) + !Skin.String(HomeButton2Value,Shutdown) + !Skin.String(HomeButton3Value,Shutdown) + !Skin.String(HomeButton4Value,Shutdown) + !Skin.String(HomeButton5Value,Shutdown) + !Skin.String(HomeButton6Value,Shutdown) + !Skin.String(HomeButton1Value,ShutdownNoDialog) + !Skin.String(HomeButton2Value,ShutdownNoDialog) + !Skin.String(HomeButton3Value,ShutdownNoDialog) + !Skin.String(HomeButton4Value,ShutdownNoDialog) + !Skin.String(HomeButton5Value,ShutdownNoDialog) + !Skin.String(HomeButton6Value,ShutdownNoDialog)</visible>
					<icon>button_shutdown.png</icon>
					<onclick>RunScript("special://skin/scripts/system_poweroff.py")</onclick>
				</item>  
				<item id="3020">
					<label></label>
			 		<visible>!Skin.HasSetting(HideHomeButtonFileManager)</visible>
					<icon>button_filemanager.png</icon>
					<onclick>ActivateWindow(FileManager)</onclick>
				</item>
				<item id="3021">
					<label></label>
			 		<visible>!Skin.HasSetting(HideHomeButtonConnect3g) + !Skin.String(HomeButton1Value,Connect3G) + !Skin.String(HomeButton2Value,Connect3G) + !Skin.String(HomeButton3Value,Connect3G) + !Skin.String(HomeButton4Value,Connect3G) + !Skin.String(HomeButton5Value,Connect3G) + !Skin.String(HomeButton6Value,Connect3G)</visible>
					<icon>button_3g.png</icon>
					<onclick>ActivateWindow(1118)</onclick>
				</item>
				<item id="3022">
					<label></label>
			 		<visible>!Skin.HasSetting(HideHomeButtonOBD) + !Skin.String(HomeButton1Value,OBD) + !Skin.String(HomeButton2Value,OBD) + !Skin.String(HomeButton3Value,OBD) + !Skin.String(HomeButton4Value,OBD) + !Skin.String(HomeButton5Value,OBD) + !Skin.String(HomeButton6Value,OBD)</visible>
					<icon>button_obd.png</icon>
					<onclick>-</onclick>
				</item>  
				<item id="3023">
					<label></label>
		        	<visible>!Skin.HasSetting(HideHomeButtonWeather) + !Skin.String(HomeButton1Value,Weather) + !Skin.String(HomeButton2Value,Weather) + !Skin.String(HomeButton3Value,Weather) + !Skin.String(HomeButton4Value,Weather) + !Skin.String(HomeButton5Value,Weather) + !Skin.String(HomeButton6Value,Weather)</visible>
					<icon>button_weather.png</icon>
					<onclick>ActivateWindow(Weather)</onclick>
				</item>
				<item id="3024">
					<label></label>
		        	<visible>!Skin.HasSetting(HideHomeButtonFavourites) + !Skin.String(HomeButton1Value,Favourites) + !Skin.String(HomeButton2Value,Favourites) + !Skin.String(HomeButton3Value,Favourites) + !Skin.String(HomeButton4Value,Favourites) + !Skin.String(HomeButton5Value,Favourites) + !Skin.String(HomeButton6Value,Favourites)</visible>
					<icon>button_favs.png</icon>
					<onclick>ActivateWindow(Favourites)</onclick>
				</item>
				<item id="3025">
					<label></label>
			 		<visible>!Skin.HasSetting(HideHomeButtonPrograms) + !Skin.String(HomeButton1Value,Programs) + !Skin.String(HomeButton2Value,Programs) + !Skin.String(HomeButton3Value,Programs) + !Skin.String(HomeButton4Value,Programs) + !Skin.String(HomeButton5Value,Programs) + !Skin.String(HomeButton6Value,Programs)</visible>
					<icon>button_apps.png</icon>
					<onclick>ActivateWindow(Programs,addons://sources/executable)</onclick>
				</item>
				<item id="3026">
					<label></label>
			 		<visible>!Skin.HasSetting(HideHomeButtonConnectWiFi)</visible>
					<icon>button_wifi.png</icon>
					<onclick>ActivateWindow(1119)</onclick>
				</item>
				<item id="3027">
					<label></label>
			 		<visible>!Skin.HasSetting(HideHomeButtonDayNight) + !Skin.String(DayNightModus,day) + System.HasAddon(plugin.program.carpc-xtouch)</visible>
					<icon>button_day.png</icon>
					<onclick>Skin.Reset(DayNightModus)</onclick>
					<onclick>Skin.SetString(DayNightModus,day)</onclick>
					<onclick>RunScript(/home/pi/.kodi/addons/plugin.program.carpc-xtouch/addon.py,loadday)</onclick>
				</item>
				<item id="3028">
					<label></label>
			 		<visible>!Skin.HasSetting(HideHomeButtonDayNight) + !Skin.String(DayNightModus,night) + System.HasAddon(plugin.program.carpc-xtouch)</visible>
					<icon>button_night.png</icon>
					<onclick>Skin.Reset(DayNightModus)</onclick>
					<onclick>Skin.SetString(DayNightModus,night)</onclick>
					<onclick>RunScript(/home/pi/.kodi/addons/plugin.program.carpc-xtouch/addon.py,loadnight)</onclick>
				</item>
			</content>
		</control>

<!-- Submenu mid -->
		<include>SubMenuBGMid</include>
		<control type="panel" id="9004">
			<visible>![Player.HasAudio | Player.HasVideo]</visible>
			<align>center</align>
			<include>SubMenuPanelMid</include>
			<onup>Control.SetFocus(3006)</onup>
			<onright condition="Control.IsVisible(3050)">Control.SetFocus(3050)</onright>
			<content>
				<item id="4010">
					<label></label>
					<visible>!Skin.HasSetting(HideHomeButtonMusic) + !Skin.String(HomeButton1Value,MusicPath) + !Skin.String(HomeButton2Value,MusicPath) + !Skin.String(HomeButton3Value,MusicPath) + !Skin.String(HomeButton4Value,MusicPath) + !Skin.String(HomeButton5Value,MusicPath) + !Skin.String(HomeButton6Value,MusicPath)</visible>
					<icon>button_music.png</icon>
					<onclick>ActivateWindow(Music,$INFO[Skin.String(CustomMusicPath)])</onclick>
				</item>
				<item id="4011">
					<label></label>
					<visible>!Skin.HasSetting(HideHomeButtonMusicArtists) + !Skin.String(HomeButton1Value,MusicArtists) + !Skin.String(HomeButton2Value,MusicArtists) + !Skin.String(HomeButton3Value,MusicArtists) + !Skin.String(HomeButton4Value,MusicArtists) + !Skin.String(HomeButton5Value,MusicArtists) + !Skin.String(HomeButton6Value,MusicArtists)</visible>
					<icon>button_musicartist.png</icon>
					<onclick>ActivateWindow(Music,musicdb://artists/,return)</onclick>
				</item>
				<item id="4012">
					<label></label>
					<visible>!Skin.HasSetting(HideHomeButtonMusicAlbums) + !Skin.String(HomeButton1Value,MusicAlbums) + !Skin.String(HomeButton2Value,MusicAlbums) + !Skin.String(HomeButton3Value,MusicAlbums) + !Skin.String(HomeButton4Value,MusicAlbums) + !Skin.String(HomeButton5Value,MusicAlbums) + !Skin.String(HomeButton6Value,MusicAlbums)</visible>
					<icon>button_musicalbum.png</icon>
					<onclick>ActivateWindow(Music,musicdb://albums/,return])</onclick>
				</item>
				<item id="4013">
					<label></label>
					<visible>!Skin.HasSetting(HideHomeButtonMusicGenre) + !Skin.String(HomeButton1Value,MusicGenre) + !Skin.String(HomeButton2Value,MusicGenre) + !Skin.String(HomeButton3Value,MusicGenre) + !Skin.String(HomeButton4Value,MusicGenre) + !Skin.String(HomeButton5Value,MusicGenre) + !Skin.String(HomeButton6Value,MusicGenre)</visible>
					<icon>button_musicgenre.png</icon>
					<onclick>ActivateWindow(Music,musicdb://genres/,return)</onclick>
				</item>
				<item id="4014">
					<label></label>
		        	<visible>!Skin.HasSetting(HideHomeButtonVideo) + !Skin.String(HomeButton1Value,Video) + !Skin.String(HomeButton2Value,Video) + !Skin.String(HomeButton3Value,Video) + !Skin.String(HomeButton4Value,Video) + !Skin.String(HomeButton5Value,Video) + !Skin.String(HomeButton6Value,Video)</visible>
					<icon>button_video.png</icon>
					<onclick>ActivateWindow(Videos,$INFO[Skin.String(CustomVideoPath)])</onclick>
				</item>
				<item id="4015">
					<label></label>
		        	<visible>!Skin.HasSetting(HideHomeButtonNavigation) + !Skin.String(HomeButton1Value,Navigation) + !Skin.String(HomeButton2Value,Navigation) + !Skin.String(HomeButton3Value,Navigation) + !Skin.String(HomeButton4Value,Navigation) + !Skin.String(HomeButton5Value,Navigation) + !Skin.String(HomeButton6Value,Navigation)</visible>
					<icon>button_navi.png</icon>
					<onclick>RunScript("plugin.program.navigation")</onclick>
				</item>
				<item id="4016">
					<label></label>
		        	<visible>!Skin.HasSetting(HideHomeButtonRadio) + !Skin.String(HomeButton1Value,RadioFM) + !Skin.String(HomeButton2Value,RadioFM) + !Skin.String(HomeButton3Value,RadioFM) + !Skin.String(HomeButton4Value,RadioFM) + !Skin.String(HomeButton5Value,RadioFM) + !Skin.String(HomeButton6Value,RadioFM)</visible>
					<icon>button_radio.png</icon>
					<onclick>RunScript("plugin.program.radioFM")</onclick>
				</item>
				<item id="4017">
					<label></label>
		        	<visible>!Skin.String(HomeButton1Value,Settings) + !Skin.String(HomeButton2Value,Settings) + !Skin.String(HomeButton3Value,Settings) + !Skin.String(HomeButton4Value,Settings) + !Skin.String(HomeButton5Value,Settings) + !Skin.String(HomeButton6Value,Settings)</visible>
					<icon>button_settings.png</icon>
					<onclick>ActivateWindow(Settings)</onclick>
				</item>
				<item id="4018">
					<label></label>
		        	<visible>!Skin.HasSetting(HideHomeButtonShutdownDialog) + !Skin.String(HomeButton1Value,Shutdown) + !Skin.String(HomeButton2Value,Shutdown) + !Skin.String(HomeButton3Value,Shutdown) + !Skin.String(HomeButton4Value,Shutdown) + !Skin.String(HomeButton5Value,Shutdown) + !Skin.String(HomeButton6Value,Shutdown) + !Skin.String(HomeButton1Value,ShutdownNoDialog) + !Skin.String(HomeButton2Value,ShutdownNoDialog) + !Skin.String(HomeButton3Value,ShutdownNoDialog) + !Skin.String(HomeButton4Value,ShutdownNoDialog) + !Skin.String(HomeButton5Value,ShutdownNoDialog) + !Skin.String(HomeButton6Value,ShutdownNoDialog)</visible>
					<icon>button_shutdown.png</icon>
					<onclick>ActivateWindow(1998)</onclick>
				</item>  
				<item id="4019">
					<label></label>
		        	<visible>Skin.HasSetting(HideHomeButtonShutdownDialog) + !Skin.String(HomeButton1Value,Shutdown) + !Skin.String(HomeButton2Value,Shutdown) + !Skin.String(HomeButton3Value,Shutdown) + !Skin.String(HomeButton4Value,Shutdown) + !Skin.String(HomeButton5Value,Shutdown) + !Skin.String(HomeButton6Value,Shutdown) + !Skin.String(HomeButton1Value,ShutdownNoDialog) + !Skin.String(HomeButton2Value,ShutdownNoDialog) + !Skin.String(HomeButton3Value,ShutdownNoDialog) + !Skin.String(HomeButton4Value,ShutdownNoDialog) + !Skin.String(HomeButton5Value,ShutdownNoDialog) + !Skin.String(HomeButton6Value,ShutdownNoDialog)</visible>
					<icon>button_shutdown.png</icon>
					<onclick>RunScript("special://skin/scripts/system_poweroff.py")</onclick>
				</item>  
				<item id="4020">
					<label></label>
			 		<visible>!Skin.HasSetting(HideHomeButtonFileManager)</visible>
					<icon>button_filemanager.png</icon>
					<onclick>ActivateWindow(FileManager)</onclick>
				</item>
				<item id="4021">
					<label></label>
			 		<visible>!Skin.HasSetting(HideHomeButtonConnect3g) + !Skin.String(HomeButton1Value,Connect3G) + !Skin.String(HomeButton2Value,Connect3G) + !Skin.String(HomeButton3Value,Connect3G) + !Skin.String(HomeButton4Value,Connect3G) + !Skin.String(HomeButton5Value,Connect3G) + !Skin.String(HomeButton6Value,Connect3G)</visible>
					<icon>button_3g.png</icon>
					<onclick>ActivateWindow(1118)</onclick>
				</item>
				<item id="4022">
					<label></label>
			 		<visible>!Skin.HasSetting(HideHomeButtonOBD) + !Skin.String(HomeButton1Value,OBD) + !Skin.String(HomeButton2Value,OBD) + !Skin.String(HomeButton3Value,OBD) + !Skin.String(HomeButton4Value,OBD) + !Skin.String(HomeButton5Value,OBD) + !Skin.String(HomeButton6Value,OBD)</visible>
					<icon>button_obd.png</icon>
					<onclick>-</onclick>
				</item>  
				<item id="4023">
					<label></label>
		        	<visible>!Skin.HasSetting(HideHomeButtonWeather) + !Skin.String(HomeButton1Value,Weather) + !Skin.String(HomeButton2Value,Weather) + !Skin.String(HomeButton3Value,Weather) + !Skin.String(HomeButton4Value,Weather) + !Skin.String(HomeButton5Value,Weather) + !Skin.String(HomeButton6Value,Weather)</visible>
					<icon>button_weather.png</icon>
					<onclick>ActivateWindow(Weather)</onclick>
				</item>
				<item id="4024">
					<label></label>
		        	<visible>!Skin.HasSetting(HideHomeButtonFavourites) + !Skin.String(HomeButton1Value,Favourites) + !Skin.String(HomeButton2Value,Favourites) + !Skin.String(HomeButton3Value,Favourites) + !Skin.String(HomeButton4Value,Favourites) + !Skin.String(HomeButton5Value,Favourites) + !Skin.String(HomeButton6Value,Favourites)</visible>
					<icon>button_favs.png</icon>
					<onclick>ActivateWindow(Favourites)</onclick>
				</item>
				<item id="4025">
					<label></label>
			 		<visible>!Skin.HasSetting(HideHomeButtonPrograms) + !Skin.String(HomeButton1Value,Programs) + !Skin.String(HomeButton2Value,Programs) + !Skin.String(HomeButton3Value,Programs) + !Skin.String(HomeButton4Value,Programs) + !Skin.String(HomeButton5Value,Programs) + !Skin.String(HomeButton6Value,Programs)</visible>
					<icon>button_apps.png</icon>
					<onclick>ActivateWindow(Programs,addons://sources/executable)</onclick>
				</item>
				<item id="4026">
					<label></label>
			 		<visible>!Skin.HasSetting(HideHomeButtonConnectWiFi)</visible>
					<icon>button_wifi.png</icon>
					<onclick>ActivateWindow(1119)</onclick>
				</item>
				<item id="4027">
					<label></label>
			 		<visible>!Skin.HasSetting(HideHomeButtonDayNight) + !Skin.String(DayNightModus,day) + System.HasAddon(plugin.program.carpc-xtouch)</visible>
					<icon>button_day.png</icon>
					<onclick>Skin.Reset(DayNightModus)</onclick>
					<onclick>Skin.SetString(DayNightModus,day)</onclick>
					<onclick>RunScript(/home/pi/.kodi/addons/plugin.program.carpc-xtouch/addon.py,loadday)</onclick>
				</item>
				<item id="4028">
					<label></label>
			 		<visible>!Skin.HasSetting(HideHomeButtonDayNight) + !Skin.String(DayNightModus,night) + System.HasAddon(plugin.program.carpc-xtouch)</visible>
					<icon>button_night.png</icon>
					<onclick>Skin.Reset(DayNightModus)</onclick>
					<onclick>Skin.SetString(DayNightModus,night)</onclick>
					<onclick>RunScript(/home/pi/.kodi/addons/plugin.program.carpc-xtouch/addon.py,loadnight)</onclick>
				</item> 

			</content>
		</control>

<!-- Submenu big -->
		<include>SubMenuBGBig</include>
		<control type="panel" id="9004">
			<visible>![Player.HasAudio | Player.HasVideo]</visible>
			<align>center</align>
			<visible></visible>
			<include>SubMenuPanelBig</include>
			<onup>Control.SetFocus(3006)</onup>
			<onright>Control.SetFocus(3050)</onright>
			<content>
				<item id="4010">
					<label></label>
					<visible>!Skin.HasSetting(HideHomeButtonMusic) + !Skin.String(HomeButton1Value,MusicPath) + !Skin.String(HomeButton2Value,MusicPath) + !Skin.String(HomeButton3Value,MusicPath) + !Skin.String(HomeButton4Value,MusicPath) + !Skin.String(HomeButton5Value,MusicPath) + !Skin.String(HomeButton6Value,MusicPath)</visible>
					<icon>button_music.png</icon>
					<onclick>ActivateWindow(Music,$INFO[Skin.String(CustomMusicPath)])</onclick>
				</item>
				<item id="4011">
					<label></label>
					<visible>!Skin.HasSetting(HideHomeButtonMusicArtists) + !Skin.String(HomeButton1Value,MusicArtists) + !Skin.String(HomeButton2Value,MusicArtists) + !Skin.String(HomeButton3Value,MusicArtists) + !Skin.String(HomeButton4Value,MusicArtists) + !Skin.String(HomeButton5Value,MusicArtists) + !Skin.String(HomeButton6Value,MusicArtists)</visible>
					<icon>button_musicartist.png</icon>
					<onclick>ActivateWindow(Music,musicdb://artists/,return)</onclick>
				</item>
				<item id="4012">
					<label></label>
					<visible>!Skin.HasSetting(HideHomeButtonMusicAlbums) + !Skin.String(HomeButton1Value,MusicAlbums) + !Skin.String(HomeButton2Value,MusicAlbums) + !Skin.String(HomeButton3Value,MusicAlbums) + !Skin.String(HomeButton4Value,MusicAlbums) + !Skin.String(HomeButton5Value,MusicAlbums) + !Skin.String(HomeButton6Value,MusicAlbums)</visible>
					<icon>button_musicalbum.png</icon>
					<onclick>ActivateWindow(Music,musicdb://albums/,return])</onclick>
				</item>
				<item id="4013">
					<label></label>
					<visible>!Skin.HasSetting(HideHomeButtonMusicGenre) + !Skin.String(HomeButton1Value,MusicGenre) + !Skin.String(HomeButton2Value,MusicGenre) + !Skin.String(HomeButton3Value,MusicGenre) + !Skin.String(HomeButton4Value,MusicGenre) + !Skin.String(HomeButton5Value,MusicGenre) + !Skin.String(HomeButton6Value,MusicGenre)</visible>
					<icon>button_musicgenre.png</icon>
					<onclick>ActivateWindow(Music,musicdb://genres/,return)</onclick>
				</item>
				<item id="4014">
					<label></label>
		        	<visible>!Skin.HasSetting(HideHomeButtonVideo) + !Skin.String(HomeButton1Value,Video) + !Skin.String(HomeButton2Value,Video) + !Skin.String(HomeButton3Value,Video) + !Skin.String(HomeButton4Value,Video) + !Skin.String(HomeButton5Value,Video) + !Skin.String(HomeButton6Value,Video)</visible>
					<icon>button_video.png</icon>
					<onclick>ActivateWindow(Videos,$INFO[Skin.String(CustomVideoPath)])</onclick>
				</item>
				<item id="4015">
					<label></label>
		        	<visible>!Skin.HasSetting(HideHomeButtonNavigation) + !Skin.String(HomeButton1Value,Navigation) + !Skin.String(HomeButton2Value,Navigation) + !Skin.String(HomeButton3Value,Navigation) + !Skin.String(HomeButton4Value,Navigation) + !Skin.String(HomeButton5Value,Navigation) + !Skin.String(HomeButton6Value,Navigation)</visible>
					<icon>button_navi.png</icon>
					<onclick>RunScript("plugin.program.navigation")</onclick>
				</item>
				<item id="4016">
					<label></label>
		        	<visible>!Skin.HasSetting(HideHomeButtonRadio) + !Skin.String(HomeButton1Value,RadioFM) + !Skin.String(HomeButton2Value,RadioFM) + !Skin.String(HomeButton3Value,RadioFM) + !Skin.String(HomeButton4Value,RadioFM) + !Skin.String(HomeButton5Value,RadioFM) + !Skin.String(HomeButton6Value,RadioFM)</visible>
					<icon>button_radio.png</icon>
					<onclick>RunScript("plugin.program.radioFM")</onclick>
				</item>
				<item id="4017">
					<label></label>
		        	<visible>!Skin.String(HomeButton1Value,Settings) + !Skin.String(HomeButton2Value,Settings) + !Skin.String(HomeButton3Value,Settings) + !Skin.String(HomeButton4Value,Settings) + !Skin.String(HomeButton5Value,Settings) + !Skin.String(HomeButton6Value,Settings)</visible>
					<icon>button_settings.png</icon>
					<onclick>ActivateWindow(Settings)</onclick>
				</item>
				<item id="4018">
					<label></label>
		        	<visible>!Skin.HasSetting(HideHomeButtonShutdownDialog) + !Skin.String(HomeButton1Value,Shutdown) + !Skin.String(HomeButton2Value,Shutdown) + !Skin.String(HomeButton3Value,Shutdown) + !Skin.String(HomeButton4Value,Shutdown) + !Skin.String(HomeButton5Value,Shutdown) + !Skin.String(HomeButton6Value,Shutdown) + !Skin.String(HomeButton1Value,ShutdownNoDialog) + !Skin.String(HomeButton2Value,ShutdownNoDialog) + !Skin.String(HomeButton3Value,ShutdownNoDialog) + !Skin.String(HomeButton4Value,ShutdownNoDialog) + !Skin.String(HomeButton5Value,ShutdownNoDialog) + !Skin.String(HomeButton6Value,ShutdownNoDialog)</visible>
					<icon>button_shutdown.png</icon>
					<onclick>ActivateWindow(1998)</onclick>
				</item>  
				<item id="4019">
					<label></label>
		        	<visible>Skin.HasSetting(HideHomeButtonShutdownDialog) + !Skin.String(HomeButton1Value,Shutdown) + !Skin.String(HomeButton2Value,Shutdown) + !Skin.String(HomeButton3Value,Shutdown) + !Skin.String(HomeButton4Value,Shutdown) + !Skin.String(HomeButton5Value,Shutdown) + !Skin.String(HomeButton6Value,Shutdown) + !Skin.String(HomeButton1Value,ShutdownNoDialog) + !Skin.String(HomeButton2Value,ShutdownNoDialog) + !Skin.String(HomeButton3Value,ShutdownNoDialog) + !Skin.String(HomeButton4Value,ShutdownNoDialog) + !Skin.String(HomeButton5Value,ShutdownNoDialog) + !Skin.String(HomeButton6Value,ShutdownNoDialog)</visible>
					<icon>button_shutdown.png</icon>
					<onclick>RunScript("special://skin/scripts/system_poweroff.py")</onclick>
				</item>  
				<item id="4020">
					<label></label>
			 		<visible>!Skin.HasSetting(HideHomeButtonFileManager)</visible>
					<icon>button_filemanager.png</icon>
					<onclick>ActivateWindow(FileManager)</onclick>
				</item>
				<item id="4021">
					<label></label>
			 		<visible>!Skin.HasSetting(HideHomeButtonConnect3g) + !Skin.String(HomeButton1Value,Connect3G) + !Skin.String(HomeButton2Value,Connect3G) + !Skin.String(HomeButton3Value,Connect3G) + !Skin.String(HomeButton4Value,Connect3G) + !Skin.String(HomeButton5Value,Connect3G) + !Skin.String(HomeButton6Value,Connect3G)</visible>
					<icon>button_3g.png</icon>
					<onclick>ActivateWindow(1118)</onclick>
				</item>
				<item id="4022">
					<label></label>
			 		<visible>!Skin.HasSetting(HideHomeButtonOBD) + !Skin.String(HomeButton1Value,OBD) + !Skin.String(HomeButton2Value,OBD) + !Skin.String(HomeButton3Value,OBD) + !Skin.String(HomeButton4Value,OBD) + !Skin.String(HomeButton5Value,OBD) + !Skin.String(HomeButton6Value,OBD)</visible>
					<icon>button_obd.png</icon>
					<onclick>-</onclick>
				</item>  
				<item id="4023">
					<label></label>
		        	<visible>!Skin.HasSetting(HideHomeButtonWeather) + !Skin.String(HomeButton1Value,Weather) + !Skin.String(HomeButton2Value,Weather) + !Skin.String(HomeButton3Value,Weather) + !Skin.String(HomeButton4Value,Weather) + !Skin.String(HomeButton5Value,Weather) + !Skin.String(HomeButton6Value,Weather)</visible>
					<icon>button_weather.png</icon>
					<onclick>ActivateWindow(Weather)</onclick>
				</item>
				<item id="4024">
					<label></label>
		        	<visible>!Skin.HasSetting(HideHomeButtonFavourites) + !Skin.String(HomeButton1Value,Favourites) + !Skin.String(HomeButton2Value,Favourites) + !Skin.String(HomeButton3Value,Favourites) + !Skin.String(HomeButton4Value,Favourites) + !Skin.String(HomeButton5Value,Favourites) + !Skin.String(HomeButton6Value,Favourites)</visible>
					<icon>button_favs.png</icon>
					<onclick>ActivateWindow(Favourites)</onclick>
				</item>
				<item id="4025">
					<label></label>
			 		<visible>!Skin.HasSetting(HideHomeButtonPrograms) + !Skin.String(HomeButton1Value,Programs) + !Skin.String(HomeButton2Value,Programs) + !Skin.String(HomeButton3Value,Programs) + !Skin.String(HomeButton4Value,Programs) + !Skin.String(HomeButton5Value,Programs) + !Skin.String(HomeButton6Value,Programs)</visible>
					<icon>button_apps.png</icon>
					<onclick>ActivateWindow(Programs,addons://sources/executable)</onclick>
				</item>
				<item id="4026">
					<label></label>
			 		<visible>!Skin.HasSetting(HideHomeButtonConnectWiFi)</visible>
					<icon>button_wifi.png</icon>
					<onclick>ActivateWindow(1119)</onclick>
				</item>
				<item id="4027">
					<label></label>
			 		<visible>!Skin.HasSetting(HideHomeButtonDayNight) + !Skin.String(DayNightModus,day) + System.HasAddon(plugin.program.carpc-xtouch)</visible>
					<icon>button_day.png</icon>
					<onclick>Skin.Reset(DayNightModus)</onclick>
					<onclick>Skin.SetString(DayNightModus,day)</onclick>
					<onclick>RunScript(/home/pi/.kodi/addons/plugin.program.carpc-xtouch/addon.py,loadday)</onclick>
				</item>
				<item id="4028">
					<label></label>
			 		<visible>!Skin.HasSetting(HideHomeButtonDayNight) + !Skin.String(DayNightModus,night) + System.HasAddon(plugin.program.carpc-xtouch)</visible>
					<icon>button_night.png</icon>
					<onclick>Skin.Reset(DayNightModus)</onclick>
					<onclick>Skin.SetString(DayNightModus,night)</onclick>
					<onclick>RunScript(/home/pi/.kodi/addons/plugin.program.carpc-xtouch/addon.py,loadnight)</onclick>
				</item> 

			</content>
		</control>

<!-- Appswitcher button -->
		<control type="button" id="3050">
			<description>App Switcher Icon</description>
			<visible>!Skin.HasSetting(HideAppSwitcher)</visible>
			<posx>74r</posx>
			<posy>76r</posy>
			<height>55</height>
			<width>55</width>
			<label></label> 
			<font>font40_title</font>
			<textcolor>-</textcolor>
			<texturenofocus colordiffuse="$VAR[CustomColorNofocus]">button_switcher.png</texturenofocus>
			<texturefocus colordiffuse="$VAR[CustomColorFocus]">button_switcher.png</texturefocus>
			<onclick>ActivateWindow(1125)</onclick>
			<onup condition="Control.IsVisible(9010)">Control.SetFocus(606)</onup>
			<onup condition="!Control.IsVisible(9010)">Control.SetFocus(3006)</onup>
			<onleft condition="Control.IsVisible(9004)">Control.SetFocus(9004)</onleft>
			<onleft condition="Control.IsVisible(9003)">Control.SetFocus(9003)</onleft>
			<onleft condition="!Control.IsVisible(9003) + !Control.IsVisible(9004)">Control.SetFocus(100)</onleft>
		</control>
		
<!-- Clock -->
		<control type="group">
			<animation effect="fade" start="0" end="100" time="200" delay="3000">Visible</animation>
			<include>Clock_Date</include> 
			<include>Clock_Time</include>
			<include>Clock_Time_White</include>
	<!--	<include>Clock_Hour</include>  -->
			<include>Time</include>				
		</control>

   		<include>BehindDialogFadeOut</include>
   		
	</controls>	
</window>
