<window id="0">
	<onload>RunScript("special://skin/scripts/check_calibration.py")</onload>
	<onunload condition="Container(9000).Hasfocus(2) | Container(9000).Hasfocus(3) | ControlGroup(9010).HasFocus">SetProperty(VideosDirectLink,True)</onunload>
	<onunload condition="Control.HasFocus(9000) + Container(9000).Hasfocus(1)">ClearProperty(VideosDirectLink)</onunload>
	<onload condition="!Skin.HasSetting(HideSettingsManager3.0)">ActivateWindow(1122)</onload>
	<defaultcontrol always="true">3999</defaultcontrol>

	<controls>
		<include>CommonBackground</include>
 	    <include>WeatherTitleWidget</include>
		<include>Time</include>				

<!-- Dummy Button for Focus -->
        <control type="button" id="3999">
            <description>Dummy Focus Button</description>
            <posx>-1</posx>
            <posy>-1</posy>
            <width>1</width>
            <height>1</height>
            <font>-</font>
            <texturenofocus>1px_transparent.png</texturenofocus>
            <texturefocus>1px_transparent.png</texturefocus>
            <ondown>3001</ondown>
        </control>

<!-- Temperature Top Left -->
		<include>TempTextonTop</include>				

<!-- CPU-Temperature Top Left -->
		<include>CPUTemponTop</include>				
		
<!-- Image Top Left -->
		<include>ImageonTop</include>				

<!-- Text Top Left -->
		<include>TextonTop</include>				

<!-- 
		<control type="label">
			<description>Just for testing</description>
			<posx>245</posx>
			<posy>14</posy>
			<height>40</height>
			<width>500</width>
			<label>$INFO[Player.Filename]</label> 
			<align>left</align>
			<aligny>center</aligny>
			<font>font36_title</font>
			<textcolor>$VAR[CustomColorNofocus]</textcolor>
		</control>
 -->


<!--Menu customized-->
		<include condition="!Skin.HasTheme(Home_wide) + Skin.HasSetting(Hide1024x600Fix)">MainButtons</include>		
		<include condition="!Skin.HasTheme(Home_wide) + !Skin.HasSetting(Hide1024x600Fix)">MainButtonsFix</include>		
		<include condition="Skin.HasTheme(Home_wide) + Skin.HasSetting(Hide1024x600Fix)">MainButtons_wide</include>		
		<include condition="Skin.HasTheme(Home_wide) + !Skin.HasSetting(Hide1024x600Fix)">MainButtons_wideFix</include>		

<!-- Logo area - Logo image -->
		<control type="group">
			<visible>!Skin.HasSetting(SwitchTempClock)</visible>
			<include condition="!Skin.HasSetting(Hide1024x600Fix)">Logo_Image_Fix</include>
			<include condition="Skin.HasSetting(Hide1024x600Fix)">Logo_Image</include>
		</control>
<!-- Logo area - Visualisation -->
		<include condition="!Skin.HasSetting(Hide1024x600Fix)">Visualization_BG_Fix</include>
		<include condition="Skin.HasSetting(Hide1024x600Fix)">Visualization_BG</include>
<!-- Logo area - Clock -->
		<control type="group">
			<visible>[Skin.HasSetting(Enable_Temp_Display) + !Skin.HasSetting(SwitchTempClock)] | !Skin.HasSetting(Enable_Temp_Display)</visible>
			<include condition="Skin.HasSetting(Hide1024x600Fix)">Clock_Time</include>
			<include condition="Skin.HasSetting(Hide1024x600Fix)">Clock_Time_White</include>
			<include condition="!Skin.HasSetting(Hide1024x600Fix)">Clock_Time_Fix</include>
			<include condition="!Skin.HasSetting(Hide1024x600Fix)">Clock_Time_White_Fix</include>
			<include>Clock_Date</include>
		</control>
<!-- Logo Area - Temperature Display Area -->
		<control type="group">
			<visible>Skin.HasSetting(SwitchTempClock)</visible>
			<include>Window_OpenClose_Animation_Fade</include>
			<include condition="!Skin.HasSetting(Hide1024x600Fix)">Temp_Area_Fix</include>
			<include condition="Skin.HasSetting(Hide1024x600Fix)">Temp_Area</include>
<!-- Logo Area – Switch to Addon -->
			<control type="button">
				<visible>!Player.HasAudio</visible>
				<description>Go to Addon PiWire</description>
				<posx>540</posx>
				<posy>180</posy>
				<height>200</height>
				<width>200</width>
				<label></label> 
				<font>font36_title</font>
				<textcolor>-</textcolor>
				<texturenofocus>1px_transparent.png</texturenofocus>
				<texturefocus>1px_transparent.png</texturefocus>
				<onclick>RunPlugin(plugin://plugin.program.piwire)</onclick>
			</control>
		</control> 

<!-- Song/radio info -->
		<control type="group">
			<include condition="!Skin.HasSetting(HideRandomRepeat)">RandomRepeatButtons</include>
			<include condition="Skin.HasSetting(HideRandomRepeat)">MusicPlayerTitle</include>
			<include condition="!Skin.HasSetting(HideRandomRepeat)">MusicPlayerTitlewithButtons</include>
			<include condition="String.Contains(Window(Home).Property(Radio.Active),true)">RadioStationName</include>
		</control>			
		<include condition="Skin.String(VisName,Spectrum)">VisualisationHome</include> 

<!-- Widget Area Recently Played -->
		<control type="group">
			<visible>Skin.HasSetting(ShowRecentlyAdded) + !Player.HasVideo</visible>
			<posx>0</posx>
			<posy>489</posy>
			<animation type="WindowClose" reversible="false">
				<effect type="fade" start="100" end="0" time="400" />
			</animation>
			<animation type="WindowOpen" reversible="false">
				<effect type="slide" start="400,0" end="0,0" delay="200" easing="out" tween="quadratic" time="400" />
				<effect type="fade" start="0" end="100" delay="200" time="400" />
			</animation>
			<control type="group" id="2010">
				<visible>Skin.String(OpenWidgetArea,open)</visible> 
				<onfocus condition="Control.IsVisible(2200)">Control.SetFocus(2200)</onfocus>
				<onfocus condition="Control.IsVisible(2100)">Control.SetFocus(2100)</onfocus>
				<animation type="Visible" reversible="false">
					<effect type="slide" start="1280" end="0" delay="200" time="800" tween="cubic" easing="out" />
				</animation>
				<animation type="Hidden" reversible="false">
					<effect type="slide" start="0" end="1280" time="800" tween="cubic" easing="out" />
				</animation>
				<posx>0</posx>
				<posy>0</posy>
				<width>screenwidth</width>
				<height>110</height>
				<control type="image" id="2009">
					<description>Widget Area Background</description>
					<visible>[Player.HasAudio + !Skin.HasSetting(HideHomeButtonMusicPlayerTitle)] | [!Player.HasAudio + Skin.HasSetting(ShowRecentlyAdded)] | [String.Contains(Window(Home).Property(Radio.Active),true) + !Skin.HasSetting(HideHomeButtonRadioStationName)]</visible>
					<include>Window_OpenClose_Animation_Fade</include>
					<posx>0</posx>
					<posy>0</posy>
					<width>screenwidth</width>
					<height>110</height>
					<texture colordiffuse="$INFO[Skin.String(HBSolidColor)]">$INFO[Skin.String(HBTransparency)]</texture>
				</control>
				<control type="panel" id="2200">
					<posx>158</posx>
					<posy>0</posy>
					<width>1110</width>
					<height>110</height>
					<visible>Library.HasContent(Music) + Container(9020).HasFocus(1)</visible>
					<animation type="Visible" reversible="false">
					<effect type="fade" start="0" end="100" delay="200" time="400" />
					</animation>
					<animation type="Hidden" reversible="false">
					<effect type="fade" start="100" end="0" time="400" />
					</animation>
					<onleft>200</onleft>
					<onright>2200</onright>
					<onup>3006</onup>
					<ondown condition="Control.IsVisible(606)">Control.SetFocus(606)</ondown>
					<ondown condition="Control.IsVisible(9003)">Control.SetFocus(9003)</ondown>
					<ondown condition="Control.IsVisible(9004)">Control.SetFocus(9004)</ondown>
					<ondown condition="Control.IsVisible(3050)">Control.SetFocus(3050)</ondown>
					<onright>Control.SetFocus(2011)</onright>
					<onleft>Control.SetFocus(9020)</onleft>
					<pagecontrol></pagecontrol>
					<scrolltime>200</scrolltime>
					<orientation>horizontal</orientation>
					<itemgap>4</itemgap>
					<itemlayout height="110" width="104">
						<control type="image">
							<posx>10</posx>
							<posy>10</posy>
							<width>92</width>
							<height>92</height>
							<texture background="true">$INFO[Listitem.Icon]</texture>
						</control>
					</itemlayout>
					<focusedlayout height="110" width="104">
						<control type="image">
							<posx>10</posx>
							<posy>10</posy>
							<width>92</width>
							<height>92</height>
							<texture background="true">$INFO[Listitem.Icon]</texture>
						</control>
						<control type="image">
							<posx>8</posx>
							<posy>8</posy>
							<width>96</width>
							<height>96</height>
							<texture colordiffuse="$VAR[CustomColorFocus]" border="2">button-transparency00.png</texture>
						</control>
					</focusedlayout>
					<content target="music" limit="10">musicdb://recentlyplayedalbums/</content>
				</control>
				<control type="panel" id="2100">
					<posx>155</posx>
					<posy>1</posy>
					<width>1110</width>
					<height>110</height>
					<visible>Library.HasContent(Movies) + Container(9020).HasFocus(2)</visible>
					<animation type="Visible" reversible="false">
					<effect type="fade" start="0" end="100" delay="200" time="400" />
					</animation>
					<animation type="Hidden" reversible="false">
					<effect type="fade" start="100" end="0" time="400" />
					</animation>
					<onleft>200</onleft>
					<onright>2100</onright>
					<onup>5204</onup>
					<ondown condition="Control.IsVisible(606)">Control.SetFocus(606)</ondown>
					<ondown condition="Control.IsVisible(9003)">Control.SetFocus(9003)</ondown>
					<ondown condition="Control.IsVisible(9004)">Control.SetFocus(9004)</ondown>
					<ondown condition="Control.IsVisible(3050)">Control.SetFocus(3050)</ondown>
					<onright>Control.SetFocus(2011)</onright>
					<viewtype label="535">list</viewtype>
					<pagecontrol></pagecontrol>
					<scrolltime>200</scrolltime>
					<itemgap>4</itemgap>
					<itemlayout height="110" width="82">
						<control type="image">
							<posx>2</posx>
							<posy>4</posy>
							<width>67</width>
							<height>100</height>
							<texture background="true">$INFO[Listitem.Icon]</texture>
						</control>
					</itemlayout>
					<focusedlayout height="110" width="82">
						<control type="image">
							<posx>2</posx>
							<posy>4</posy>
							<width>67</width>
							<height>100</height>
							<texture background="true">$INFO[Listitem.Icon]</texture>
						</control>
						<control type="image">
							<posx>0</posx>
							<posy>2</posy>
							<width>71</width>
							<height>104</height>
							<texture colordiffuse="$VAR[CustomColorFocus]" border="2">button-transparency00.png</texture>
						</control>
					</focusedlayout>
					<content target="movies" sortby="date" limit="13">videodb://recentlyaddedmovies/</content>
				</control>
				<control type="group" id="2008">
		        	<description>Widget Area Switch</description>
					<posx>25</posx>
					<posy>2</posy>
					<include>Window_OpenClose_Animation</include>
					<animation effect="slide" start="0,0" end="250,0" time="0">Conditional</animation>
					<visible> Integer.IsGreater(Container(2100).NumItems,0) | Library.HasContent(Music) </visible>
					<control type="wraplist" id="9020">
						<onfocus>Control.SetFocus(200)</onfocus>
						<include>VisibleFadeEffect</include>
						<posx></posx>
						<posy>0</posy>
						<width>110</width>
						<height>108</height>
						<onup>Control.SetFocus(3003)</onup>
						<scrolltime>0</scrolltime>
						<orientation>Horizontal</orientation>
						<itemlayout width="150" height="110">
							<control type="image">
								<posx>18</posx>
								<posy>0</posy>
								<height>108</height>
								<width>94</width>
								<texture colordiffuse="99000000">black.png</texture>
							</control>
							<control type="label">
								<posx>8</posx>
								<posy>0</posy>
								<height>100</height>
								<width>110</width>
								<label>$INFO[ListItem.Label]</label>
								<align>center</align>
								<aligny>center</aligny>
								<textcolor>blue</textcolor>
								<font>font24</font>
							</control>
						</itemlayout>
						<focusedlayout width="150" height="110">
							<control type="image">
								<posx>18</posx>
								<posy>0</posy>
								<height>108</height>
								<width>94</width>
								<texture colordiffuse="99000000">black.png</texture>
							</control>
							<control type="label">
								<posx>8</posx>
								<posy>0</posy>
								<height>100</height>
								<width>110</width>
								<label>$INFO[ListItem.Label]</label>
								<align>center</align>
								<aligny>center</aligny>
								<textcolor>white</textcolor>
								<font>font24</font>
							</control>
						</focusedlayout>
						<content>
							<item id="1">
								<label>$LOCALIZE[31062]</label>
								<onclick>Control.Move(9020,1)</onclick>
								<icon></icon>
								<thumb></thumb>
								<visible>Library.HasContent(Music)</visible>
							</item>
							<item id="2">
								<label>$LOCALIZE[40163]</label>
								<onclick>Control.Move(9020,1)</onclick>
								<icon></icon>
								<thumb></thumb>
								<visible>Library.HasContent(Movies)</visible>
							</item>
						</content>
					</control>
					<control type="button" id="200">
						<posx>43</posx>
						<posy>6</posy>
						<width>40</width>
						<height>20</height>
						<texturenofocus colordiffuse="$VAR[CustomColorNofocus]">arrow-up_wide.png</texturenofocus>
						<texturefocus colordiffuse="$VAR[CustomColorFocus]">arrow-up_wide.png</texturefocus>
						<onclick>Control.Move(9020,-1)</onclick>
						<onup>5204</onup>
						<ondown>201</ondown>
						<onright condition="Control.IsVisible(2100)">Control.SetFocus(2100)</onright>
						<onright condition="Control.IsVisible(2200)">Control.SetFocus(2200)</onright>
					</control>
					<control type="button" id="201">
						<posx>43</posx>
						<posy>82</posy>
						<width>40</width>
						<height>20</height>
						<texturenofocus colordiffuse="$VAR[CustomColorNofocus]">arrow-down_wide.png</texturenofocus>
						<texturefocus colordiffuse="$VAR[CustomColorFocus]">arrow-down_wide.png</texturefocus>
						<onclick>Control.Move(9020,1)</onclick>
						<onup>200</onup>
						<ondown condition="Control.IsVisible(9003)">Control.SetFocus(9003)</ondown>
						<ondown condition="Control.IsVisible(9004)">Control.SetFocus(9004)</ondown>
						<ondown condition="Control.IsVisible(3050)">Control.SetFocus(3050)</ondown>
						<onright condition="Control.IsVisible(2100)">Control.SetFocus(2100)</onright>
						<onright condition="Control.IsVisible(2200)">Control.SetFocus(2200)</onright>
					</control>
				</control>
			</control>
			<control type="image">
			  <description>Widget Area Togglebutton BG</description>
			  <posx>70r</posx>
			  <posy>0</posy>
			  <width>75</width>
			  <height>110</height>
			  <texture colordiffuse="66000000">arrow_open-close_bg.png</texture>
			</control>	
			<control type="togglebutton" id="2011">
				<description>Toggle Widget Area Visibility</description>
				<posx>65r</posx>
				<posy>0</posy>
				<width>80</width>
				<height>110</height>
				<visible>true</visible>
				<texturefocus colordiffuse="$VAR[CustomColorFocus]">arrow_open.png</texturefocus>
				<texturenofocus colordiffuse="$VAR[CustomColorNofocus]">arrow_open.png</texturenofocus>
				<alttexturefocus colordiffuse="$VAR[CustomColorFocus]">arrow_close.png</alttexturefocus>
				<alttexturenofocus colordiffuse="$VAR[CustomColorNofocus]">arrow_close.png</alttexturenofocus>
				<usealttexture>Skin.String(OpenWidgetArea,open)</usealttexture>
				<label></label>
				<altlabel></altlabel>
				<font>font12</font>
				<textcolor>FFFFFFFF</textcolor>
				<onclick>Skin.SetString(OpenWidgetArea,open)</onclick>
				<altclick>Skin.Reset(OpenWidgetArea)</altclick>
				<onup>3006</onup>
				<ondown condition="Control.IsVisible(3050)">Control.SetFocus(3050)</ondown>
				<ondown condition="Control.IsVisible(9003)">Control.SetFocus(9003)</ondown>
				<ondown condition="Control.IsVisible(9004)">Control.SetFocus(9004)</ondown>
				<onleft condition="!Skin.String(OpenWidgetArea,open) + Control.IsVisible(607)">Control.SetFocus(607)</onleft>
				<onleft condition="Skin.String(OpenWidgetArea,open) + Control.IsVisible(2100)">Control.SetFocus(2100)</onleft>
				<onleft condition="Skin.String(OpenWidgetArea,open) + Control.IsVisible(2200)">Control.SetFocus(2200)</onleft>
				<onleft condition="String.Contains(Window(Home).Property(Radio.Active),true) + !Skin.HasSetting(HideHomeButtonRadioStationName) + !Player.HasAudio">Control.SetFocus(205)</onleft>
				<onright></onright>
			</control>
		</control>

	<control type="group">		
		<visible>!Skin.HasSetting(ShowVolumeOverlay)</visible>
		<include>Visible_Animation_Slide_Up</include>
<!-- Submenu small -->
		<control type="panel" id="9003">
			<visible>!Window.IsActive(PlayerControls) + Skin.HasSetting(SubmenuIconsSmall) + [Player.HasAudio | Player.HasVideo]</visible>
			<include condition="!Skin.HasSetting(HideAppSwitcher)">SubMenuCommonLayout2</include>
			<include condition="Skin.HasSetting(HideAppSwitcher)">SubMenuCommonLayout3</include>
			<onleft>Control.SetFocus(100)</onleft>
			<onright>Control.SetFocus(3050)</onright>
			<content>
				<item id="3010">
					<label></label>
					<visible>!Skin.HasSetting(HideHomeButtonMusic) + !Skin.String(HomeButton1Value,MusicPath) + !Skin.String(HomeButton2Value,MusicPath) + !Skin.String(HomeButton3Value,MusicPath) + !Skin.String(HomeButton4Value,MusicPath) + !Skin.String(HomeButton5Value,MusicPath) + !Skin.String(HomeButton6Value,MusicPath)</visible>
					<icon>button_music.png</icon>
<!--				<onclick>ActivateWindow(Music,$INFO[Skin.String(CustomMusicPath)])</onclick> -->
					<onclick condition="!String.IsEmpty(Skin.String(CustomMusicPath1))">ActivateWindow(Music,$INFO[Skin.String(CustomMusicPath1)])</onclick>
					<onclick condition="!String.IsEmpty(Skin.String(CustomMusicPath2))">ActivateWindow(Music,$INFO[Skin.String(CustomMusicPath2)])</onclick>
					<onclick condition="!String.IsEmpty(Skin.String(CustomMusicPath3))">ActivateWindow(Music,$INFO[Skin.String(CustomMusicPath3)])</onclick>
					<onclick condition="!String.IsEmpty(Skin.String(CustomMusicPath4))">ActivateWindow(Music,$INFO[Skin.String(CustomMusicPath4)])</onclick>
					<onclick condition="!String.IsEmpty(Skin.String(CustomMusicPath5))">ActivateWindow(Music,$INFO[Skin.String(CustomMusicPath5)])</onclick>
					<onclick condition="!String.IsEmpty(Skin.String(CustomMusicPath6))">ActivateWindow(Music,$INFO[Skin.String(CustomMusicPath6)])</onclick>
				</item>
				<item id="3011">
					<label></label>
					<visible>!Skin.HasSetting(HideHomeButtonMusicArtists) + !Skin.String(HomeButton1Value,MusicArtists) + !Skin.String(HomeButton2Value,MusicArtists) + !Skin.String(HomeButton3Value,MusicArtists) + !Skin.String(HomeButton4Value,MusicArtists) + !Skin.String(HomeButton5Value,MusicArtists) + !Skin.String(HomeButton6Value,MusicArtists)</visible>
					<icon>button_musicartist_68.png</icon>
					<onclick>ActivateWindow(Music,musicdb://artists/,return)</onclick>
				</item>
				<item id="3012">
					<label></label>
					<visible>!Skin.HasSetting(HideHomeButtonMusicAlbums) + !Skin.String(HomeButton1Value,MusicAlbums) + !Skin.String(HomeButton2Value,MusicAlbums) + !Skin.String(HomeButton3Value,MusicAlbums) + !Skin.String(HomeButton4Value,MusicAlbums) + !Skin.String(HomeButton5Value,MusicAlbums) + !Skin.String(HomeButton6Value,MusicAlbums)</visible>
					<icon>button_musicalbum_68.png</icon>
					<onclick>ActivateWindow(Music,musicdb://albums/,return])</onclick>
				</item>
				<item id="3013">
					<label></label>
					<visible>!Skin.HasSetting(HideHomeButtonMusicGenre) + !Skin.String(HomeButton1Value,MusicGenre) + !Skin.String(HomeButton2Value,MusicGenre) + !Skin.String(HomeButton3Value,MusicGenre) + !Skin.String(HomeButton4Value,MusicGenre) + !Skin.String(HomeButton5Value,MusicGenre) + !Skin.String(HomeButton6Value,MusicGenre)</visible>
					<icon>button_musicgenre_68.png</icon>
					<onclick>ActivateWindow(Music,musicdb://genres/,return)</onclick>
				</item>
				<item id="3014">
					<label></label>
		        	<visible>!Skin.HasSetting(HideHomeButtonVideo) + !Skin.String(HomeButton1Value,Video) + !Skin.String(HomeButton2Value,Video) + !Skin.String(HomeButton3Value,Video) + !Skin.String(HomeButton4Value,Video) + !Skin.String(HomeButton5Value,Video) + !Skin.String(HomeButton6Value,Video)</visible>
					<icon>button_video_68.png</icon>
<!--				<onclick>ActivateWindow(Videos,$INFO[Skin.String(CustomVideoPath)])</onclick> -->
					<onclick condition="!String.IsEmpty(Skin.String(CustomVideoPath1))">ActivateWindow(Videos,$INFO[Skin.String(CustomVideoPath1)])</onclick>
					<onclick condition="!String.IsEmpty(Skin.String(CustomVideoPath2))">ActivateWindow(Videos,$INFO[Skin.String(CustomVideoPath2)])</onclick>
					<onclick condition="!String.IsEmpty(Skin.String(CustomVideoPath3))">ActivateWindow(Videos,$INFO[Skin.String(CustomVideoPath3)])</onclick>
					<onclick condition="!String.IsEmpty(Skin.String(CustomVideoPath4))">ActivateWindow(Videos,$INFO[Skin.String(CustomVideoPath4)])</onclick>
					<onclick condition="!String.IsEmpty(Skin.String(CustomVideoPath5))">ActivateWindow(Videos,$INFO[Skin.String(CustomVideoPath5)])</onclick>
					<onclick condition="!String.IsEmpty(Skin.String(CustomVideoPath6))">ActivateWindow(Videos,$INFO[Skin.String(CustomVideoPath6)])</onclick>
				</item>
				<item id="3015">
					<label></label>
		        	<visible>!Skin.HasSetting(HideHomeButtonNavigation) + !Skin.String(HomeButton1Value,Navigation) + !Skin.String(HomeButton2Value,Navigation) + !Skin.String(HomeButton3Value,Navigation) + !Skin.String(HomeButton4Value,Navigation) + !Skin.String(HomeButton5Value,Navigation) + !Skin.String(HomeButton6Value,Navigation)</visible>
					<icon>button_navi_68.png</icon>
					<onclick>RunScript("plugin.program.navigation")</onclick>
					<onclick condition="Player.HasVideo">PlayerControl(Stop)</onclick>
				</item>
				<item id="3016">
					<label></label>
		        	<visible>!Skin.HasSetting(HideHomeButtonRadio) + !Skin.String(HomeButton1Value,RadioFM) + !Skin.String(HomeButton2Value,RadioFM) + !Skin.String(HomeButton3Value,RadioFM) + !Skin.String(HomeButton4Value,RadioFM) + !Skin.String(HomeButton5Value,RadioFM) + !Skin.String(HomeButton6Value,RadioFM)</visible>
					<icon>button_radio_68.png</icon>
					<onclick>RunScript("ActivateWindow(1126)")</onclick>
				</item> 
				<item id="3017">
					<label></label>
		        	<visible>!Skin.HasSetting(HideHomeButtonSettings) + !Skin.String(HomeButton1Value,Settings) + !Skin.String(HomeButton2Value,Settings) + !Skin.String(HomeButton3Value,Settings) + !Skin.String(HomeButton4Value,Settings) + !Skin.String(HomeButton5Value,Settings) + !Skin.String(HomeButton6Value,Settings)</visible>
					<icon>button_settings_68.png</icon>
					<onclick>ActivateWindow(Settings)</onclick>
				</item>
				<item id="3018">
					<label></label>
		        	<visible>!Skin.HasSetting(HideHomeButtonShutdownDialog) + !Skin.String(HomeButton1Value,Shutdown) + !Skin.String(HomeButton2Value,Shutdown) + !Skin.String(HomeButton3Value,Shutdown) + !Skin.String(HomeButton4Value,Shutdown) + !Skin.String(HomeButton5Value,Shutdown) + !Skin.String(HomeButton6Value,Shutdown) + !Skin.String(HomeButton1Value,ShutdownNoDialog) + !Skin.String(HomeButton2Value,ShutdownNoDialog) + !Skin.String(HomeButton3Value,ShutdownNoDialog) + !Skin.String(HomeButton4Value,ShutdownNoDialog) + !Skin.String(HomeButton5Value,ShutdownNoDialog) + !Skin.String(HomeButton6Value,ShutdownNoDialog)</visible>
					<icon>button_shutdown_68.png</icon>
					<onclick>ActivateWindow(1998)</onclick>
				</item>  
				<item id="3019">
					<label></label>
		        	<visible>Skin.HasSetting(HideHomeButtonShutdownDialog) + !Skin.String(HomeButton1Value,Shutdown) + !Skin.String(HomeButton2Value,Shutdown) + !Skin.String(HomeButton3Value,Shutdown) + !Skin.String(HomeButton4Value,Shutdown) + !Skin.String(HomeButton5Value,Shutdown) + !Skin.String(HomeButton6Value,Shutdown) + !Skin.String(HomeButton1Value,ShutdownNoDialog) + !Skin.String(HomeButton2Value,ShutdownNoDialog) + !Skin.String(HomeButton3Value,ShutdownNoDialog) + !Skin.String(HomeButton4Value,ShutdownNoDialog) + !Skin.String(HomeButton5Value,ShutdownNoDialog) + !Skin.String(HomeButton6Value,ShutdownNoDialog)</visible>
					<icon>button_shutdown_68.png</icon>
					<onclick>RunScript("special://skin/scripts/system_poweroff.py")</onclick>
				</item>  
				<item id="3020">
					<label></label>
			 		<visible>!Skin.HasSetting(HideHomeButtonFileManager)</visible>
					<icon>button_filemanager_68.png</icon>
					<onclick>ActivateWindow(FileManager)</onclick>
				</item>
				<item id="3021">
					<label></label>
			 		<visible>!Skin.HasSetting(HideHomeButtonConnect3g) + !Skin.String(HomeButton1Value,Connect3G) + !Skin.String(HomeButton2Value,Connect3G) + !Skin.String(HomeButton3Value,Connect3G) + !Skin.String(HomeButton4Value,Connect3G) + !Skin.String(HomeButton5Value,Connect3G) + !Skin.String(HomeButton6Value,Connect3G)</visible>
					<icon>button_3g_68.png</icon>
					<onclick>ActivateWindow(1118)</onclick>
				</item>
				<item id="3022">
					<label></label>
			 		<visible>!Skin.HasSetting(HideHomeButtonOBD) + !Skin.String(HomeButton1Value,OBD) + !Skin.String(HomeButton2Value,OBD) + !Skin.String(HomeButton3Value,OBD) + !Skin.String(HomeButton4Value,OBD) + !Skin.String(HomeButton5Value,OBD) + !Skin.String(HomeButton6Value,OBD)</visible>
					<icon>button_obd_68.png</icon>
					<onclick>-</onclick>
				</item>  
				<item id="3023">
					<label></label>
		        	<visible>!Skin.HasSetting(HideHomeButtonWeather) + !Skin.String(HomeButton1Value,Weather) + !Skin.String(HomeButton2Value,Weather) + !Skin.String(HomeButton3Value,Weather) + !Skin.String(HomeButton4Value,Weather) + !Skin.String(HomeButton5Value,Weather) + !Skin.String(HomeButton6Value,Weather)</visible>
					<icon>button_weather_68.png</icon>
					<onclick>ActivateWindow(Weather)</onclick>
				</item>
				<item id="3024">
					<label></label>
		        	<visible>!Skin.HasSetting(HideHomeButtonFavourites) + !Skin.String(HomeButton1Value,Favourites) + !Skin.String(HomeButton2Value,Favourites) + !Skin.String(HomeButton3Value,Favourites) + !Skin.String(HomeButton4Value,Favourites) + !Skin.String(HomeButton5Value,Favourites) + !Skin.String(HomeButton6Value,Favourites)</visible>
					<icon>button_favs_68.png</icon>
					<onclick>ActivateWindow(Favourites)</onclick>
				</item>
				<item id="3025">
					<label></label>
			 		<visible>!Skin.HasSetting(HideHomeButtonPrograms) + !Skin.String(HomeButton1Value,Programs) + !Skin.String(HomeButton2Value,Programs) + !Skin.String(HomeButton3Value,Programs) + !Skin.String(HomeButton4Value,Programs) + !Skin.String(HomeButton5Value,Programs) + !Skin.String(HomeButton6Value,Programs)</visible>
					<icon>button_apps_68.png</icon>
					<onclick>ActivateWindow(Programs,addons://sources/executable)</onclick>
				</item>
				<item id="3026">
					<label></label>
			 		<visible>!Skin.HasSetting(HideHomeButtonPlaylistEditor)</visible>
					<icon>button_musicplaylisteditor_68.png</icon>
					<onclick>ActivateWindow(503)</onclick>
				</item>
				<item id="3027">
					<label></label>
			 		<visible>System.HasAddon(plugin.program.wifimanager) + !Skin.HasSetting(HideHomeButtonConnectWiFi) + !String.IsEqual(System.InternetState,$LOCALIZE[13296])</visible>
					<icon>button_wifi_68.png</icon>
					<onclick>ActivateWindow(1119)</onclick>
				</item>
				<item id="3027">
					<label></label>
			 		<visible>System.HasAddon(plugin.program.wifimanager) + !Skin.HasSetting(HideHomeButtonConnectWiFi) + String.IsEqual(System.InternetState,$LOCALIZE[13296])</visible>
					<icon>button_wifi_on_68.png</icon>
					<onclick>ActivateWindow(1119)</onclick>
				</item>
				<item id="3028">
					<label></label>
			 		<visible>[Skin.String(Daysaved,1) + Skin.String(Nightsaved,1)] + !Skin.HasSetting(HideHomeButtonDayNight) + !Skin.String(DayNightModus,day) + System.HasAddon(plugin.program.carpc-xtouch)</visible>
					<icon>button_day_68.png</icon>
					<onclick>Skin.Reset(DayNightModus)</onclick>
					<onclick>Skin.SetString(DayNightModus,day)</onclick>
					<onclick>RunScript(/home/pi/.kodi/addons/plugin.program.carpc-xtouch/addon.py,loadday)</onclick>
				</item>
				<item id="3028">
					<label></label>
			 		<visible>[!Skin.String(Daysaved,1) | !Skin.String(Nightsaved,1)] + !Skin.HasSetting(HideHomeButtonDayNight) + !Skin.String(DayNightModus,day) + System.HasAddon(plugin.program.carpc-xtouch)</visible>
					<icon>button_daynight_alert_68.png</icon>
					<onclick>Skin.Reset(OpenSettingsMenu1)</onclick>
					<onclick>Skin.Reset(OpenSettingsMenu2)</onclick>
					<onclick>Skin.Reset(OpenSettingsMenu3)</onclick>
					<onclick>Skin.Reset(OpenSettingsMenu4)</onclick>
					<onclick>Skin.Reset(ChangeFocusColor)</onclick>
					<onclick>Skin.Reset(ChangeSubmenuBGColor)</onclick>
					<onclick>Skin.Reset(ChangeIconTextColor)</onclick>
					<onclick>Skin.Reset(ChangeOutlineColor)</onclick>
					<onclick>Skin.Reset(ChangeOutlineColorFocus)</onclick>
					<onclick>Skin.Reset(ChangeButtonBGColor)</onclick>
					<onclick>Skin.Reset(ChangePlayerButtonsBGColor)</onclick>
					<onclick>Skin.Reset(ChangeBottomBGColor)</onclick>
					<onclick>Skin.Reset(ChangeRadioBGColor)</onclick>
					<onclick>Skin.Reset(ChangeRadioDisplayColor)</onclick>
					<onclick>Skin.Reset(ChangeTempClockColorMinutes)</onclick>
					<onclick>Skin.Reset(ChangeTempClockColorHours)</onclick>
					<onclick>Skin.Reset(ChangeTempLabelColor)</onclick>
					<onclick>Skin.Reset(ChangeButtonBGColorFocus)</onclick>
					<onclick>Skin.Reset(ChangeSkinColor)</onclick>
					<onclick>Skin.Reset(SkinSettings)</onclick>
					<onclick>Skin.SetString(SkinSettings,42)</onclick>
					<onclick>Skin.Reset(SaveDayNight)</onclick>
					<onclick>ActivateWindow(1113)</onclick>
					<onclick>Control.SetFocus(440)</onclick>
				</item>
				<item id="3028">
					<label></label>
			 		<visible>[Skin.String(Daysaved,1) + Skin.String(Nightsaved,1)] + !Skin.HasSetting(HideHomeButtonDayNight) + !Skin.String(DayNightModus,night) + System.HasAddon(plugin.program.carpc-xtouch)</visible>
					<icon>button_night_68.png</icon>
					<onclick>Skin.Reset(DayNightModus)</onclick>
					<onclick>Skin.SetString(DayNightModus,night)</onclick>
					<onclick>RunScript(/home/pi/.kodi/addons/plugin.program.carpc-xtouch/addon.py,loadnight)</onclick>
				</item>
				<item id="3029">
					<label></label>
			 		<visible>!Skin.HasSetting(HideHomeButtonTempClockSwitch) + System.HasAddon(plugin.program.piwire) + Skin.HasSetting(Enable_Temp_Display)</visible>
					<icon>buttons-tempclock-switch_68.png</icon>
					<onclick>Skin.ToggleSetting(SwitchTempClock)</onclick>
				</item>
				<item id="3030">
					<label></label>
			 		<visible>!Skin.HasSetting(HideHomeButtonUSBManager) + System.HasAddon(plugin.program.usbmanager)</visible>
					<icon>button_usbmanager_68.png</icon>
					<onclick>RunPlugin(plugin://plugin.program.usbmanager)</onclick>
				</item>
				<item id="3031">
					<label></label>
			 		<visible>!Skin.HasSetting(HideHomeButtonPiWire) + System.HasAddon(plugin.program.piwire)</visible>
					<icon>button_piwire_68.png</icon>
					<onclick>RunPlugin(plugin://plugin.program.piwire)</onclick>
				</item>
				<item id="3032">
					<label></label>
			 		<visible>!Skin.HasSetting(HideHomeButtonGPIODiag) + System.HasAddon(plugin.program.gpiodiag)</visible>
					<icon>button_gpiodiag_68.png</icon>
					<onclick>RunPlugin(plugin://plugin.program.gpiodiag)</onclick>
				</item>
				<item id="3033">
					<label></label>
			 		<visible>!Skin.HasSetting(HideHomeButtonPiDash) + System.HasAddon(plugin.program.pidash)</visible>
					<icon>button_pidash_68.png</icon>
					<onclick>RunPlugin(plugin://plugin.program.pidash)</onclick>
				</item>
				<item id="3034">
					<label></label>
		        	<visible>Skin.HasSetting(ShowMagicSMB1) + !String.IsEmpty(Skin.String(MagicSMBLabel1)) + !Skin.HasSetting(MagicSMB1ShowInAppswitcherOnly)</visible>
					<icon>$INFO[Skin.String(MagicSMBIcon1)]</icon>
					<onclick>$INFO[Skin.String(MagicSMBAction1)]</onclick>
				</item>
				<item id="3035">
					<label></label>
		        	<visible>Skin.HasSetting(ShowMagicSMB2) + !String.IsEmpty(Skin.String(MagicSMBLabel2)) + !Skin.HasSetting(MagicSMB2ShowInAppswitcherOnly)</visible>
					<icon>$INFO[Skin.String(MagicSMBIcon2)]</icon>
					<onclick>$INFO[Skin.String(MagicSMBAction2)]</onclick>
				</item>
				<item id="3036">
					<label></label>
		        	<visible>Skin.HasSetting(ShowMagicSMB3) + !String.IsEmpty(Skin.String(MagicSMBLabel3)) + !Skin.HasSetting(MagicSMB3ShowInAppswitcherOnly)</visible>
					<icon>$INFO[Skin.String(MagicSMBIcon3)]</icon>
					<onclick>$INFO[Skin.String(MagicSMBAction3)]</onclick>
				</item>
				<item id="3037">
					<label></label>
		        	<visible>Skin.HasSetting(ShowMagicSMB4) + !String.IsEmpty(Skin.String(MagicSMBLabel4)) + !Skin.HasSetting(MagicSMB4ShowInAppswitcherOnly)</visible>
					<icon>$INFO[Skin.String(MagicSMBIcon4)]</icon>
					<onclick>$INFO[Skin.String(MagicSMBAction4)]</onclick>
				</item>
			</content>
		</control>
		<control type="panel" id="9003">
			<visible>!Window.IsActive(PlayerControls) + Skin.HasSetting(SubmenuIconsSmall) + !Skin.HasSetting(SubmenuIconsMid) + !Skin.HasSetting(SubmenuIconsBig)</visible>
			<include condition="!Skin.HasSetting(HideAppSwitcher)">SubMenuCommonLayout2</include>
			<include condition="Skin.HasSetting(HideAppSwitcher)">SubMenuCommonLayout3</include>
			<onright>Control.SetFocus(3050)</onright>
			<onup>Control.SetFocus(3006)</onup>
			<content>
				<item id="3010">
					<label></label>
					<visible>!Skin.HasSetting(HideHomeButtonMusic) + !Skin.String(HomeButton1Value,MusicPath) + !Skin.String(HomeButton2Value,MusicPath) + !Skin.String(HomeButton3Value,MusicPath) + !Skin.String(HomeButton4Value,MusicPath) + !Skin.String(HomeButton5Value,MusicPath) + !Skin.String(HomeButton6Value,MusicPath)</visible>
					<icon>button_music_68.png</icon>
<!--				<onclick>ActivateWindow(Music,$INFO[Skin.String(CustomMusicPath)])</onclick> -->
					<onclick condition="!String.IsEmpty(Skin.String(CustomMusicPath1))">ActivateWindow(Music,$INFO[Skin.String(CustomMusicPath1)])</onclick>
					<onclick condition="!String.IsEmpty(Skin.String(CustomMusicPath2))">ActivateWindow(Music,$INFO[Skin.String(CustomMusicPath2)])</onclick>
					<onclick condition="!String.IsEmpty(Skin.String(CustomMusicPath3))">ActivateWindow(Music,$INFO[Skin.String(CustomMusicPath3)])</onclick>
					<onclick condition="!String.IsEmpty(Skin.String(CustomMusicPath4))">ActivateWindow(Music,$INFO[Skin.String(CustomMusicPath4)])</onclick>
					<onclick condition="!String.IsEmpty(Skin.String(CustomMusicPath5))">ActivateWindow(Music,$INFO[Skin.String(CustomMusicPath5)])</onclick>
					<onclick condition="!String.IsEmpty(Skin.String(CustomMusicPath6))">ActivateWindow(Music,$INFO[Skin.String(CustomMusicPath6)])</onclick>
				</item>
				<item id="3011">
					<label></label>
					<visible>!Skin.HasSetting(HideHomeButtonMusicArtists) + !Skin.String(HomeButton1Value,MusicArtists) + !Skin.String(HomeButton2Value,MusicArtists) + !Skin.String(HomeButton3Value,MusicArtists) + !Skin.String(HomeButton4Value,MusicArtists) + !Skin.String(HomeButton5Value,MusicArtists) + !Skin.String(HomeButton6Value,MusicArtists)</visible>
					<icon>button_musicartist_68.png</icon>
					<onclick>ActivateWindow(Music,musicdb://artists/,return)</onclick>
				</item>
				<item id="3012">
					<label></label>
					<visible>!Skin.HasSetting(HideHomeButtonMusicAlbums) + !Skin.String(HomeButton1Value,MusicAlbums) + !Skin.String(HomeButton2Value,MusicAlbums) + !Skin.String(HomeButton3Value,MusicAlbums) + !Skin.String(HomeButton4Value,MusicAlbums) + !Skin.String(HomeButton5Value,MusicAlbums) + !Skin.String(HomeButton6Value,MusicAlbums)</visible>
					<icon>button_musicalbum_68.png</icon>
					<onclick>ActivateWindow(Music,musicdb://albums/,return])</onclick>
				</item>
				<item id="3013">
					<label></label>
					<visible>!Skin.HasSetting(HideHomeButtonMusicGenre) + !Skin.String(HomeButton1Value,MusicGenre) + !Skin.String(HomeButton2Value,MusicGenre) + !Skin.String(HomeButton3Value,MusicGenre) + !Skin.String(HomeButton4Value,MusicGenre) + !Skin.String(HomeButton5Value,MusicGenre) + !Skin.String(HomeButton6Value,MusicGenre)</visible>
					<icon>button_musicgenre_68.png</icon>
					<onclick>ActivateWindow(Music,musicdb://genres/,return)</onclick>
				</item>
				<item id="3014">
					<label></label>
		        	<visible>!Skin.HasSetting(HideHomeButtonVideo) + !Skin.String(HomeButton1Value,Video) + !Skin.String(HomeButton2Value,Video) + !Skin.String(HomeButton3Value,Video) + !Skin.String(HomeButton4Value,Video) + !Skin.String(HomeButton5Value,Video) + !Skin.String(HomeButton6Value,Video)</visible>
					<icon>button_video_68.png</icon>
<!--				<onclick>ActivateWindow(Videos,$INFO[Skin.String(CustomVideoPath)])</onclick> -->
					<onclick condition="!String.IsEmpty(Skin.String(CustomVideoPath1))">ActivateWindow(Videos,$INFO[Skin.String(CustomVideoPath1)])</onclick>
					<onclick condition="!String.IsEmpty(Skin.String(CustomVideoPath2))">ActivateWindow(Videos,$INFO[Skin.String(CustomVideoPath2)])</onclick>
					<onclick condition="!String.IsEmpty(Skin.String(CustomVideoPath3))">ActivateWindow(Videos,$INFO[Skin.String(CustomVideoPath3)])</onclick>
					<onclick condition="!String.IsEmpty(Skin.String(CustomVideoPath4))">ActivateWindow(Videos,$INFO[Skin.String(CustomVideoPath4)])</onclick>
					<onclick condition="!String.IsEmpty(Skin.String(CustomVideoPath5))">ActivateWindow(Videos,$INFO[Skin.String(CustomVideoPath5)])</onclick>
					<onclick condition="!String.IsEmpty(Skin.String(CustomVideoPath6))">ActivateWindow(Videos,$INFO[Skin.String(CustomVideoPath6)])</onclick>
				</item>
				<item id="3015">
					<label></label>
		        	<visible>!Skin.HasSetting(HideHomeButtonNavigation) + !Skin.String(HomeButton1Value,Navigation) + !Skin.String(HomeButton2Value,Navigation) + !Skin.String(HomeButton3Value,Navigation) + !Skin.String(HomeButton4Value,Navigation) + !Skin.String(HomeButton5Value,Navigation) + !Skin.String(HomeButton6Value,Navigation)</visible>
					<icon>button_navi_68.png</icon>
					<onclick>RunScript("plugin.program.navigation")</onclick>
					<onclick condition="Player.HasVideo">PlayerControl(Stop)</onclick>
				</item>
				<item id="3016">
					<label></label>
		        	<visible>!Skin.HasSetting(HideHomeButtonRadio) + !Skin.String(HomeButton1Value,RadioFM) + !Skin.String(HomeButton2Value,RadioFM) + !Skin.String(HomeButton3Value,RadioFM) + !Skin.String(HomeButton4Value,RadioFM) + !Skin.String(HomeButton5Value,RadioFM) + !Skin.String(HomeButton6Value,RadioFM)</visible>
					<icon>button_radio_68.png</icon>
					<onclick>RunScript("ActivateWindow(1126)")</onclick>
				</item> 
				<item id="3017">
					<label></label>
		        	<visible>!Skin.HasSetting(HideHomeButtonSettings) + !Skin.String(HomeButton1Value,Settings) + !Skin.String(HomeButton2Value,Settings) + !Skin.String(HomeButton3Value,Settings) + !Skin.String(HomeButton4Value,Settings) + !Skin.String(HomeButton5Value,Settings) + !Skin.String(HomeButton6Value,Settings)</visible>
					<icon>button_settings_68.png</icon>
					<onclick>ActivateWindow(Settings)</onclick>
				</item>
				<item id="3018">
					<label></label>
		        	<visible>!Skin.HasSetting(HideHomeButtonShutdownDialog) + !Skin.String(HomeButton1Value,Shutdown) + !Skin.String(HomeButton2Value,Shutdown) + !Skin.String(HomeButton3Value,Shutdown) + !Skin.String(HomeButton4Value,Shutdown) + !Skin.String(HomeButton5Value,Shutdown) + !Skin.String(HomeButton6Value,Shutdown) + !Skin.String(HomeButton1Value,ShutdownNoDialog) + !Skin.String(HomeButton2Value,ShutdownNoDialog) + !Skin.String(HomeButton3Value,ShutdownNoDialog) + !Skin.String(HomeButton4Value,ShutdownNoDialog) + !Skin.String(HomeButton5Value,ShutdownNoDialog) + !Skin.String(HomeButton6Value,ShutdownNoDialog)</visible>
					<icon>button_shutdown_68.png</icon>
					<onclick>ActivateWindow(1998)</onclick>
				</item>  
				<item id="3019">
					<label></label>
		        	<visible>Skin.HasSetting(HideHomeButtonShutdownDialog) + !Skin.String(HomeButton1Value,Shutdown) + !Skin.String(HomeButton2Value,Shutdown) + !Skin.String(HomeButton3Value,Shutdown) + !Skin.String(HomeButton4Value,Shutdown) + !Skin.String(HomeButton5Value,Shutdown) + !Skin.String(HomeButton6Value,Shutdown) + !Skin.String(HomeButton1Value,ShutdownNoDialog) + !Skin.String(HomeButton2Value,ShutdownNoDialog) + !Skin.String(HomeButton3Value,ShutdownNoDialog) + !Skin.String(HomeButton4Value,ShutdownNoDialog) + !Skin.String(HomeButton5Value,ShutdownNoDialog) + !Skin.String(HomeButton6Value,ShutdownNoDialog)</visible>
					<icon>button_shutdown_68.png</icon>
					<onclick>RunScript("special://skin/scripts/system_poweroff.py")</onclick>
				</item>  
				<item id="3020">
					<label></label>
			 		<visible>!Skin.HasSetting(HideHomeButtonFileManager)</visible>
					<icon>button_filemanager_68.png</icon>
					<onclick>ActivateWindow(FileManager)</onclick>
				</item>
				<item id="3021">
					<label></label>
			 		<visible>!Skin.HasSetting(HideHomeButtonConnect3g) + !Skin.String(HomeButton1Value,Connect3G) + !Skin.String(HomeButton2Value,Connect3G) + !Skin.String(HomeButton3Value,Connect3G) + !Skin.String(HomeButton4Value,Connect3G) + !Skin.String(HomeButton5Value,Connect3G) + !Skin.String(HomeButton6Value,Connect3G)</visible>
					<icon>button_3g_68.png</icon>
					<onclick>ActivateWindow(1118)</onclick>
				</item>
				<item id="3022">
					<label></label>
			 		<visible>!Skin.HasSetting(HideHomeButtonOBD) + !Skin.String(HomeButton1Value,OBD) + !Skin.String(HomeButton2Value,OBD) + !Skin.String(HomeButton3Value,OBD) + !Skin.String(HomeButton4Value,OBD) + !Skin.String(HomeButton5Value,OBD) + !Skin.String(HomeButton6Value,OBD)</visible>
					<icon>button_obd_68.png</icon>
					<onclick>-</onclick>
				</item>  
				<item id="3023">
					<label></label>
		        	<visible>!Skin.HasSetting(HideHomeButtonWeather) + !Skin.String(HomeButton1Value,Weather) + !Skin.String(HomeButton2Value,Weather) + !Skin.String(HomeButton3Value,Weather) + !Skin.String(HomeButton4Value,Weather) + !Skin.String(HomeButton5Value,Weather) + !Skin.String(HomeButton6Value,Weather)</visible>
					<icon>button_weather_68.png</icon>
					<onclick>ActivateWindow(Weather)</onclick>
				</item>
				<item id="3024">
					<label></label>
		        	<visible>!Skin.HasSetting(HideHomeButtonFavourites) + !Skin.String(HomeButton1Value,Favourites) + !Skin.String(HomeButton2Value,Favourites) + !Skin.String(HomeButton3Value,Favourites) + !Skin.String(HomeButton4Value,Favourites) + !Skin.String(HomeButton5Value,Favourites) + !Skin.String(HomeButton6Value,Favourites)</visible>
					<icon>button_favs_68.png</icon>
					<onclick>ActivateWindow(Favourites)</onclick>
				</item>
				<item id="3025">
					<label></label>
			 		<visible>!Skin.HasSetting(HideHomeButtonPrograms) + !Skin.String(HomeButton1Value,Programs) + !Skin.String(HomeButton2Value,Programs) + !Skin.String(HomeButton3Value,Programs) + !Skin.String(HomeButton4Value,Programs) + !Skin.String(HomeButton5Value,Programs) + !Skin.String(HomeButton6Value,Programs)</visible>
					<icon>button_apps_68.png</icon>
					<onclick>ActivateWindow(Programs,addons://sources/executable)</onclick>
				</item>
				<item id="3026">
					<label></label>
			 		<visible>!Skin.HasSetting(HideHomeButtonPlaylistEditor)</visible>
					<icon>button_musicplaylisteditor_68.png</icon>
					<onclick>ActivateWindow(503)</onclick>
				</item>
				<item id="3027">
					<label></label>
			 		<visible>System.HasAddon(plugin.program.wifimanager) + !Skin.HasSetting(HideHomeButtonConnectWiFi) + !String.IsEqual(System.InternetState,$LOCALIZE[13296])</visible>
					<icon>button_wifi_68.png</icon>
					<onclick>ActivateWindow(1119)</onclick>
				</item>
				<item id="3027">
					<label></label>
			 		<visible>System.HasAddon(plugin.program.wifimanager) + !Skin.HasSetting(HideHomeButtonConnectWiFi) + String.IsEqual(System.InternetState,$LOCALIZE[13296])</visible>
					<icon>button_wifi_on_68.png</icon>
					<onclick>ActivateWindow(1119)</onclick>
				</item>
				<item id="3028">
					<label></label>
			 		<visible>[Skin.String(Daysaved,1) + Skin.String(Nightsaved,1)] + !Skin.HasSetting(HideHomeButtonDayNight) + !Skin.String(DayNightModus,day) + System.HasAddon(plugin.program.carpc-xtouch)</visible>
					<icon>button_day_68.png</icon>
					<onclick>Skin.Reset(DayNightModus)</onclick>
					<onclick>Skin.SetString(DayNightModus,day)</onclick>
					<onclick>RunScript(/home/pi/.kodi/addons/plugin.program.carpc-xtouch/addon.py,loadday)</onclick>
				</item>
				<item id="3028">
					<label></label>
			 		<visible>[!Skin.String(Daysaved,1) | !Skin.String(Nightsaved,1)] + !Skin.HasSetting(HideHomeButtonDayNight) + !Skin.String(DayNightModus,day) + System.HasAddon(plugin.program.carpc-xtouch)</visible>
					<icon>button_daynight_alert_68.png</icon>
					<onclick>Skin.Reset(OpenSettingsMenu1)</onclick>
					<onclick>Skin.Reset(OpenSettingsMenu2)</onclick>
					<onclick>Skin.Reset(OpenSettingsMenu3)</onclick>
					<onclick>Skin.Reset(OpenSettingsMenu4)</onclick>
					<onclick>Skin.Reset(ChangeFocusColor)</onclick>
					<onclick>Skin.Reset(ChangeSubmenuBGColor)</onclick>
					<onclick>Skin.Reset(ChangeIconTextColor)</onclick>
					<onclick>Skin.Reset(ChangeOutlineColor)</onclick>
					<onclick>Skin.Reset(ChangeOutlineColorFocus)</onclick>
					<onclick>Skin.Reset(ChangeButtonBGColor)</onclick>
					<onclick>Skin.Reset(ChangePlayerButtonsBGColor)</onclick>
					<onclick>Skin.Reset(ChangeBottomBGColor)</onclick>
					<onclick>Skin.Reset(ChangeRadioBGColor)</onclick>
					<onclick>Skin.Reset(ChangeRadioDisplayColor)</onclick>
					<onclick>Skin.Reset(ChangeTempClockColorMinutes)</onclick>
					<onclick>Skin.Reset(ChangeTempClockColorHours)</onclick>
					<onclick>Skin.Reset(ChangeTempLabelColor)</onclick>
					<onclick>Skin.Reset(ChangeButtonBGColorFocus)</onclick>
					<onclick>Skin.Reset(ChangeSkinColor)</onclick>
					<onclick>Skin.Reset(SkinSettings)</onclick>
					<onclick>Skin.SetString(SkinSettings,42)</onclick>
					<onclick>Skin.Reset(SaveDayNight)</onclick>
					<onclick>ActivateWindow(1113)</onclick>
					<onclick>Control.SetFocus(440)</onclick>
				</item>
				<item id="3028">
					<label></label>
			 		<visible>[Skin.String(Daysaved,1) + Skin.String(Nightsaved,1)] + !Skin.HasSetting(HideHomeButtonDayNight) + !Skin.String(DayNightModus,night) + System.HasAddon(plugin.program.carpc-xtouch)</visible>
					<icon>button_night_68.png</icon>
					<onclick>Skin.Reset(DayNightModus)</onclick>
					<onclick>Skin.SetString(DayNightModus,night)</onclick>
					<onclick>RunScript(/home/pi/.kodi/addons/plugin.program.carpc-xtouch/addon.py,loadnight)</onclick>
				</item>
				<item id="3029">
					<label></label>
			 		<visible>!Skin.HasSetting(HideHomeButtonTempClockSwitch) + System.HasAddon(plugin.program.piwire) + Skin.HasSetting(Enable_Temp_Display)</visible>
					<icon>buttons-tempclock-switch_68.png</icon>
					<onclick>Skin.ToggleSetting(SwitchTempClock)</onclick>
				</item>
				<item id="3030">
					<label></label>
			 		<visible>!Skin.HasSetting(HideHomeButtonUSBManager) + System.HasAddon(plugin.program.usbmanager)</visible>
					<icon>button_usbmanager_68.png</icon>
					<onclick>RunPlugin(plugin://plugin.program.usbmanager)</onclick>
				</item>
				<item id="3031">
					<label></label>
			 		<visible>!Skin.HasSetting(HideHomeButtonPiWire) + System.HasAddon(plugin.program.piwire)</visible>
					<icon>button_piwire_68.png</icon>
					<onclick>RunPlugin(plugin://plugin.program.piwire)</onclick>
				</item>
				<item id="3032">
					<label></label>
			 		<visible>!Skin.HasSetting(HideHomeButtonGPIODiag) + System.HasAddon(plugin.program.gpiodiag)</visible>
					<icon>button_gpiodiag_68.png</icon>
					<onclick>RunPlugin(plugin://plugin.program.gpiodiag)</onclick>
				</item>
				<item id="3033">
					<label></label>
			 		<visible>!Skin.HasSetting(HideHomeButtonPiDash) + System.HasAddon(plugin.program.pidash)</visible>
					<icon>button_pidash_68.png</icon>
					<onclick>RunPlugin(plugin://plugin.program.pidash)</onclick>
				</item>
				<item id="3034">
					<label></label>
		        	<visible>Skin.HasSetting(ShowMagicSMB1) + !String.IsEmpty(Skin.String(MagicSMBLabel1)) + !Skin.HasSetting(MagicSMB1ShowInAppswitcherOnly)</visible>
					<icon>$INFO[Skin.String(MagicSMBIcon1)]</icon>
					<onclick>$INFO[Skin.String(MagicSMBAction1)]</onclick>
				</item>
				<item id="3035">
					<label></label>
		        	<visible>Skin.HasSetting(ShowMagicSMB2) + !String.IsEmpty(Skin.String(MagicSMBLabel2)) + !Skin.HasSetting(MagicSMB2ShowInAppswitcherOnly)</visible>
					<icon>$INFO[Skin.String(MagicSMBIcon2)]</icon>
					<onclick>$INFO[Skin.String(MagicSMBAction2)]</onclick>
				</item>
				<item id="3036">
					<label></label>
		        	<visible>Skin.HasSetting(ShowMagicSMB3) + !String.IsEmpty(Skin.String(MagicSMBLabel3)) + !Skin.HasSetting(MagicSMB3ShowInAppswitcherOnly)</visible>
					<icon>$INFO[Skin.String(MagicSMBIcon3)]</icon>
					<onclick>$INFO[Skin.String(MagicSMBAction3)]</onclick>
				</item>
				<item id="3037">
					<label></label>
		        	<visible>Skin.HasSetting(ShowMagicSMB4) + !String.IsEmpty(Skin.String(MagicSMBLabel4)) + !Skin.HasSetting(MagicSMB4ShowInAppswitcherOnly)</visible>
					<icon>$INFO[Skin.String(MagicSMBIcon4)]</icon>
					<onclick>$INFO[Skin.String(MagicSMBAction4)]</onclick>
				</item>
			</content>
		</control>

<!-- Submenu mid -->
		<include>SubMenuBGMid</include>
		<control type="panel" id="9004">
			<visible>![Player.HasAudio | Player.HasVideo]</visible>
			<align>center</align>
			<include>SubMenuPanelMid</include>
			<onup>Control.SetFocus(3006)</onup>
			<onright condition="Control.IsVisible(3050)">Control.SetFocus(3050)</onright>
			<content>
				<item id="4010">
					<label></label>
					<visible>!Skin.HasSetting(HideHomeButtonMusic) + !Skin.String(HomeButton1Value,MusicPath) + !Skin.String(HomeButton2Value,MusicPath) + !Skin.String(HomeButton3Value,MusicPath) + !Skin.String(HomeButton4Value,MusicPath) + !Skin.String(HomeButton5Value,MusicPath) + !Skin.String(HomeButton6Value,MusicPath)</visible>
					<icon>button_music.png</icon>
<!--				<onclick>ActivateWindow(Music,$INFO[Skin.String(CustomMusicPath)])</onclick> -->
					<onclick condition="!String.IsEmpty(Skin.String(CustomMusicPath1))">ActivateWindow(Music,$INFO[Skin.String(CustomMusicPath1)])</onclick>
					<onclick condition="!String.IsEmpty(Skin.String(CustomMusicPath2))">ActivateWindow(Music,$INFO[Skin.String(CustomMusicPath2)])</onclick>
					<onclick condition="!String.IsEmpty(Skin.String(CustomMusicPath3))">ActivateWindow(Music,$INFO[Skin.String(CustomMusicPath3)])</onclick>
					<onclick condition="!String.IsEmpty(Skin.String(CustomMusicPath4))">ActivateWindow(Music,$INFO[Skin.String(CustomMusicPath4)])</onclick>
					<onclick condition="!String.IsEmpty(Skin.String(CustomMusicPath5))">ActivateWindow(Music,$INFO[Skin.String(CustomMusicPath5)])</onclick>
					<onclick condition="!String.IsEmpty(Skin.String(CustomMusicPath6))">ActivateWindow(Music,$INFO[Skin.String(CustomMusicPath6)])</onclick>
				</item>
				<item id="4011">
					<label></label>
					<visible>!Skin.HasSetting(HideHomeButtonMusicArtists) + !Skin.String(HomeButton1Value,MusicArtists) + !Skin.String(HomeButton2Value,MusicArtists) + !Skin.String(HomeButton3Value,MusicArtists) + !Skin.String(HomeButton4Value,MusicArtists) + !Skin.String(HomeButton5Value,MusicArtists) + !Skin.String(HomeButton6Value,MusicArtists)</visible>
					<icon>button_musicartist.png</icon>
					<onclick>ActivateWindow(Music,musicdb://artists/,return)</onclick>
				</item>
				<item id="4012">
					<label></label>
					<visible>!Skin.HasSetting(HideHomeButtonMusicAlbums) + !Skin.String(HomeButton1Value,MusicAlbums) + !Skin.String(HomeButton2Value,MusicAlbums) + !Skin.String(HomeButton3Value,MusicAlbums) + !Skin.String(HomeButton4Value,MusicAlbums) + !Skin.String(HomeButton5Value,MusicAlbums) + !Skin.String(HomeButton6Value,MusicAlbums)</visible>
					<icon>button_musicalbum.png</icon>
					<onclick>ActivateWindow(Music,musicdb://albums/,return])</onclick>
				</item>
				<item id="4013">
					<label></label>
					<visible>!Skin.HasSetting(HideHomeButtonMusicGenre) + !Skin.String(HomeButton1Value,MusicGenre) + !Skin.String(HomeButton2Value,MusicGenre) + !Skin.String(HomeButton3Value,MusicGenre) + !Skin.String(HomeButton4Value,MusicGenre) + !Skin.String(HomeButton5Value,MusicGenre) + !Skin.String(HomeButton6Value,MusicGenre)</visible>
					<icon>button_musicgenre.png</icon>
					<onclick>ActivateWindow(Music,musicdb://genres/,return)</onclick>
				</item>
				<item id="4014">
					<label></label>
		        	<visible>!Skin.HasSetting(HideHomeButtonVideo) + !Skin.String(HomeButton1Value,Video) + !Skin.String(HomeButton2Value,Video) + !Skin.String(HomeButton3Value,Video) + !Skin.String(HomeButton4Value,Video) + !Skin.String(HomeButton5Value,Video) + !Skin.String(HomeButton6Value,Video)</visible>
					<icon>button_video.png</icon>
<!--				<onclick>ActivateWindow(Videos,$INFO[Skin.String(CustomVideoPath)])</onclick> -->
					<onclick condition="!String.IsEmpty(Skin.String(CustomVideoPath1))">ActivateWindow(Videos,$INFO[Skin.String(CustomVideoPath1)])</onclick>
					<onclick condition="!String.IsEmpty(Skin.String(CustomVideoPath2))">ActivateWindow(Videos,$INFO[Skin.String(CustomVideoPath2)])</onclick>
					<onclick condition="!String.IsEmpty(Skin.String(CustomVideoPath3))">ActivateWindow(Videos,$INFO[Skin.String(CustomVideoPath3)])</onclick>
					<onclick condition="!String.IsEmpty(Skin.String(CustomVideoPath4))">ActivateWindow(Videos,$INFO[Skin.String(CustomVideoPath4)])</onclick>
					<onclick condition="!String.IsEmpty(Skin.String(CustomVideoPath5))">ActivateWindow(Videos,$INFO[Skin.String(CustomVideoPath5)])</onclick>
					<onclick condition="!String.IsEmpty(Skin.String(CustomVideoPath6))">ActivateWindow(Videos,$INFO[Skin.String(CustomVideoPath6)])</onclick>
				</item>
				<item id="4015">
					<label></label>
		        	<visible>!Skin.HasSetting(HideHomeButtonNavigation) + !Skin.String(HomeButton1Value,Navigation) + !Skin.String(HomeButton2Value,Navigation) + !Skin.String(HomeButton3Value,Navigation) + !Skin.String(HomeButton4Value,Navigation) + !Skin.String(HomeButton5Value,Navigation) + !Skin.String(HomeButton6Value,Navigation)</visible>
					<icon>button_navi.png</icon>
					<onclick condition="Player.HasVideo">PlayerControl(Stop)</onclick>
					<onclick>RunScript("plugin.program.navigation")</onclick>
				</item>
				<item id="4016">
					<label></label>
		        	<visible>!Skin.HasSetting(HideHomeButtonRadio) + !Skin.String(HomeButton1Value,RadioFM) + !Skin.String(HomeButton2Value,RadioFM) + !Skin.String(HomeButton3Value,RadioFM) + !Skin.String(HomeButton4Value,RadioFM) + !Skin.String(HomeButton5Value,RadioFM) + !Skin.String(HomeButton6Value,RadioFM)</visible>
					<icon>button_radio.png</icon>
					<onclick>RunScript("ActivateWindow(1126)")</onclick>
				</item>
				<item id="4017">
					<label></label>
		        	<visible>!Skin.HasSetting(HideHomeButtonSettings) + !Skin.String(HomeButton1Value,Settings) + !Skin.String(HomeButton2Value,Settings) + !Skin.String(HomeButton3Value,Settings) + !Skin.String(HomeButton4Value,Settings) + !Skin.String(HomeButton5Value,Settings) + !Skin.String(HomeButton6Value,Settings)</visible>
					<icon>button_settings.png</icon>
					<onclick>ActivateWindow(Settings)</onclick>
				</item>
				<item id="4018">
					<label></label>
		        	<visible>!Skin.HasSetting(HideHomeButtonShutdownDialog) + !Skin.String(HomeButton1Value,Shutdown) + !Skin.String(HomeButton2Value,Shutdown) + !Skin.String(HomeButton3Value,Shutdown) + !Skin.String(HomeButton4Value,Shutdown) + !Skin.String(HomeButton5Value,Shutdown) + !Skin.String(HomeButton6Value,Shutdown) + !Skin.String(HomeButton1Value,ShutdownNoDialog) + !Skin.String(HomeButton2Value,ShutdownNoDialog) + !Skin.String(HomeButton3Value,ShutdownNoDialog) + !Skin.String(HomeButton4Value,ShutdownNoDialog) + !Skin.String(HomeButton5Value,ShutdownNoDialog) + !Skin.String(HomeButton6Value,ShutdownNoDialog)</visible>
					<icon>button_shutdown.png</icon>
					<onclick>ActivateWindow(1998)</onclick>
				</item>  
				<item id="4019">
					<label></label>
		        	<visible>Skin.HasSetting(HideHomeButtonShutdownDialog) + !Skin.String(HomeButton1Value,Shutdown) + !Skin.String(HomeButton2Value,Shutdown) + !Skin.String(HomeButton3Value,Shutdown) + !Skin.String(HomeButton4Value,Shutdown) + !Skin.String(HomeButton5Value,Shutdown) + !Skin.String(HomeButton6Value,Shutdown) + !Skin.String(HomeButton1Value,ShutdownNoDialog) + !Skin.String(HomeButton2Value,ShutdownNoDialog) + !Skin.String(HomeButton3Value,ShutdownNoDialog) + !Skin.String(HomeButton4Value,ShutdownNoDialog) + !Skin.String(HomeButton5Value,ShutdownNoDialog) + !Skin.String(HomeButton6Value,ShutdownNoDialog)</visible>
					<icon>button_shutdown.png</icon>
					<onclick>RunScript("special://skin/scripts/system_poweroff.py")</onclick>
				</item>  
				<item id="4020">
					<label></label>
			 		<visible>!Skin.HasSetting(HideHomeButtonFileManager)</visible>
					<icon>button_filemanager.png</icon>
					<onclick>ActivateWindow(FileManager)</onclick>
				</item>
				<item id="4021">
					<label></label>
			 		<visible>!Skin.HasSetting(HideHomeButtonConnect3g) + !Skin.String(HomeButton1Value,Connect3G) + !Skin.String(HomeButton2Value,Connect3G) + !Skin.String(HomeButton3Value,Connect3G) + !Skin.String(HomeButton4Value,Connect3G) + !Skin.String(HomeButton5Value,Connect3G) + !Skin.String(HomeButton6Value,Connect3G)</visible>
					<icon>button_3g.png</icon>
					<onclick>ActivateWindow(1118)</onclick>
				</item>
				<item id="4022">
					<label></label>
			 		<visible>!Skin.HasSetting(HideHomeButtonOBD) + !Skin.String(HomeButton1Value,OBD) + !Skin.String(HomeButton2Value,OBD) + !Skin.String(HomeButton3Value,OBD) + !Skin.String(HomeButton4Value,OBD) + !Skin.String(HomeButton5Value,OBD) + !Skin.String(HomeButton6Value,OBD)</visible>
					<icon>button_obd.png</icon>
					<onclick>-</onclick>
				</item>  
				<item id="4023">
					<label></label>
		        	<visible>!Skin.HasSetting(HideHomeButtonWeather) + !Skin.String(HomeButton1Value,Weather) + !Skin.String(HomeButton2Value,Weather) + !Skin.String(HomeButton3Value,Weather) + !Skin.String(HomeButton4Value,Weather) + !Skin.String(HomeButton5Value,Weather) + !Skin.String(HomeButton6Value,Weather)</visible>
					<icon>button_weather.png</icon>
					<onclick>ActivateWindow(Weather)</onclick>
				</item>
				<item id="4024">
					<label></label>
		        	<visible>!Skin.HasSetting(HideHomeButtonFavourites) + !Skin.String(HomeButton1Value,Favourites) + !Skin.String(HomeButton2Value,Favourites) + !Skin.String(HomeButton3Value,Favourites) + !Skin.String(HomeButton4Value,Favourites) + !Skin.String(HomeButton5Value,Favourites) + !Skin.String(HomeButton6Value,Favourites)</visible>
					<icon>button_favs.png</icon>
					<onclick>ActivateWindow(Favourites)</onclick>
				</item>
				<item id="4025">
					<label></label>
			 		<visible>!Skin.HasSetting(HideHomeButtonPrograms) + !Skin.String(HomeButton1Value,Programs) + !Skin.String(HomeButton2Value,Programs) + !Skin.String(HomeButton3Value,Programs) + !Skin.String(HomeButton4Value,Programs) + !Skin.String(HomeButton5Value,Programs) + !Skin.String(HomeButton6Value,Programs)</visible>
					<icon>button_apps.png</icon>
					<onclick>ActivateWindow(Programs,addons://sources/executable)</onclick>
				</item>
				<item id="4026">
					<label></label>
			 		<visible>!Skin.HasSetting(HideHomeButtonPlaylistEditor)</visible>
					<icon>button_musicplaylisteditor.png</icon>
					<onclick>ActivateWindow(503)</onclick>
				</item>
				<item id="4027">
					<label></label>
			 		<visible>System.HasAddon(plugin.program.wifimanager) + !Skin.HasSetting(HideHomeButtonConnectWiFi) + !String.IsEqual(System.InternetState,$LOCALIZE[13296])</visible>
					<icon>button_wifi.png</icon>
					<onclick>ActivateWindow(1119)</onclick>
				</item>
				<item id="4027">
					<label></label>
			 		<visible>System.HasAddon(plugin.program.wifimanager) + !Skin.HasSetting(HideHomeButtonConnectWiFi) + String.IsEqual(System.InternetState,$LOCALIZE[13296])</visible>
					<icon>button_wifi_on.png</icon>
					<onclick>ActivateWindow(1119)</onclick>
				</item>
				<item id="4028">
					<label></label>
			 		<visible>[Skin.String(Daysaved,1) + Skin.String(Nightsaved,1)] + !Skin.HasSetting(HideHomeButtonDayNight) + !Skin.String(DayNightModus,day) + System.HasAddon(plugin.program.carpc-xtouch)</visible>
					<icon>button_day.png</icon>
					<onclick>Skin.Reset(DayNightModus)</onclick>
					<onclick>Skin.SetString(DayNightModus,day)</onclick>
					<onclick>RunScript(/home/pi/.kodi/addons/plugin.program.carpc-xtouch/addon.py,loadday)</onclick>
				</item>
				<item id="4028">
					<label></label>
			 		<visible>[!Skin.String(Daysaved,1) | !Skin.String(Nightsaved,1)] + !Skin.HasSetting(HideHomeButtonDayNight) + !Skin.String(DayNightModus,day) + System.HasAddon(plugin.program.carpc-xtouch)</visible>
					<icon>button_daynight_alert.png</icon>
					<onclick>Skin.Reset(OpenSettingsMenu1)</onclick>
					<onclick>Skin.Reset(OpenSettingsMenu2)</onclick>
					<onclick>Skin.Reset(OpenSettingsMenu3)</onclick>
					<onclick>Skin.Reset(OpenSettingsMenu4)</onclick>
					<onclick>Skin.Reset(ChangeFocusColor)</onclick>
					<onclick>Skin.Reset(ChangeSubmenuBGColor)</onclick>
					<onclick>Skin.Reset(ChangeIconTextColor)</onclick>
					<onclick>Skin.Reset(ChangeOutlineColor)</onclick>
					<onclick>Skin.Reset(ChangeOutlineColorFocus)</onclick>
					<onclick>Skin.Reset(ChangeButtonBGColor)</onclick>
					<onclick>Skin.Reset(ChangePlayerButtonsBGColor)</onclick>
					<onclick>Skin.Reset(ChangeBottomBGColor)</onclick>
					<onclick>Skin.Reset(ChangeRadioBGColor)</onclick>
					<onclick>Skin.Reset(ChangeRadioDisplayColor)</onclick>
					<onclick>Skin.Reset(ChangeTempClockColorMinutes)</onclick>
					<onclick>Skin.Reset(ChangeTempClockColorHours)</onclick>
					<onclick>Skin.Reset(ChangeTempLabelColor)</onclick>
					<onclick>Skin.Reset(ChangeButtonBGColorFocus)</onclick>
					<onclick>Skin.Reset(ChangeSkinColor)</onclick>
					<onclick>Skin.Reset(SkinSettings)</onclick>
					<onclick>Skin.SetString(SkinSettings,42)</onclick>
					<onclick>Skin.Reset(SaveDayNight)</onclick>
					<onclick>ActivateWindow(1113)</onclick>
					<onclick>Control.SetFocus(440)</onclick>
				</item>
				<item id="4028">
					<label></label>
			 		<visible>[Skin.String(Daysaved,1) + Skin.String(Nightsaved,1)] + !Skin.HasSetting(HideHomeButtonDayNight) + !Skin.String(DayNightModus,night) + System.HasAddon(plugin.program.carpc-xtouch)</visible>
					<icon>button_night.png</icon>
					<onclick>Skin.Reset(DayNightModus)</onclick>
					<onclick>Skin.SetString(DayNightModus,night)</onclick>
					<onclick>RunScript(/home/pi/.kodi/addons/plugin.program.carpc-xtouch/addon.py,loadnight)</onclick>
				</item> 
				<item id="4029">
					<label></label>
			 		<visible>!Skin.HasSetting(HideHomeButtonTempClockSwitch) + System.HasAddon(plugin.program.piwire) + Skin.HasSetting(Enable_Temp_Display)</visible>
					<icon>buttons-tempclock-switch.png</icon>
					<onclick>Skin.ToggleSetting(SwitchTempClock)</onclick>
				</item>
				<item id="4030">
					<label></label>
			 		<visible>!Skin.HasSetting(HideHomeButtonUSBManager) + System.HasAddon(plugin.program.usbmanager)</visible>
					<icon>button_usbmanager.png</icon>
					<onclick>RunPlugin(plugin://plugin.program.usbmanager)</onclick>
				</item>
				<item id="4031">
					<label></label>
			 		<visible>!Skin.HasSetting(HideHomeButtonPiWire) + System.HasAddon(plugin.program.piwire)</visible>
					<icon>button_piwire.png</icon>
					<onclick>RunPlugin(plugin://plugin.program.piwire)</onclick>
				</item>
				<item id="4032">
					<label></label>
			 		<visible>!Skin.HasSetting(HideHomeButtonGPIODiag) + System.HasAddon(plugin.program.gpiodiag)</visible>
					<icon>button_gpiodiag.png</icon>
					<onclick>RunPlugin(plugin://plugin.program.gpiodiag)</onclick>
				</item>
				<item id="4033">
					<label></label>
			 		<visible>!Skin.HasSetting(HideHomeButtonPiDash) + System.HasAddon(plugin.program.pidash)</visible>
					<icon>button_pidash.png</icon>
					<onclick>RunPlugin(plugin://plugin.program.pidash)</onclick>
				</item>
				<item id="4034">
					<label></label>
		        	<visible>Skin.HasSetting(ShowMagicSMB1) + !String.IsEmpty(Skin.String(MagicSMBLabel1)) + !Skin.HasSetting(MagicSMB1ShowInAppswitcherOnly)</visible>
					<icon>$INFO[Skin.String(MagicSMBIcon1)]</icon>
					<onclick>$INFO[Skin.String(MagicSMBAction1)]</onclick>
				</item>
				<item id="4035">
					<label></label>
		        	<visible>Skin.HasSetting(ShowMagicSMB2) + !String.IsEmpty(Skin.String(MagicSMBLabel2)) + !Skin.HasSetting(MagicSMB2ShowInAppswitcherOnly)</visible>
					<icon>$INFO[Skin.String(MagicSMBIcon2)]</icon>
					<onclick>$INFO[Skin.String(MagicSMBAction2)]</onclick>
				</item>
				<item id="4036">
					<label></label>
		        	<visible>Skin.HasSetting(ShowMagicSMB3) + !String.IsEmpty(Skin.String(MagicSMBLabel3)) + !Skin.HasSetting(MagicSMB3ShowInAppswitcherOnly)</visible>
					<icon>$INFO[Skin.String(MagicSMBIcon3)]</icon>
					<onclick>$INFO[Skin.String(MagicSMBAction3)]</onclick>
				</item>
				<item id="4037">
					<label></label>
		        	<visible>Skin.HasSetting(ShowMagicSMB4) + !String.IsEmpty(Skin.String(MagicSMBLabel4)) + !Skin.HasSetting(MagicSMB4ShowInAppswitcherOnly)</visible>
					<icon>$INFO[Skin.String(MagicSMBIcon4)]</icon>
					<onclick>$INFO[Skin.String(MagicSMBAction4)]</onclick>
				</item>

			</content>
		</control>

<!-- Submenu big -->
		<include>SubMenuBGBig</include>
		<control type="panel" id="9004">
			<visible>![Player.HasAudio | Player.HasVideo]</visible>
			<align>center</align>
			<visible></visible>
			<include>SubMenuPanelBig</include>
			<onup>Control.SetFocus(3006)</onup>
			<onright>Control.SetFocus(3050)</onright>
			<content>
				<item id="4010">
					<label></label>
					<visible>!Skin.HasSetting(HideHomeButtonMusic) + !Skin.String(HomeButton1Value,MusicPath) + !Skin.String(HomeButton2Value,MusicPath) + !Skin.String(HomeButton3Value,MusicPath) + !Skin.String(HomeButton4Value,MusicPath) + !Skin.String(HomeButton5Value,MusicPath) + !Skin.String(HomeButton6Value,MusicPath)</visible>
					<icon>button_music.png</icon>
					<onclick condition="!String.IsEmpty(Skin.String(CustomMusicPath1))">ActivateWindow(Music,$INFO[Skin.String(CustomMusicPath1)])</onclick>
					<onclick condition="!String.IsEmpty(Skin.String(CustomMusicPath2))">ActivateWindow(Music,$INFO[Skin.String(CustomMusicPath2)])</onclick>
					<onclick condition="!String.IsEmpty(Skin.String(CustomMusicPath3))">ActivateWindow(Music,$INFO[Skin.String(CustomMusicPath3)])</onclick>
					<onclick condition="!String.IsEmpty(Skin.String(CustomMusicPath4))">ActivateWindow(Music,$INFO[Skin.String(CustomMusicPath4)])</onclick>
					<onclick condition="!String.IsEmpty(Skin.String(CustomMusicPath5))">ActivateWindow(Music,$INFO[Skin.String(CustomMusicPath5)])</onclick>
					<onclick condition="!String.IsEmpty(Skin.String(CustomMusicPath6))">ActivateWindow(Music,$INFO[Skin.String(CustomMusicPath6)])</onclick>
				</item>
				<item id="4011">
					<label></label>
					<visible>!Skin.HasSetting(HideHomeButtonMusicArtists) + !Skin.String(HomeButton1Value,MusicArtists) + !Skin.String(HomeButton2Value,MusicArtists) + !Skin.String(HomeButton3Value,MusicArtists) + !Skin.String(HomeButton4Value,MusicArtists) + !Skin.String(HomeButton5Value,MusicArtists) + !Skin.String(HomeButton6Value,MusicArtists)</visible>
					<icon>button_musicartist.png</icon>
					<onclick>ActivateWindow(Music,musicdb://artists/,return)</onclick>
				</item>
				<item id="4012">
					<label></label>
					<visible>!Skin.HasSetting(HideHomeButtonMusicAlbums) + !Skin.String(HomeButton1Value,MusicAlbums) + !Skin.String(HomeButton2Value,MusicAlbums) + !Skin.String(HomeButton3Value,MusicAlbums) + !Skin.String(HomeButton4Value,MusicAlbums) + !Skin.String(HomeButton5Value,MusicAlbums) + !Skin.String(HomeButton6Value,MusicAlbums)</visible>
					<icon>button_musicalbum.png</icon>
					<onclick>ActivateWindow(Music,musicdb://albums/,return])</onclick>
				</item>
				<item id="4013">
					<label></label>
					<visible>!Skin.HasSetting(HideHomeButtonMusicGenre) + !Skin.String(HomeButton1Value,MusicGenre) + !Skin.String(HomeButton2Value,MusicGenre) + !Skin.String(HomeButton3Value,MusicGenre) + !Skin.String(HomeButton4Value,MusicGenre) + !Skin.String(HomeButton5Value,MusicGenre) + !Skin.String(HomeButton6Value,MusicGenre)</visible>
					<icon>button_musicgenre.png</icon>
					<onclick>ActivateWindow(Music,musicdb://genres/,return)</onclick>
				</item>
				<item id="4014">
					<label></label>
		        	<visible>!Skin.HasSetting(HideHomeButtonVideo) + !Skin.String(HomeButton1Value,Video) + !Skin.String(HomeButton2Value,Video) + !Skin.String(HomeButton3Value,Video) + !Skin.String(HomeButton4Value,Video) + !Skin.String(HomeButton5Value,Video) + !Skin.String(HomeButton6Value,Video)</visible>
					<icon>button_video.png</icon>
					<onclick condition="!String.IsEmpty(Skin.String(CustomVideoPath1))">ActivateWindow(Videos,$INFO[Skin.String(CustomVideoPath1)])</onclick>
					<onclick condition="!String.IsEmpty(Skin.String(CustomVideoPath2))">ActivateWindow(Videos,$INFO[Skin.String(CustomVideoPath2)])</onclick>
					<onclick condition="!String.IsEmpty(Skin.String(CustomVideoPath3))">ActivateWindow(Videos,$INFO[Skin.String(CustomVideoPath3)])</onclick>
					<onclick condition="!String.IsEmpty(Skin.String(CustomVideoPath4))">ActivateWindow(Videos,$INFO[Skin.String(CustomVideoPath4)])</onclick>
					<onclick condition="!String.IsEmpty(Skin.String(CustomVideoPath5))">ActivateWindow(Videos,$INFO[Skin.String(CustomVideoPath5)])</onclick>
					<onclick condition="!String.IsEmpty(Skin.String(CustomVideoPath6))">ActivateWindow(Videos,$INFO[Skin.String(CustomVideoPath6)])</onclick>
				</item>
				<item id="4015">
					<label></label>
		        	<visible>!Skin.HasSetting(HideHomeButtonNavigation) + !Skin.String(HomeButton1Value,Navigation) + !Skin.String(HomeButton2Value,Navigation) + !Skin.String(HomeButton3Value,Navigation) + !Skin.String(HomeButton4Value,Navigation) + !Skin.String(HomeButton5Value,Navigation) + !Skin.String(HomeButton6Value,Navigation)</visible>
					<icon>button_navi.png</icon>
					<onclick>RunScript("plugin.program.navigation")</onclick>
					<onclick condition="Player.HasVideo">PlayerControl(Stop)</onclick>
				</item>
				<item id="4016">
					<label></label>
		        	<visible>!Skin.HasSetting(HideHomeButtonRadio) + !Skin.String(HomeButton1Value,RadioFM) + !Skin.String(HomeButton2Value,RadioFM) + !Skin.String(HomeButton3Value,RadioFM) + !Skin.String(HomeButton4Value,RadioFM) + !Skin.String(HomeButton5Value,RadioFM) + !Skin.String(HomeButton6Value,RadioFM)</visible>
					<icon>button_radio.png</icon>
					<onclick>RunScript("ActivateWindow(1126)")</onclick>
				</item>
				<item id="4017">
					<label></label>
		        	<visible>!Skin.HasSetting(HideHomeButtonSettings) + !Skin.String(HomeButton1Value,Settings) + !Skin.String(HomeButton2Value,Settings) + !Skin.String(HomeButton3Value,Settings) + !Skin.String(HomeButton4Value,Settings) + !Skin.String(HomeButton5Value,Settings) + !Skin.String(HomeButton6Value,Settings)</visible>
					<icon>button_settings.png</icon>
					<onclick>ActivateWindow(Settings)</onclick>
				</item>
				<item id="4018">
					<label></label>
		        	<visible>!Skin.HasSetting(HideHomeButtonShutdownDialog) + !Skin.String(HomeButton1Value,Shutdown) + !Skin.String(HomeButton2Value,Shutdown) + !Skin.String(HomeButton3Value,Shutdown) + !Skin.String(HomeButton4Value,Shutdown) + !Skin.String(HomeButton5Value,Shutdown) + !Skin.String(HomeButton6Value,Shutdown) + !Skin.String(HomeButton1Value,ShutdownNoDialog) + !Skin.String(HomeButton2Value,ShutdownNoDialog) + !Skin.String(HomeButton3Value,ShutdownNoDialog) + !Skin.String(HomeButton4Value,ShutdownNoDialog) + !Skin.String(HomeButton5Value,ShutdownNoDialog) + !Skin.String(HomeButton6Value,ShutdownNoDialog)</visible>
					<icon>button_shutdown.png</icon>
					<onclick>ActivateWindow(1998)</onclick>
				</item>  
				<item id="4019">
					<label></label>
		        	<visible>Skin.HasSetting(HideHomeButtonShutdownDialog) + !Skin.String(HomeButton1Value,Shutdown) + !Skin.String(HomeButton2Value,Shutdown) + !Skin.String(HomeButton3Value,Shutdown) + !Skin.String(HomeButton4Value,Shutdown) + !Skin.String(HomeButton5Value,Shutdown) + !Skin.String(HomeButton6Value,Shutdown) + !Skin.String(HomeButton1Value,ShutdownNoDialog) + !Skin.String(HomeButton2Value,ShutdownNoDialog) + !Skin.String(HomeButton3Value,ShutdownNoDialog) + !Skin.String(HomeButton4Value,ShutdownNoDialog) + !Skin.String(HomeButton5Value,ShutdownNoDialog) + !Skin.String(HomeButton6Value,ShutdownNoDialog)</visible>
					<icon>button_shutdown.png</icon>
					<onclick>RunScript("special://skin/scripts/system_poweroff.py")</onclick>
				</item>  
				<item id="4020">
					<label></label>
			 		<visible>!Skin.HasSetting(HideHomeButtonFileManager)</visible>
					<icon>button_filemanager.png</icon>
					<onclick>ActivateWindow(FileManager)</onclick>
				</item>
				<item id="4021">
					<label></label>
			 		<visible>!Skin.HasSetting(HideHomeButtonConnect3g) + !Skin.String(HomeButton1Value,Connect3G) + !Skin.String(HomeButton2Value,Connect3G) + !Skin.String(HomeButton3Value,Connect3G) + !Skin.String(HomeButton4Value,Connect3G) + !Skin.String(HomeButton5Value,Connect3G) + !Skin.String(HomeButton6Value,Connect3G)</visible>
					<icon>button_3g.png</icon>
					<onclick>ActivateWindow(1118)</onclick>
				</item>
				<item id="4022">
					<label></label>
			 		<visible>!Skin.HasSetting(HideHomeButtonOBD) + !Skin.String(HomeButton1Value,OBD) + !Skin.String(HomeButton2Value,OBD) + !Skin.String(HomeButton3Value,OBD) + !Skin.String(HomeButton4Value,OBD) + !Skin.String(HomeButton5Value,OBD) + !Skin.String(HomeButton6Value,OBD)</visible>
					<icon>button_obd.png</icon>
					<onclick>-</onclick>
				</item>  
				<item id="4023">
					<label></label>
		        	<visible>!Skin.HasSetting(HideHomeButtonWeather) + !Skin.String(HomeButton1Value,Weather) + !Skin.String(HomeButton2Value,Weather) + !Skin.String(HomeButton3Value,Weather) + !Skin.String(HomeButton4Value,Weather) + !Skin.String(HomeButton5Value,Weather) + !Skin.String(HomeButton6Value,Weather)</visible>
					<icon>button_weather.png</icon>
					<onclick>ActivateWindow(Weather)</onclick>
				</item>
				<item id="4024">
					<label></label>
		        	<visible>!Skin.HasSetting(HideHomeButtonFavourites) + !Skin.String(HomeButton1Value,Favourites) + !Skin.String(HomeButton2Value,Favourites) + !Skin.String(HomeButton3Value,Favourites) + !Skin.String(HomeButton4Value,Favourites) + !Skin.String(HomeButton5Value,Favourites) + !Skin.String(HomeButton6Value,Favourites)</visible>
					<icon>button_favs.png</icon>
					<onclick>ActivateWindow(Favourites)</onclick>
				</item>
				<item id="4025">
					<label></label>
			 		<visible>!Skin.HasSetting(HideHomeButtonPrograms) + !Skin.String(HomeButton1Value,Programs) + !Skin.String(HomeButton2Value,Programs) + !Skin.String(HomeButton3Value,Programs) + !Skin.String(HomeButton4Value,Programs) + !Skin.String(HomeButton5Value,Programs) + !Skin.String(HomeButton6Value,Programs)</visible>
					<icon>button_apps.png</icon>
					<onclick>ActivateWindow(Programs,addons://sources/executable)</onclick>
				</item>
				<item id="4026">
					<label></label>
			 		<visible>!Skin.HasSetting(HideHomeButtonPlaylistEditor)</visible>
					<icon>button_musicplaylisteditor.png</icon>
					<onclick>ActivateWindow(503)</onclick>
				</item>
				<item id="4027">
					<label></label>
			 		<visible>System.HasAddon(plugin.program.wifimanager) + !Skin.HasSetting(HideHomeButtonConnectWiFi) + !String.IsEqual(System.InternetState,$LOCALIZE[13296])</visible>
					<icon>button_wifi.png</icon>
					<onclick>ActivateWindow(1119)</onclick>
				</item>
				<item id="4027">
					<label></label>
			 		<visible>System.HasAddon(plugin.program.wifimanager) + !Skin.HasSetting(HideHomeButtonConnectWiFi) + String.IsEqual(System.InternetState,$LOCALIZE[13296])</visible>
					<icon>button_wifi_on.png</icon>
					<onclick>ActivateWindow(1119)</onclick>
				</item>
				<item id="4028">
					<label></label>
			 		<visible>[Skin.String(Daysaved,1) + Skin.String(Nightsaved,1)] + !Skin.HasSetting(HideHomeButtonDayNight) + !Skin.String(DayNightModus,day) + System.HasAddon(plugin.program.carpc-xtouch)</visible>
					<icon>button_day.png</icon>
					<onclick>Skin.Reset(DayNightModus)</onclick>
					<onclick>Skin.SetString(DayNightModus,day)</onclick>
					<onclick>RunScript(/home/pi/.kodi/addons/plugin.program.carpc-xtouch/addon.py,loadday)</onclick>
				</item>
				<item id="4028">
					<label></label>
			 		<visible>[!Skin.String(Daysaved,1) | !Skin.String(Nightsaved,1)] + !Skin.HasSetting(HideHomeButtonDayNight) + !Skin.String(DayNightModus,day) + System.HasAddon(plugin.program.carpc-xtouch)</visible>
					<icon>button_daynight_alert.png</icon>
					<onclick>Skin.Reset(OpenSettingsMenu1)</onclick>
					<onclick>Skin.Reset(OpenSettingsMenu2)</onclick>
					<onclick>Skin.Reset(OpenSettingsMenu3)</onclick>
					<onclick>Skin.Reset(OpenSettingsMenu4)</onclick>
					<onclick>Skin.Reset(ChangeFocusColor)</onclick>
					<onclick>Skin.Reset(ChangeSubmenuBGColor)</onclick>
					<onclick>Skin.Reset(ChangeIconTextColor)</onclick>
					<onclick>Skin.Reset(ChangeOutlineColor)</onclick>
					<onclick>Skin.Reset(ChangeOutlineColorFocus)</onclick>
					<onclick>Skin.Reset(ChangeButtonBGColor)</onclick>
					<onclick>Skin.Reset(ChangePlayerButtonsBGColor)</onclick>
					<onclick>Skin.Reset(ChangeBottomBGColor)</onclick>
					<onclick>Skin.Reset(ChangeRadioBGColor)</onclick>
					<onclick>Skin.Reset(ChangeRadioDisplayColor)</onclick>
					<onclick>Skin.Reset(ChangeTempClockColorMinutes)</onclick>
					<onclick>Skin.Reset(ChangeTempClockColorHours)</onclick>
					<onclick>Skin.Reset(ChangeTempLabelColor)</onclick>
					<onclick>Skin.Reset(ChangeButtonBGColorFocus)</onclick>
					<onclick>Skin.Reset(ChangeSkinColor)</onclick>
					<onclick>Skin.Reset(SkinSettings)</onclick>
					<onclick>Skin.SetString(SkinSettings,42)</onclick>
					<onclick>Skin.Reset(SaveDayNight)</onclick>
					<onclick>ActivateWindow(1113)</onclick>
					<onclick>Control.SetFocus(440)</onclick>
				</item>
				<item id="4028">
					<label></label>
			 		<visible>[Skin.String(Daysaved,1) + Skin.String(Nightsaved,1)] + !Skin.HasSetting(HideHomeButtonDayNight) + !Skin.String(DayNightModus,night) + System.HasAddon(plugin.program.carpc-xtouch)</visible>
					<icon>button_night.png</icon>
					<onclick>Skin.Reset(DayNightModus)</onclick>
					<onclick>Skin.SetString(DayNightModus,night)</onclick>
					<onclick>RunScript(/home/pi/.kodi/addons/plugin.program.carpc-xtouch/addon.py,loadnight)</onclick>
					<enable>!String.IsEmpty(Nightsaved) | !String.IsEmpty(Daysaved)</enable>
				</item> 
				<item id="4029">
					<label></label>
			 		<visible>!Skin.HasSetting(HideHomeButtonTempClockSwitch) + System.HasAddon(plugin.program.piwire) + Skin.HasSetting(Enable_Temp_Display)</visible>
					<icon>buttons-tempclock-switch.png</icon>
					<onclick>Skin.ToggleSetting(SwitchTempClock)</onclick>
				</item>
				<item id="4030">
					<label></label>
			 		<visible>!Skin.HasSetting(HideHomeButtonUSBManager) + System.HasAddon(plugin.program.usbmanager)</visible>
					<icon>button_usbmanager.png</icon>
					<onclick>RunPlugin(plugin://plugin.program.usbmanager)</onclick>
				</item>
				<item id="4031">
					<label></label>
			 		<visible>!Skin.HasSetting(HideHomeButtonPiWire) + System.HasAddon(plugin.program.piwire)</visible>
					<icon>button_piwire.png</icon>
					<onclick>RunPlugin(plugin://plugin.program.piwire)</onclick>
				</item>
				<item id="4032">
					<label></label>
			 		<visible>!Skin.HasSetting(HideHomeButtonGPIODiag) + System.HasAddon(plugin.program.gpiodiag)</visible>
					<icon>button_gpiodiag.png</icon>
					<onclick>RunPlugin(plugin://plugin.program.gpiodiag)</onclick>
				</item>
				<item id="4033">
					<label></label>
			 		<visible>!Skin.HasSetting(HideHomeButtonPiDash) + System.HasAddon(plugin.program.pidash)</visible>
					<icon>button_pidash.png</icon>
					<onclick>RunPlugin(plugin://plugin.program.pidash)</onclick>
				</item>
				<item id="4034">
					<label></label>
		        	<visible>Skin.HasSetting(ShowMagicSMB1) + !String.IsEmpty(Skin.String(MagicSMBLabel1)) + !Skin.HasSetting(MagicSMB1ShowInAppswitcherOnly)</visible>
					<icon>$INFO[Skin.String(MagicSMBIcon1)]</icon>
					<onclick>$INFO[Skin.String(MagicSMBAction1)]</onclick>
				</item>
				<item id="4035">
					<label></label>
		        	<visible>Skin.HasSetting(ShowMagicSMB2) + !String.IsEmpty(Skin.String(MagicSMBLabel2)) + !Skin.HasSetting(MagicSMB2ShowInAppswitcherOnly)</visible>
					<icon>$INFO[Skin.String(MagicSMBIcon2)]</icon>
					<onclick>$INFO[Skin.String(MagicSMBAction2)]</onclick>
				</item>
				<item id="4036">
					<label></label>
		        	<visible>Skin.HasSetting(ShowMagicSMB3) + !String.IsEmpty(Skin.String(MagicSMBLabel3)) + !Skin.HasSetting(MagicSMB3ShowInAppswitcherOnly)</visible>
					<icon>$INFO[Skin.String(MagicSMBIcon3)]</icon>
					<onclick>$INFO[Skin.String(MagicSMBAction3)]</onclick>
				</item>
				<item id="4037">
					<label></label>
		        	<visible>Skin.HasSetting(ShowMagicSMB4) + !String.IsEmpty(Skin.String(MagicSMBLabel4)) + !Skin.HasSetting(MagicSMB4ShowInAppswitcherOnly)</visible>
					<icon>$INFO[Skin.String(MagicSMBIcon4)]</icon>
					<onclick>$INFO[Skin.String(MagicSMBAction4)]</onclick>
				</item>
			</content>
		</control>
	</control>

<!-- Appswitcher button -->
		<control type="button" id="3050">
			<description>App Switcher Icon</description>
			<visible>!Skin.HasSetting(HideAppSwitcher) + !Skin.HasSetting(ShowVolumeOverlay)</visible>
    		<include>Visible_Animation_Slide_Up</include>
			<posx>74r</posx>
			<posy>76r</posy>
			<height>55</height>
			<width>55</width>
			<label></label> 
			<font>font36_title</font>
			<textcolor>-</textcolor>
			<texturenofocus colordiffuse="$VAR[CustomColorNofocus]">button_switcher.png</texturenofocus>
			<texturefocus colordiffuse="$VAR[CustomColorFocus]">button_switcher.png</texturefocus>
			<onclick>ActivateWindow(1125)</onclick>
			<onup condition="Control.IsVisible(9010)">Control.SetFocus(606)</onup>
			<onup condition="!Control.IsVisible(9010)">Control.SetFocus(3006)</onup>
			<onup condition="Control.IsVisible(2011)">Control.SetFocus(2011)</onup>
			<onleft condition="Control.IsVisible(9004)">Control.SetFocus(9004)</onleft>
			<onleft condition="Control.IsVisible(9003)">Control.SetFocus(9003)</onleft>
			<onleft condition="!Control.IsVisible(9003) + !Control.IsVisible(9004)">Control.SetFocus(100)</onleft>
		</control>

<!-- Settings button -->
		<control type="button" id="3050">
			<description>Settings Button – in case it's disabled everywhere</description>
		    <visible>Skin.HasSetting(HideHomeButtonSettings) + !Skin.HasSetting(SubmenuIconsSmall) + !Skin.HasSetting(SubmenuIconsMid) + !Skin.HasSetting(SubmenuIconsBig) + !Skin.String(HomeButton1Value,Settings) + !Skin.String(HomeButton2Value,Settings) + !Skin.String(HomeButton3Value,Settings) + !Skin.String(HomeButton4Value,Settings) + !Skin.String(HomeButton5Value,Settings) + !Skin.String(HomeButton6Value,Settings) + Skin.HasSetting(HideAppSwitcher)</visible>
			<posx>74r</posx>
			<posy>76r</posy>
			<height>55</height>
			<width>55</width>
			<label></label> 
			<font>font36_title</font>
			<textcolor>-</textcolor>
			<texturenofocus colordiffuse="$VAR[CustomColorNofocus]">icon_settings_w.png</texturenofocus>
			<texturefocus colordiffuse="$VAR[CustomColorFocus]">icon_settings_w.png</texturefocus>
			<onclick>ActivateWindow(Settings)</onclick>
			<onup condition="Control.IsVisible(9010)">Control.SetFocus(606)</onup>
			<onup condition="!Control.IsVisible(9010)">Control.SetFocus(3006)</onup>
			<onleft condition="Control.IsVisible(9004)">Control.SetFocus(9004)</onleft>
			<onleft condition="Control.IsVisible(9003)">Control.SetFocus(9003)</onleft>
			<onleft condition="!Control.IsVisible(9003) + !Control.IsVisible(9004)">Control.SetFocus(100)</onleft>
		</control>

	<include>BottomNowPLaying</include>
   	<include>BehindDialogFadeOut</include>
   	<include>VolumeOverlay</include>
   		
	</controls>	
</window>
