<?xml version="1.0" encoding="UTF-8"?>

<!-- Main Menu Buttons -->

<includes>
	<include name="MainButtons_wideFix">
        <control type="group" id="5200">
            <include>Window_OpenClose_Animation_Fade</include>
            <posx>0</posx>
            <posy>74</posy>
			<include>HomeBG_1_wideFix</include>
			<include>HomeBGColor_1_wideFix</include> 
            <control type="button" id="3001">
				<onup condition="Control.IsVisible(9003)">Control.SetFocus(9003)</onup>
				<onup condition="Control.IsVisible(9004)">Control.SetFocus(9004)</onup>
				<onup condition="Control.IsVisible(3050)">Control.SetFocus(3050)</onup>
                <ondown>Control.SetFocus(3002)</ondown>
                <onright>3004</onright>
                <description>Main Button-1 Outline & Action</description>
                <posx>0</posx>
                <posy>0</posy>
                <width>636</width>
                <height>136</height>
                <hitrect x="0" y="0" w="390" h="136" />
	            <aspectratio scalediffuse="true" align="center" aligny="center">stretch</aspectratio>
	            <texturenofocus colordiffuse="$VAR[HBOutlineColor]">home_1f.png</texturenofocus>
                <texturefocus colordiffuse="$VAR[HBOutlineColorFocus]" border="5">home_1f.png</texturefocus>
				<onclick>$VAR[HomeButtonAction1]</onclick>
            </control>
            <control type="image">
                <description>Button-1 Icon</description>
                <posx>50</posx>
                <posy>18</posy>
                <width>100</width>
                <height>100</height>
                <texture colordiffuse="$VAR[CustomColorHomebuttons]">$VAR[HomeButtonIcon1]</texture>
            </control>
	        <control type="image">
                <description>Button-1 Icon</description>
                <visible>Skin.HasSetting(CustomMenuIcon1)</visible>
                <posx>50</posx>
                <posy>18</posy>
                <width>100</width>
                <height>100</height>
                <texture colordiffuse="$VAR[CustomColorHomebuttons]">$INFO[Skin.String(CustomMenuButtonIcon1)]</texture>
            </control>
            <control type="label">
                <description>Button-1 label</description>
                <posx>170</posx>
                <posy>28</posy>
                <height>80</height>
                <width>250</width>
                <label>$VAR[HomeButtonLabel1]</label>
                <align>left</align>
                <aligny>center</aligny>
                <font>button36_title</font>
                <textcolor>$VAR[CustomColorHomebuttons]</textcolor>
            </control>
        </control>
        <control type="group" id="5202">
            <include>Window_OpenClose_Animation_Fade</include>
			<posx>0</posx>
			<posy>210</posy>
			<include>HomeBG_2_wideFix</include>
			<include>HomeBGColor_2_wideFix</include> 
            <control type="button" id="3002">
                <onup>Control.SetFocus(3001)</onup>
                <ondown>Control.SetFocus(3003)</ondown>
                <onright>3005</onright>
                <description>Main Button-2 Outline & Action</description>
                <posx>0</posx>
                <posy>0</posy>
                <width>636</width>
                <height>136</height>
                <hitrect x="0" y="0" w="390" h="136" />
	            <aspectratio scalediffuse="true" align="center" aligny="center">stretch</aspectratio>
	            <texturenofocus colordiffuse="$VAR[HBOutlineColor]">home_2f.png</texturenofocus>
                <texturefocus colordiffuse="$VAR[HBOutlineColorFocus]" border="5">home_2f.png</texturefocus>
				<onclick>$VAR[HomeButtonAction2]</onclick>
            </control>
            <control type="image">
                <description>Button-2 Icon</description>
                <visible>!Skin.HasSetting(CustomMenuIcon2)</visible>
                <posx>50</posx>
                <posy>18</posy>
                <width>100</width>
                <height>100</height>
                <texture colordiffuse="$VAR[CustomColorHomebuttons]">$VAR[HomeButtonIcon2]</texture>
            </control>
            <control type="image">
                <description>Button-2 Icon</description>
                <visible>Skin.HasSetting(CustomMenuIcon2)</visible>
                <posx>50</posx>
                <posy>18</posy>
                <width>100</width>
                <height>100</height>
                <texture colordiffuse="$VAR[CustomColorHomebuttons]">$INFO[Skin.String(CustomMenuButtonIcon2)]</texture>
            </control>
            <control type="label">
                <description>Button-2 label</description>
                <posx>170</posx>
                <posy>28</posy>
                <height>80</height>
                <width>250</width>
                <label>$VAR[HomeButtonLabel2]</label>
                <align>left</align>
                <aligny>center</aligny>
                <font>button36_title</font>
                <textcolor>$VAR[CustomColorHomebuttons]</textcolor>
            </control>
        </control>
        <control type="group" id="5204">
            <include>Window_OpenClose_Animation_Fade</include>
			<posx>0</posx>
			<posy>346</posy>
			<include>HomeBG_3_wideFix</include>
			<include>HomeBGColor_3_wideFix</include> 
            <control type="button" id="3003">
                <onup>Control.SetFocus(3002)</onup>
                <ondown>Control.SetFocus(3004)</ondown>
                <onright>3006</onright>
                <description>Main Button-3 Outline & Action</description>
                <posx>0</posx>
                <posy>0</posy>
                <width>636</width>
                <height>136</height>
                <hitrect x="0" y="0" w="390" h="136" />
	            <aspectratio scalediffuse="true" align="center" aligny="center">stretch</aspectratio>
	            <texturenofocus colordiffuse="$VAR[HBOutlineColor]">home_3f.png</texturenofocus>
                <texturefocus colordiffuse="$VAR[HBOutlineColorFocus]" border="5">home_3f.png</texturefocus>
				<onclick>$VAR[HomeButtonAction3]</onclick>
            </control>
            <control type="image">
                <description>Button-3 Icon</description>
                <visible>!Skin.HasSetting(CustomMenuIcon3)</visible>
                <posx>50</posx>
                <posy>18</posy>
                <width>100</width>
                <height>100</height>
                <texture colordiffuse="$VAR[CustomColorHomebuttons]">$VAR[HomeButtonIcon3]</texture>
            </control>
            <control type="image">
                <description>Button-3 Icon</description>
                <visible>Skin.HasSetting(CustomMenuIcon3)</visible>
                <posx>50</posx>
                <posy>18</posy>
                <width>100</width>
                <height>100</height>
                <texture colordiffuse="$VAR[CustomColorHomebuttons]">$INFO[Skin.String(CustomMenuButtonIcon3)]</texture>
            </control>
            <control type="label">
                <description>Button-3 label</description>
                <posx>170</posx>
                <posy>28</posy>
                <height>80</height>
                <width>250</width>
                <label>$VAR[HomeButtonLabel3]</label>
                <align>left</align>
                <aligny>center</aligny>
                <font>button36_title</font>
                <textcolor>$VAR[CustomColorHomebuttons]</textcolor>
            </control>
        </control>
        <control type="group" id="5206">
            <include>Window_OpenClose_Animation_Fade</include>
            <posx>646</posx>
            <posy>74</posy>
			<include>HomeBG_4_wideFix</include>
			<include>HomeBGColor_4_wideFix</include> 
            <control type="button" id="3004">
                <onup>Control.SetFocus(3003)</onup>
                <ondown>Control.SetFocus(3005)</ondown>
                <onleft>3001</onleft>
                <description>Main Button-4 Outline & Action</description>
                <posx>0</posx>
                <posy>0</posy>
                <width>640</width>
                <height>136</height>
                <hitrect x="200" y="0" w="390" h="136" />
	            <aspectratio scalediffuse="true" align="center" aligny="center">stretch</aspectratio>
	            <texturenofocus colordiffuse="$VAR[HBOutlineColor]">home_4f.png</texturenofocus>
                <texturefocus colordiffuse="$VAR[HBOutlineColorFocus]" border="5">home_4f.png</texturefocus>
				<onclick>$VAR[HomeButtonAction4]</onclick>
            </control>
            <control type="image">
                <description>Button-4 Icon</description>
                <visible>!Skin.HasSetting(CustomMenuIcon4)</visible>
                <posx>485</posx>
                <posy>18</posy>
                <width>100</width>
                <height>100</height>
                <texture colordiffuse="$VAR[CustomColorHomebuttons]">$VAR[HomeButtonIcon4]</texture>
            </control>
            <control type="image">
                <description>Button-4 Icon</description>
                <visible>Skin.HasSetting(CustomMenuIcon4)</visible>
                <posx>485</posx>
                <posy>18</posy>
                <width>100</width>
                <height>100</height>
                <texture colordiffuse="$VAR[CustomColorHomebuttons]">$INFO[Skin.String(CustomMenuButtonIcon4)]</texture>
            </control>
            <control type="label">
                <description>Button-4 label</description>
                <posx>475</posx>
                <posy>28</posy>
                <height>80</height>
                <width>250</width>
                <label>$VAR[HomeButtonLabel4]</label>
                <align>right</align>
                <aligny>center</aligny>
                <font>button36_title</font>
                <textcolor>$VAR[CustomColorHomebuttons]</textcolor>
            </control>
        </control>
        <control type="group" id="5208">
            <include>Window_OpenClose_Animation_Fade</include>
			<posx>646</posx>
			<posy>210</posy>
			<include>HomeBG_5_wideFix</include>
			<include>HomeBGColor_5_wideFix</include> 
            <control type="button" id="3005">
                <onup>Control.SetFocus(3004)</onup>
                <ondown>Control.SetFocus(3006)</ondown>
                <onleft>3002</onleft>
                <description>Main Button-5 Outline & Action</description>
                <posx>0</posx>
                <posy>0</posy>
                <width>640</width>
                <height>136</height>
                <hitrect x="200" y="0" w="390" h="136" />
	            <aspectratio scalediffuse="true" align="center" aligny="center">stretch</aspectratio>
	            <texturenofocus colordiffuse="$VAR[HBOutlineColor]">home_5f.png</texturenofocus>
                <texturefocus colordiffuse="$VAR[HBOutlineColorFocus]" border="5">home_5f.png</texturefocus>
				<onclick>$VAR[HomeButtonAction5]</onclick>
            </control>
            <control type="image">
                <description>Button-5 Icon</description>
                <visible>!Skin.HasSetting(CustomMenuIcon5)</visible>
                <posx>485</posx>
                <posy>18</posy>
                <width>100</width>
                <height>100</height>
                <texture colordiffuse="$VAR[CustomColorHomebuttons]">$VAR[HomeButtonIcon5]</texture>
            </control>
            <control type="image">
                <description>Button-5 Icon</description>
                <visible>Skin.HasSetting(CustomMenuIcon5)</visible>
                <posx>485</posx>
                <posy>18</posy>
                <width>100</width>
                <height>100</height>
                <texture colordiffuse="$VAR[CustomColorHomebuttons]">$INFO[Skin.String(CustomMenuButtonIcon5)]</texture>
            </control>
            <control type="label">
                <description>Button-5 label</description>
                <posx>475</posx>
                <posy>28</posy>
                <height>80</height>
                <width>250</width>
                <label>$VAR[HomeButtonLabel5]</label>
                <align>right</align>
                <aligny>center</aligny>
                <font>button36_title</font>
                <textcolor>$VAR[CustomColorHomebuttons]</textcolor>
            </control>
        </control>
        <control type="group" id="5210">
            <include>Window_OpenClose_Animation_Fade</include>
			<posx>646</posx>
			<posy>346</posy>
			<include>HomeBG_6_wideFix</include>
			<include>HomeBGColor_6_wideFix</include> 
            <control type="button" id="3006">
                <onup>Control.SetFocus(3005)</onup>
<!-- 
				<ondown condition="Control.IsVisible(9020) + Skin.String(OpenWidgetArea,open)">Control.SetFocus(9020)</ondown>
 -->
				<ondown condition="Control.IsVisible(2011)">Control.SetFocus(2011)</ondown>
				<ondown condition="!Control.IsVisible(2011) + Control.IsVisible(606)">Control.SetFocus(606)</ondown>
				<ondown condition="!Control.IsVisible(2011) + Control.IsVisible(9003)">Control.SetFocus(9003)</ondown>
				<ondown condition="!Control.IsVisible(2011) + Control.IsVisible(9004)">Control.SetFocus(9004)</ondown>
				<ondown condition="!Control.IsVisible(2011) + !Control.IsVisible(606) + Control.IsVisible(3050)">Control.SetFocus(3050)</ondown>
				<onleft>3003</onleft>
                <description>Main Button-6 Outline & Action</description>
                <posx>0</posx>
                <posy>0</posy>
                <width>640</width>
                <height>136</height>
                <hitrect x="200" y="0" w="390" h="136" />
	            <aspectratio scalediffuse="true" align="center" aligny="center">stretch</aspectratio>
	            <texturenofocus colordiffuse="$VAR[HBOutlineColor]">home_6f.png</texturenofocus>
                <texturefocus colordiffuse="$VAR[HBOutlineColorFocus]" border="5">home_6f.png</texturefocus>
				<onclick>$VAR[HomeButtonAction6]</onclick>
            </control>
            <control type="image">
                <description>Button-6 Icon</description>
                <visible>!Skin.HasSetting(CustomMenuIcon6)</visible>
                <posx>485</posx>
                <posy>18</posy>
                <width>100</width>
                <height>100</height>
                <texture colordiffuse="$VAR[CustomColorHomebuttons]">$VAR[HomeButtonIcon6]</texture>
            </control>
            <control type="image">
                <description>Button-6 Icon</description>
                <visible>Skin.HasSetting(CustomMenuIcon6)</visible>
                <posx>485</posx>
                <posy>18</posy>
                <width>100</width>
                <height>100</height>
                <texture colordiffuse="$VAR[CustomColorHomebuttons]">$INFO[Skin.String(CustomMenuButtonIcon6)]</texture>
            </control>
            <control type="label">
                <description>Button-6 Label</description>
                <posx>475</posx>
                <posy>28</posy>
                <height>80</height>
                <width>250</width>
                <label>$VAR[HomeButtonLabel6]</label>
                <align>right</align>
                <aligny>center</aligny>
                <font>button36_title</font>
                <textcolor>$VAR[CustomColorHomebuttons]</textcolor>
            </control>
        </control>
	</include> 
</includes>