<window id="2006">
	<defaultcontrol>9002</defaultcontrol>
	<onunload>Skin.SetString(VisName,$INFO[Visualisation.Name])</onunload>
	<!-- removed allowoverlay -->
	<controls>
		<control type="image">
			<posx>0</posx>
			<posy>0</posy>
			<width>ScreenWidth</width>
			<height>ScreenHeight</height>
			<visible>Skin.HasSetting(UseVisBgFull)</visible>
			<texture>$INFO[Skin.String(CustomVisBgFullPath)]</texture> 
		</control>  
		<control type="image">
			<posx>0</posx>
			<posy>0</posy>
			<width>ScreenWidth</width>
			<height>ScreenHeight</height>
			<visible>!Skin.HasSetting(UseVisBgFull)</visible>
			<texture>$INFO[Skin.String(CustomBackgroundPath)]</texture> 
		</control>  
		<!-- Cover in Background -->
		<control type="group">
			<description>Cover in Background</description>
			<visible>Skin.HasSetting(ShowCoverOnVisFull) + !Window.IsVisible(120) + Player.HasDuration</visible>
			<include>VisibleFadeEffect</include>
			<posx>415</posx>
			<posy>92</posy>
			<control type="image">
				<description>cover image</description>
				<posx>0</posx>
				<posy>0</posy>
				<width>450</width>
				<height>450</height>
				<texture colordiffuse="CCFFFFFF">$INFO[MusicPlayer.Cover]</texture>
			</control>
			<control type="image">
				<description>cover image</description>
				<posx>0</posx>
				<posy>455</posy>
				<width>450</width>
				<height>450</height>
				<texture flipy="true" diffuse="mask-gradient-v.png">$INFO[MusicPlayer.Cover]</texture>
			</control>
		</control>
		<control type="group">
			<description>Cover in Background</description>
			<visible>Skin.HasSetting(ShowCoverOnVisFull) + !Window.IsVisible(120) + !Player.HasDuration</visible>
			<include>VisibleFadeEffect</include>
			<posx>415</posx>
			<posy>92</posy>
			<control type="image">
				<description>cover image</description>
				<posx>0</posx>
				<posy>0</posy>
				<width>450</width>
				<height>450</height>
				<texture fallback="defaultstream.png" colordiffuse="CCFFFFFF">$INFO[Skin.String(CustomFanartPath)]/_playlistcover/$INFO[Player.Filename].jpg</texture>
			</control>
			<control type="image">
				<description>cover image</description>
				<posx>0</posx>
				<posy>455</posy>
				<width>450</width>
				<height>450</height>
				<texture fallback="defaultstream.png" flipy="true" diffuse="mask-gradient-v.png">$INFO[Skin.String(CustomFanartPath)]/_playlistcover/$INFO[Player.Filename].jpg</texture>
			</control>
		</control>
		<control type="visualisation" id="2">
			<description>visualisation</description>
			<posx>0</posx>
			<posy>0</posy>
			<width>ScreenWidth</width>
			<height>ScreenHeight</height>
		</control>
		<!-- Info Next Track -->
		<include condition="Skin.HasSetting(ShowNextTrack) + Skin.String(ShowNextTrackDuration,5)">Visualization_NextTrack5</include>
		<include condition="Skin.HasSetting(ShowNextTrack) + Skin.String(ShowNextTrackDuration,15)">Visualization_NextTrack15</include>
		<include condition="Skin.HasSetting(ShowNextTrack) + Skin.String(ShowNextTrackDuration,30)">Visualization_NextTrack30</include>
		<include condition="Skin.HasSetting(ShowNextTrack) + Skin.String(ShowNextTrackDuration,60)">Visualization_NextTrack60</include>
		<include condition="Skin.HasSetting(ShowNextTrack) + Skin.String(ShowNextTrackDuration,always)">Visualization_NextTrackAlways</include>

		<!-- codec & viz infos -->
		<control type="group" id="0">
			<posx>0</posx>
			<posy>50</posy>
			<visible>Player.ShowCodec + ![Window.IsVisible(script-XBMC_Lyrics-main.xml) | Window.IsVisible(VisualisationSettings) | Window.IsVisible(VisualisationPresetList)]</visible>
			<animation effect="fade" time="200">VisibleChange</animation>
			<control type="image">
				<description>media info background image</description>
				<posx>0</posx>
				<posy>0</posy>
				<width>ScreenWidth</width>
				<height>105</height>
				<colordiffuse>AAFFFFFF</colordiffuse> 
				<texture>$INFO[Skin.String(CustomBackgroundPath)]</texture>  
			</control>
			<control type="label">
				<description>row 1 label</description>
				<posx>50</posx>
				<posy>10</posy>
				<label>-</label>
				<align>left</align>
				<label>$INFO[musicplayer.Codec,$LOCALIZE[21446]: ,]$INFO[musicplayer.Bitrate, · $LOCALIZE[623]: ,kbps]$INFO[musicplayer.bitspersample, · $LOCALIZE[612]: ,bit]$INFO[musicplayer.Samplerate, · $LOCALIZE[613]: ,kHz]$INFO[musicplayer.Channels, · $LOCALIZE[21444]: ]</label>
				<font>font16</font>
			</control>
			<control type="label">
				<description>row 2 label</description>
				<posx>50</posx>
				<posy>40</posy>
				<label>-</label>
				<align>left</align>
				<label>$INFO[Visualisation.Name] [I][COLOR=customcolor]($LOCALIZE[20166])[/COLOR][/I] · fps: $INFO[System.FPS]</label>
				<font>font16</font>
				<visible>Visualisation.Locked</visible>
			</control>
			<control type="label">
				<description>Unlocked row 2 label</description>
				<posx>50</posx>
				<posy>40</posy>
				<label>-</label>
				<align>left</align>
				<label>$INFO[Visualisation.Name] · fps: $INFO[System.FPS]</label>
				<font>font16</font>
				<visible>!Visualisation.Locked</visible>
			</control>
			<control type="label">
				<description>row 3 label</description>
				<posx>50</posx>
				<posy>70</posy>
				<label>-</label>
				<align>left</align>
				<label>$LOCALIZE[13388]: $INFO[Visualisation.Preset]</label>
				<font>font16</font>
			</control>
		</control>
		<!--<include>PlayerControlCommons</include>-->
		<include>CommonAudioVideoTitle</include>

	</controls>
</window>
