<includes>
	<include name="CommonRootView">
		<control type="panel" id="50">
			<posx>86</posx>
			<posy>85</posy>
			<width>1106</width>
			<height>538</height>
			<onleft condition="Window.IsActive(AddonBrowser)">Control.SetFocus(666)</onleft>
			<onleft>Control.SetFocus(555)</onleft>
			<onright>60</onright>
			<onup>50</onup>
			<ondown>50</ondown>
			<viewtype label="535">list</viewtype>
			<pagecontrol>60</pagecontrol>
			<scrolltime>200</scrolltime>
			<itemlayout height="75" width="1110">
				<control type="image">
					<posx>0</posx>
					<posy>0</posy>
					<width>1106</width>
					<height>75</height>
					<texture border="4">list_bg.png</texture>
					<colordiffuse>95FFFFFF</colordiffuse>
				</control>
				<control type="image">
<!-- 
					<visible>!Container.Content(artists)</visible>
 -->
					<posx>7</posx>
					<posy>4</posy>
					<width>68</width>
					<height>68</height>
					<texture background="true">$VAR[PosterThumb]</texture>
				</control>
<!-- 
				<control type="image">
					<visible>Container.Content(artists)</visible>
					<posx>7</posx>
					<posy>4</posy>
					<width>68</width>
					<height>68</height>
					<texture background="true">$INFO[ListItem.Thumb]</texture>
				</control>
 -->
				<control type="label">
					<posx>102</posx>
					<posy>10</posy>
					<width>1000</width>
					<height>52</height>
					<font>font36_title</font>
					<textcolor>white</textcolor>
					<selectedcolor>$VAR[CustomColorFocus]</selectedcolor>
					<align>left</align>
					<aligny>center</aligny>
					<label>$INFO[ListItem.Label]</label>
				</control>
				<control type="label">
					<posx>620</posx>
					<posy>15</posy>
					<width>450</width>
					<height>52</height>
					<font>font36_title</font>
					<textcolor>white</textcolor>
					<selectedcolor>$VAR[CustomColorNofocus]</selectedcolor> 
					<align>right</align>
					<aligny>center</aligny>
					<label>$INFO[ListItem.Label2]</label>
				</control>
				
			</itemlayout>
			<focusedlayout height="75" width="1110">
				<control type="image">
					<posx>0</posx>
					<posy>0</posy>
					<width>1106</width>
					<height>75</height>
					<texture border="4">list_bg_fo.png</texture>
					<colordiffuse>$VAR[CustomColorFocus]</colordiffuse>
					<include>VisibleFadeEffect</include>
				</control>
				<control type="image">
					<posx>7</posx>
					<posy>4</posy>
					<width>68</width>
					<height>68</height>
					<texture background="true">$VAR[PosterThumb]</texture>
				</control>
				<control type="label">
					<posx>102</posx>
					<posy>15</posy>
					<width>922</width>
					<height>52</height>
					<font>font36_title</font>
					<textcolor>white</textcolor>
					<selectedcolor>$VAR[CustomColorFocus]</selectedcolor> 
					<align>left</align>
					<aligny>center</aligny>
					<label>$INFO[ListItem.Label]</label>
				</control>
				<control type="label">
					<posx>620</posx>
					<posy>15</posy>
					<width>450</width>
					<height>52</height>
					<font>font36_title</font>
					<textcolor>white</textcolor>
					<selectedcolor>$VAR[CustomColorFocus]</selectedcolor> 
					<align>right</align>
					<aligny>center</aligny>
					<label>$INFO[ListItem.Label2]</label>
				</control>
				<!--<control type="image">
					<description>Rating value</description>
					<posx>1415</posx>
					<posy>30</posy>
					<width>100</width>
					<height>70</height>
					<aspectratio align="left">keep</aspectratio>
					<texture fallback="dark/left_rating/rating0.png">$INFO[ListItem.RatingAndVotes,dark/left_rating/]</texture>
				</control>-->
			</focusedlayout>
		</control>
	</include>
	<include name="CommonRootViewVideo">
		<control type="panel" id="50">
			<posx>86</posx>
			<posy>85</posy>
			<width>1106</width>
			<height>538</height>
			<onleft>Control.SetFocus(555)</onleft>
			<onright>60</onright>
			<onup>50</onup>
			<ondown>50</ondown>
			<viewtype label="535">list</viewtype>
			<pagecontrol>60</pagecontrol>
			<scrolltime>200</scrolltime>
			<itemlayout height="75" width="1110">
				<control type="image">
					<posx>0</posx>
					<posy>0</posy>
					<width>1106</width>
					<height>75</height>
					<texture border="4">list_bg.png</texture>
					<colordiffuse>95FFFFFF</colordiffuse>
				</control>
				<control type="image">
					<posx>7</posx>
					<posy>4</posy>
					<width>68</width>
					<height>68</height>
					<texture background="true">$VAR[PosterThumb]</texture>
				</control>
				<control type="label">
					<posx>102</posx>
					<posy>10</posy>
					<width>1000</width>
					<height>52</height>
					<font>font36_title</font>
					<textcolor>white</textcolor>
					<selectedcolor>$VAR[CustomColorFocus]</selectedcolor>
					<align>left</align>
					<aligny>center</aligny>
					<label>$INFO[ListItem.Label]</label>
				</control>
				<control type="image">
					<posx>1060</posx>
					<posy>7</posy>
					<width>45</width>
					<height>30</height>
					<texture>$INFO[ListItem.VideoResolution,light/,.png]</texture>
					<visible>[Container.Content(Movies) | Container.Content(Episodes) | Container.Content(MusicVideos)]</visible>
				</control>
				<control type="image">
					<posx>1030</posx>
					<posy>10</posy>
					<width>25</width>
					<height>25</height>
					<aspectratio>keep</aspectratio>
					<texture>OverlayWatching.png</texture>
					<visible>ListItem.IsResumable</visible>
				</control>
				<control type="image">
					<posx>1030</posx>
					<posy>11</posy>
					<width>22</width>
					<height>22</height>
					<texture>$INFO[ListItem.Overlay,light/]</texture>
					<visible>!ListItem.IsResumable</visible>
				</control>
			</itemlayout>
			<focusedlayout height="87" width="1110">
				<control type="image">
					<posx>0</posx>
					<posy>0</posy>
					<width>1105</width>
					<height>87</height>
					<texture border="4">ListFO.png</texture>
				</control>
				<control type="image">
					<posx>7</posx>
					<posy>4</posy>
					<width>80</width>
					<height>80</height>
					<texture background="true">$VAR[PosterThumb]</texture>
				</control>
				<control type="label">
					<posx>102</posx>
					<posy>15</posy>
					<width>922</width>
					<height>52</height>
					<font>font36_title</font>
					<textcolor>white</textcolor>
					<selectedcolor>$VAR[CustomColorFocus]</selectedcolor>
					<align>left</align>
					<aligny>center</aligny>
					<label>$INFO[ListItem.Label]</label>
				</control>
				<control type="label">
					<posx>900</posx>
					<posy>2</posy>
					<width>300</width>
					<height>22</height>
					<font>font16</font>
					<textcolor>black</textcolor>
					<selectedcolor>$VAR[CustomColorFocus]</selectedcolor>
					<align>right</align>
					<aligny>center</aligny>
					<label>$INFO[ListItem.Label2]</label>
					<visible>[Container.Content(Movies) | Container.Content(Episodes) | Container.Content(MusicVideos)]</visible>
				</control>
				<control type="image">
					<posx>1060</posx>
					<posy>7</posy>
					<width>45</width>
					<height>30</height>
					<texture>$INFO[ListItem.VideoResolution,dark/,.png]</texture>
					<visible>[Container.Content(Movies) | Container.Content(Episodes) | Container.Content(MusicVideos)]</visible>
				</control>
				<control type="image">
					<posx>1030</posx>
					<posy>10</posy>
					<width>25</width>
					<height>25</height>
					<aspectratio>keep</aspectratio>
					<texture>OverlayWatching.png</texture>
					<visible>ListItem.IsResumable</visible>
				</control>
				<control type="image">
					<posx>1030</posx>
					<posy>11</posy>
					<width>22</width>
					<height>22</height>
					<texture>$INFO[ListItem.Overlay,light/]</texture>
					<visible>!ListItem.IsResumable</visible>
				</control>
			</focusedlayout>
		</control>
	</include>
	<include name="ThumbnailView">
		<control type="panel" id="500">
			<posx>77</posx>
			<posy>75</posy>
			<width>1150</width>
			<height>550</height>
			<onleft>Control.SetFocus(555)</onleft>
			<onright>60</onright>
			<onup>500</onup>
			<ondown>500</ondown>
			<viewtype label="21371">wide</viewtype>
			<pagecontrol>60</pagecontrol>
			<scrolltime>200</scrolltime>
			<preloaditems>2</preloaditems>
			<itemlayout condition="!Container.Content(Movies) + !Container.Content(Seasons) + !Container.Content(Episodes) + !Container.Content(TVShows)" height="262" width="224">
				<control type="group">
					<posx>0</posx>
					<posy>2</posy>
					<control type="image">
						<posx>2</posx>
						<posy>1</posy>
						<width>220</width>
						<height>220</height>
						<texture background="true">$INFO[Listitem.Icon]</texture>
						<aspectratio scalediffuse="true">scale</aspectratio>
					</control>
					<control type="image">
						<posx>2</posx>
						<posy>220</posy>
						<width>220</width>
						<height>40</height>
						<texture colordiffuse="CCFFFFFF">black.png</texture>
						<aspectratio>stretch</aspectratio>
					</control>
					<control type="label">
						<posx>2</posx>
						<posy>224</posy>
						<width>220</width>
						<height>30</height>
						<font>font22_title</font>
						<textcolor>$VAR[CustomColorNofocus]</textcolor>
						<selectedcolor>$VAR[CustomColorFocus]</selectedcolor>
						<align>center</align>
						<aligny>center</aligny>
						<info>ListItem.Label</info>
					</control>
				</control>
				<control type="image">
					<posx>150</posx>
					<posy>5</posy>
					<width>40</width>
					<height>30</height>
					<texture>$INFO[ListItem.VideoResolution,light/,.png]</texture>
					<visible>Container.Content(MusicVideos)</visible>
				</control>
				<control type="image">
					<posx>190</posx>
					<posy>5</posy>
					<width>30</width>
					<height>30</height>
					<texture>OverlayWatched.png</texture>
					<visible>Window.IsVisible(AddonBrowser) + String.IsEqual(ListItem.Label2,$LOCALIZE[305])</visible>
				</control>
			</itemlayout>
			<focusedlayout condition="!Container.Content(Movies) + !Container.Content(Seasons) + !Container.Content(Episodes) + !Container.Content(TVShows)" height="262" width="224">
				<control type="group">
					<posx>0</posx>
					<posy>2</posy>
					<control type="image">
						<posx>2</posx>
						<posy>1</posy>
						<width>220</width>
						<height>220</height>
						<texture background="true">$INFO[Listitem.Icon]</texture>
						<aspectratio scalediffuse="true">scale</aspectratio>
					</control>
					<control type="image">
						<posx>2</posx>
						<posy>220</posy>
						<width>220</width>
						<height>40</height>
						<texture>header.png</texture>
						<aspectratio>stretch</aspectratio>
					</control>
					<control type="label">
						<posx>2</posx>
						<posy>224</posy>
						<width>220</width>
						<height>30</height>
						<font>font22_bold</font>
						<textcolor>$VAR[CustomColorFocus]</textcolor>
						<selectedcolor>$VAR[CustomColorFocus]</selectedcolor>
						<align>center</align>
						<aligny>center</aligny>
						<info>ListItem.Label</info>
					</control>
				</control>
				<control type="image">
					<posx>150</posx>
					<posy>5</posy>
					<width>40</width>
					<height>30</height>
					<texture>$INFO[ListItem.VideoResolution,light/,.png]</texture>
					<visible>Container.Content(MusicVideos)</visible>
				</control>
				<control type="image">
					<posx>190</posx>
					<posy>5</posy>
					<width>30</width>
					<height>30</height>
					<texture>OverlayWatched.png</texture>
					<visible>Window.IsVisible(AddonBrowser) + String.IsEqual(ListItem.Label2,$LOCALIZE[305])</visible>
				</control>
			</focusedlayout>
			<itemlayout condition="Container.Content(Movies) | Container.Content(Seasons) | Container.Content(TVShows)" height="330" width="210">
				<control type="group">
					<posx>5</posx>
					<posy>15</posy>
					<control type="image">
						<posx>0</posx>
						<posy>0</posy>
						<width>190</width>
						<height>270</height>
						<texture background="true">$VAR[PosterThumb]</texture>
					</control>
					<control type="image">
						<posx>0</posx>
						<posy>270</posy>
						<width>190</width>
						<height>40</height>
						<texture>thumb_label_bg.png</texture>
						<aspectratio>stretch</aspectratio>
					</control>
					<control type="label">
						<posx>5</posx>
						<posy>275</posy>
						<width>180</width>
						<height>30</height>
						<font>font22_title</font>
						<textcolor>$VAR[CustomColorNofocus]</textcolor>
						<selectedcolor>$VAR[CustomColorFocus]</selectedcolor>
						<align>center</align>
						<aligny>center</aligny>
						<info>ListItem.Label</info>
					</control>
				</control>
				<control type="image">
					<posx>153</posx>
					<posy>20</posy>
					<width>37</width>
					<height>27</height>
					<texture>$INFO[ListItem.VideoResolution,light/,.png]</texture>
				</control>
				<control type="image">
					<posx>115</posx>
					<posy>20</posy>
					<width>22</width>
					<height>22</height>
					<aspectratio>keep</aspectratio>
					<texture>$INFO[ListItem.Overlay]</texture>
				</control>
			</itemlayout>
			<focusedlayout condition="Container.Content(Movies) | Container.Content(Seasons) | Container.Content(TVShows)" height="330" width="210">
				<control type="group">
					<posx>0</posx>
					<posy>0</posy>
					<control type="image">
						<posx>0</posx>
						<posy>0</posy>
						<width>200</width>
						<height>285</height>
						<texture background="true">$VAR[PosterThumb]</texture>
					</control>
					<control type="image">
						<posx>0</posx>
						<posy>285</posy>
						<width>200</width>
						<height>40</height>
						<texture>thumb_label_bg.png</texture>
						<aspectratio>stretch</aspectratio>
					</control>
					<control type="label">
						<posx>6</posx>
						<posy>290</posy>
						<width>190</width>
						<height>30</height>
						<font>font22_title</font>
						<textcolor>$VAR[CustomColorFocus]</textcolor>
						<selectedcolor>$VAR[CustomColorFocus]</selectedcolor>
						<align>center</align>
						<aligny>center</aligny>
						<info>ListItem.Label</info>
					</control>
				</control>
				<control type="image">
					<posx>149</posx>
					<posy>6</posy>
					<width>45</width>
					<height>33</height>
					<texture>$INFO[ListItem.VideoResolution,light/,.png]</texture>
				</control>
				<control type="image">
					<posx>105</posx>
					<posy>10</posy>
					<width>32</width>
					<height>32</height>
					<aspectratio>keep</aspectratio>
					<texture>$INFO[ListItem.Overlay]</texture>
				</control>
			</focusedlayout>
			<itemlayout condition="Container.Content(Episodes)" height="240" width="308">
				<control type="group">
					<posx>10</posx>
					<posy>60</posy>
					<control type="image">
						<posx>20</posx>
						<posy>0</posy>
						<width>220</width>
						<height>220</height>
						<texture background="true">$INFO[Listitem.Icon]</texture>
						<aspectratio scalediffuse="true">keep</aspectratio>
					</control>
					<control type="image">
						<posx>20</posx>
						<posy>220</posy>
						<width>220</width>
						<height>40</height>
						<texture>thumb_label_bg.png</texture>
						<aspectratio>stretch</aspectratio>
					</control>
					<control type="label">
						<posx>25</posx>
						<posy>225</posy>
						<width>210</width>
						<height>30</height>
						<font>font22_title</font>
						<textcolor>$VAR[CustomColorNofocus]</textcolor>
						<selectedcolor>$VAR[CustomColorFocus]</selectedcolor>
						<align>center</align>
						<aligny>center</aligny>
						<info>ListItem.Label</info>
					</control>
				</control>
				<control type="image">
					<posx>210</posx>
					<posy>26</posy>
					<width>40</width>
					<height>30</height>
					<texture>$INFO[ListItem.VideoResolution,light/,.png]</texture>
				</control>
				<control type="image">
					<posx>175</posx>
					<posy>26</posy>
					<width>30</width>
					<height>30</height>
					<aspectratio>keep</aspectratio>
					<texture>$INFO[ListItem.Overlay]</texture>
				</control>
			</itemlayout>
			<focusedlayout condition="Container.Content(Episodes)" height="240" width="308">
				<control type="group">
					<posx>0</posx>
					<posy>0</posy>
					<control type="image">
						<posx>0</posx>
						<posy>0</posy>
						<width>280</width>
						<height>280</height>
						<texture background="true">$INFO[Listitem.Icon]</texture>
						<aspectratio scalediffuse="true">keep</aspectratio>
					</control>
					<control type="image">
						<posx>0</posx>
						<posy>280</posy>
						<width>280</width>
						<height>40</height>
						<texture>header.png</texture>
						<aspectratio>stretch</aspectratio>
					</control>
					<control type="label">
						<posx>5</posx>
						<posy>285</posy>
						<width>270</width>
						<height>30</height>
						<font>font22_bold</font>
						<textcolor>$VAR[CustomColorFocus]</textcolor>
						<selectedcolor>$VAR[CustomColorFocus]</selectedcolor>
						<align>center</align>
						<aligny>center</aligny>
						<info>ListItem.Label</info>
					</control>
				</control>
				<control type="image">
					<posx>230</posx>
					<posy>6</posy>
					<width>40</width>
					<height>30</height>
					<texture>$INFO[ListItem.VideoResolution,light/,.png]</texture>
					<visible>Container.Content(MusicVideos)</visible>
				</control>
				<control type="image">
					<posx>195</posx>
					<posy>6</posy>
					<width>30</width>
					<height>30</height>
					<texture>$INFO[ListItem.Overlay]</texture>
				</control>
			</focusedlayout>
		</control>
	</include>
	<include name="WideIconView">
		<control type="panel" id="502">
			<visible>!Container.Content(Movies) + !Container.Content(Episodes) + !Container.Content(Seasons) + !Container.Content(MusicVideos)</visible>
			<posx>90</posx>
			<posy>90</posy>
			<width>1147</width>
			<height>540</height>
			<onleft>Control.SetFocus(555)</onleft>
			<onright>60</onright>
			<onup>502</onup>
			<ondown>502</ondown>
			<pagecontrol>60</pagecontrol>
			<scrolltime>300</scrolltime>
			<preloaditems>2</preloaditems>
			<viewtype label="539">wide</viewtype>
			<itemlayout height="135" width="574">
				<control type="image">
					<posx>4</posx>
					<posy>0</posy>
					<width>570</width>
					<height>131</height>
					<texture border="4">SubBack.png</texture>
				</control>
				<control type="image">
					<posx>11</posx>
					<posy>4</posy>
					<width>555</width>
					<height>101</height>
					<aspectratio>keep</aspectratio>
					<texture background="true">$VAR[BannerThumb]</texture>
				</control>
				<control type="image">
					<posx>4</posx>
					<posy>0</posy>
					<width>187</width>
					<height>131</height>
					<texture>GlassOverlay.png</texture>
				</control>
				<control type="label">
					<posx>11</posx>
					<posy>94</posy>
					<width>596</width>
					<height>37</height>
					<font>font30_title</font>
					<textcolor>$VAR[CustomColorNofocus]</textcolor>
					<align>left</align>
					<aligny>center</aligny>
					<label>$INFO[ListItem.Label]</label>
				</control>
				<!--<control type="label">
					<posx>750</posx>
					<posy>145</posy>
					<width>500</width>
					<height>20</height>
					<font>font16</font>
					<textcolor>grey2</textcolor>
					<align>right</align>
					<aligny>center</aligny>
					<label>$INFO[ListItem.Label2]</label>
				</control>-->
			</itemlayout>
			<focusedlayout height="135" width="412">
				<control type="image">
					<posx>4</posx>
					<posy>0</posy>
					<width>570</width>
					<height>131</height>
					<texture border="4">SubBack2.png</texture>
				</control>
				<control type="image">
					<posx>11</posx>
					<posy>4</posy>
					<width>555</width>
					<height>101</height>
					<aspectratio>keep</aspectratio>
					<texture background="true">$VAR[BannerThumb]</texture>
				</control>
				<control type="image">
					<posx>4</posx>
					<posy>0</posy>
					<width>187</width>
					<height>131</height>
					<texture>GlassOverlay.png</texture>
				</control>
				<control type="label">
					<posx>11</posx>
					<posy>94</posy>
					<width>525</width>
					<height>37</height>
					<font>font30_title</font>
					<textcolor>$VAR[CustomColorFocus]</textcolor>
					<align>left</align>
					<aligny>center</aligny>
					<label>$INFO[ListItem.Label]</label>
				</control>
				<!--<control type="label">
					<posx>562</posx>
					<posy>109</posy>
					<width>375</width>
					<height>15</height>
					<font>font24</font>
					<textcolor>black</textcolor>
					<align>right</align>
					<aligny>center</aligny>
					<label>$INFO[ListItem.Label2]</label>
				</control>-->
			</focusedlayout>
		</control>
	</include>
	<include name="BigIconView">
		<control type="panel" id="505">
			<visible>Container.Content(Movies) | Container.Content(Episodes) | Container.Content(Seasons) | Container.Content(MusicVideos) | Container.Content(Songs)</visible>
			<posx>90</posx>
			<posy>90</posy>
			<width>1147</width>
			<height>540</height>
			<onleft>Control.SetFocus(555)</onleft>
			<onright>60</onright>
			<onup>505</onup>
			<ondown>505</ondown>
			<viewtype label="31030">list</viewtype>
			<pagecontrol>60</pagecontrol>
			<scrolltime>300</scrolltime>
			<preloaditems>2</preloaditems>
			<itemlayout height="550" width="1100">
				<control type="image">
					<posx>0</posx>
					<posy>5</posy>
					<width>1115</width>
					<height>540</height>
					<texture border="5">bg_black.png</texture>
					<colordiffuse>BFFFFFFF</colordiffuse>
				</control>
				<control type="image">
					<posx>0</posx>
					<posy>5</posy>
					<width>1115</width>
					<height>540</height>
					<texture background="true">$INFO[ListItem.Art(fanart)]</texture>
					<colordiffuse>40FFFFFF</colordiffuse>
				</control>
				<control type="image">
					<posx>25</posx>
					<posy>30</posy>
					<width>350</width>
					<height>350</height>
					<texture background="true">$INFO[ListItem.Icon]</texture>
				</control>
				<control type="image">
					<posx>25</posx>
					<posy>385</posy>
					<width>350</width>
					<height>350</height>
					<texture background="true" flipy="true" diffuse="mask-gradient-v.png">$VAR[PosterThumb]</texture>
				</control>
				<control type="label">
					<posx>400</posx>
					<posy>25</posy>
					<width>700</width>
					<height>35</height>
					<font>font35_title</font>
					<textcolor>white</textcolor>
					<selectedcolor>selected</selectedcolor>
					<align>left</align>
					<aligny>center</aligny>
					<label>$INFO[ListItem.Label]</label>
				</control>
				<control type="label">
					<visible>!String.IsEmpty(ListItem.Artist)</visible>
					<posx>400</posx>
					<posy>75</posy>
					<width>110</width>
					<height>30</height>
					<font>font24_title</font>
					<align>left</align>
					<aligny>center</aligny>
					<textcolor>white</textcolor>
					<selectedcolor>selected</selectedcolor>
					<label>$LOCALIZE[557]:</label>
				</control>
				<control type="label">
					<visible>!String.IsEmpty(ListItem.Artist)</visible>
					<posx>510</posx>
					<posy>75</posy>
					<width>670</width>
					<height>30</height>
					<font>font24_title</font>
					<align>left</align>
					<aligny>center</aligny>
					<textcolor>white</textcolor>
					<selectedcolor>white</selectedcolor>
					<label>$INFO[ListItem.Artist]</label>
				</control>
				<control type="label">
					<visible>!String.IsEmpty(ListItem.Genre)</visible>
					<posx>400</posx>
					<posy>105</posy>
					<width>110</width>
					<height>30</height>
					<font>font24_title</font>
					<align>left</align>
					<aligny>center</aligny>
					<textcolor>white</textcolor>
					<selectedcolor>selected</selectedcolor>
					<label>$LOCALIZE[515]:</label>
				</control>
				<control type="label">
					<visible>!String.IsEmpty(ListItem.Genre)</visible>
					<posx>510</posx>
					<posy>105</posy>
					<width>670</width>
					<height>30</height>
					<font>font24_title</font>
					<align>left</align>
					<aligny>center</aligny>
					<textcolor>white</textcolor>
					<selectedcolor>white</selectedcolor>
					<label>$INFO[ListItem.Genre]</label>
				</control>
				<control type="label">
					<visible>!String.IsEmpty(ListItem.Year)</visible>
					<posx>400</posx>
					<posy>135</posy>
					<width>110</width>
					<height>30</height>
					<font>font24_title</font>
					<align>left</align>
					<aligny>center</aligny>
					<textcolor>white</textcolor>
					<selectedcolor>selected</selectedcolor>
					<label>$LOCALIZE[562]:</label>
				</control>
				<control type="label">
					<visible>!String.IsEmpty(ListItem.Year)</visible>
					<posx>510</posx>
					<posy>135</posy>
					<width>670</width>
					<height>30</height>
					<font>font24_title</font>
					<align>left</align>
					<aligny>center</aligny>
					<textcolor>white</textcolor>
					<selectedcolor>white</selectedcolor>
					<label>$INFO[ListItem.Year]</label>
				</control>
				<control type="textbox">
					<description>Description Value for Albums</description>
					<posx>400</posx>
					<posy>192</posy>
					<width>640</width>
					<height>315</height>
					<font>font24_title</font>
					<align>justify</align>
					<textcolor>white</textcolor>
					<label>$INFO[ListItem.Property(Album_Description)]</label>
					<pagecontrol>62</pagecontrol>
					<wrapmultiline>true</wrapmultiline>
					<autoscroll delay="4000" time="1500" repeat="10000">!Control.HasFocus(61)</autoscroll>
				</control>
			</itemlayout>
			<focusedlayout height="550" width="1100">
				<control type="image">
					<posx>0</posx>
					<posy>5</posy>
					<width>1115</width>
					<height>540</height>
					<texture border="5">bg_black.png</texture>
					<colordiffuse>BFFFFFFF</colordiffuse>
				</control>
				<control type="image">
					<posx>0</posx>
					<posy>5</posy>
					<width>1115</width>
					<height>540</height>
					<texture background="true">$INFO[ListItem.Art(fanart)]</texture>
					<colordiffuse>40FFFFFF</colordiffuse>
				</control>
				<control type="image">
					<posx>25</posx>
					<posy>30</posy>
					<width>350</width>
					<height>350</height>
					<texture background="true">$INFO[ListItem.Icon]</texture>
				</control>
				<control type="image">
					<posx>25</posx>
					<posy>385</posy>
					<width>350</width>
					<height>350</height>
					<texture background="true" flipy="true" diffuse="mask-gradient-v.png">$VAR[PosterThumb]</texture>
				</control>
				<control type="label">
					<posx>400</posx>
					<posy>25</posy>
					<width>700</width>
					<height>35</height>
					<font>font35_title</font>
					<textcolor>white</textcolor>
					<selectedcolor>selected</selectedcolor>
					<align>left</align>
					<aligny>center</aligny>
					<label>$INFO[ListItem.Label]</label>
				</control>
				<control type="label">
					<visible>!String.IsEmpty(ListItem.Artist)</visible>
					<posx>400</posx>
					<posy>75</posy>
					<width>110</width>
					<height>30</height>
					<font>font24_title</font>
					<align>left</align>
					<aligny>center</aligny>
					<textcolor>white</textcolor>
					<selectedcolor>selected</selectedcolor>
					<label>$LOCALIZE[557]:</label>
				</control>
				<control type="label">
					<visible>!String.IsEmpty(ListItem.Artist)</visible>
					<posx>510</posx>
					<posy>75</posy>
					<width>670</width>
					<height>30</height>
					<font>font24_title</font>
					<align>left</align>
					<aligny>center</aligny>
					<textcolor>white</textcolor>
					<selectedcolor>black</selectedcolor>
					<label>$INFO[ListItem.Artist]</label>
				</control>
				<control type="label">
					<visible>!String.IsEmpty(ListItem.Genre)</visible>
					<posx>400</posx>
					<posy>105</posy>
					<width>110</width>
					<height>30</height>
					<font>font24_title</font>
					<align>left</align>
					<aligny>center</aligny>
					<textcolor>white</textcolor>
					<selectedcolor>selected</selectedcolor>
					<label>$LOCALIZE[515]:</label>
				</control>
				<control type="label">
					<visible>!String.IsEmpty(ListItem.Genre)</visible>
					<posx>510</posx>
					<posy>105</posy>
					<width>670</width>
					<height>30</height>
					<font>font24_title</font>
					<align>left</align>
					<aligny>center</aligny>
					<textcolor>white</textcolor>
					<selectedcolor>white</selectedcolor>
					<label>$INFO[ListItem.Genre]</label>
				</control>
				<control type="label">
					<visible>!String.IsEmpty(ListItem.Year)</visible>
					<posx>400</posx>
					<posy>135</posy>
					<width>110</width>
					<height>30</height>
					<font>font24_title</font>
					<align>left</align>
					<aligny>center</aligny>
					<textcolor>white</textcolor>
					<selectedcolor>selected</selectedcolor>
					<label>$LOCALIZE[562]:</label>
				</control>
				<control type="label">
					<visible>!String.IsEmpty(ListItem.Year)</visible>
					<posx>510</posx>
					<posy>135</posy>
					<width>670</width>
					<height>30</height>
					<font>font24_title</font>
					<align>left</align>
					<aligny>center</aligny>
					<textcolor>white</textcolor>
					<selectedcolor>white</selectedcolor>
					<label>$INFO[ListItem.Year]</label>
				</control>
				<control type="textbox">
					<description>Description Value for Albums</description>
					<posx>400</posx>
					<posy>192</posy>
					<width>640</width>
					<height>315</height>
					<font>font24_title</font>
					<align>justify</align>
					<textcolor>white</textcolor>
					<label>$INFO[ListItem.Property(Album_Description)]</label>
					<pagecontrol>62</pagecontrol>
					<autoscroll delay="4000" time="1500" repeat="10000">!Control.HasFocus(61)</autoscroll>
				</control>
			</focusedlayout>
		</control>
		<control type="scrollbar" id="62">
			<visible>Control.IsVisible(505) | Control.IsVisible(550)</visible>
			<posx>1150</posx>
			<posy>277</posy>
			<width>25</width>
			<height>315</height>
			<texturesliderbackground border="0,14,0,14">ScrollBarV.png</texturesliderbackground>
			<texturesliderbar border="2,16,2,16"></texturesliderbar>
			<texturesliderbarfocus border="2,16,2,16"></texturesliderbarfocus>
			<textureslidernib>osdslidernib.png</textureslidernib>
			<textureslidernibfocus>osdslidernib.png</textureslidernibfocus>
			<onleft>505</onleft>
			<onright condition="Control.IsVisible(9002)">9002</onright>
			<ondown>62</ondown>
			<onup>62</onup>
			<showonepage>false</showonepage>
			<orientation>vertical</orientation>
			<animation effect="fade" time="150">Visible</animation>
			<animation effect="fade" time="150">Hidden</animation>
		</control>
	</include>
</includes>
