<window id="136">
	<animation effect="fade" time="100">WindowOpen</animation>
	<animation effect="fade" time="200">WindowClose</animation>
	<coordinates>
		<system>1</system>
		<posx>0</posx>
		<posy>0</posy>
	</coordinates>
	<controls>
		<control type="image">
			<posx>0</posx>
			<posy>0</posy>
			<width>ScreenWidth</width>
			<height>ScreenHeight</height>
			<colordiffuse>BBFFFFFF</colordiffuse>
			<texture>black-back.png</texture>
		</control>
		<control type="group">
			<posx>230</posx>
			<posy>300</posy>
			<include>16x9_xPos_Relocation</include>
			<control type="image">
				<description>background image</description>
				<posx>0</posx>
				<posy>0</posy>
				<width>300</width>
				<height>100</height>
				<texture border="20">OverlayDialogBackground.png</texture>
			</control>
			<control type="image">
				<description>Busy animation</description>
				<posx>20</posx>
				<posy>25</posy>
				<width>50</width>
				<height>50</height>
				<texture>busy.png</texture>
				<aspectratio>keep</aspectratio>
				<animation effect="rotate" start="0" end="360" center="auto" time="1200" loop="true" condition="true">conditional</animation>
			</control>
			<control type="label">
				<description>Busy label</description>
				<posx>90</posx>
				<posy>34</posy>
				<width>180</width>
				<height>32</height>
				<align>left</align>
				<aligny>center</aligny>
				<label>$LOCALIZE[31009]</label>
				<font>font25</font>
			</control>
		</control>
	</controls>
</window>