<window id="0">
	<onload>RunScript("special://skin/scripts/check_calibration.py")</onload>
	<onunload condition="Container(9000).Hasfocus(2) | Container(9000).Hasfocus(3) | ControlGroup(9010).HasFocus">SetProperty(VideosDirectLink,True)</onunload>
	<onunload condition="Control.HasFocus(9000) + Container(9000).Hasfocus(1)">ClearProperty(VideosDirectLink)</onunload>
	<onload condition="!Skin.HasSetting(HideSettingsManager2.2)">ActivateWindow(1122)</onload>
	<defaultcontrol always="true">3001</defaultcontrol>
	<controls>
		<include>CommonBackground</include>
<!--	<control type="videowindow">
			<posx>0</posx>
			<posy>0</posy>
			<width>ScreenWidth</width>
			<height>ScreenHeight</height>
			<visible>Player.HasVideo</visible>
		</control>	-->	
		
		<include>CommonTopBar</include>		
 	    <include>WeatherTitleWidget</include>
		
<!-- Title Text / Temperature-->
		<include condition="Skin.String(TempSensor,1) + System.HasAddon(plugin.program.piwire)">TempText1</include>
		<include condition="Skin.String(TempSensor,2) + System.HasAddon(plugin.program.piwire)">TempText2</include>
		<include condition="Skin.String(TempSensor,3) + System.HasAddon(plugin.program.piwire)">TempText3</include>
		<include condition="Skin.String(TempSensor,4) + System.HasAddon(plugin.program.piwire)">TempText4</include>
		<include condition="Skin.String(TempSensor,5) + System.HasAddon(plugin.program.piwire)">TempText5</include>
		<include condition="Skin.String(TempSensor,6) + System.HasAddon(plugin.program.piwire)">TempText6</include>
		<include condition="Skin.String(TempSensor,7) + System.HasAddon(plugin.program.piwire)">TempText7</include>
		<include condition="Skin.String(TempSensor,8) + System.HasAddon(plugin.program.piwire)">TempText8</include>

		<control type="label">
			<description>Text Top Left</description>
			<visible>Skin.HasSetting(EnableTitleText)</visible>
			<posx>45</posx>
			<posy>10</posy>
			<height>40</height>
			<width>500</width>
			<label>$INFO[Skin.String(HomeScreenTitle)]</label> 
			<align>left</align>
			<aligny>center</aligny>
			<font>font40_title</font>
			<textcolor>$VAR[CustomColorNofocus]</textcolor>
		</control> 
		
		<control type="button">
			<description>Viz Fullscreen Button</description>
			<visible>Player.HasAudio</visible>
			<posx>0</posx>
			<posy>0</posy>
			<height>100</height>
			<width>100</width>
			<label></label> 
			<font>font40_title</font>
			<textcolor>-</textcolor>
			<texturenofocus>1px_transparent.png</texturenofocus>
			<texturefocus>1px_transparent.png</texturefocus>
			<onclick>ActivateWindow(2006)</onclick>
		</control>

			<!--Menu customized-->
		
<!-- Homebuttons -->
		<include condition="Skin.HasSetting(Hide1024x600Fix) + Skin.String(HomePosRadio,1) + ![Skin.String(HomePosRadio,2) | Skin.String(HomePosRadio,3) | Skin.String(HomePosRadio,4) | Skin.String(HomePosRadio,5) | Skin.String(HomePosRadio,6)]">Radio1</include>
		<include condition="Skin.HasSetting(Hide1024x600Fix) + Skin.String(HomePosRadio,2) + ![Skin.String(HomePosRadio,1) | Skin.String(HomePosRadio,3) | Skin.String(HomePosRadio,4) | Skin.String(HomePosRadio,5) | Skin.String(HomePosRadio,6)]">Radio2</include>
		<include condition="Skin.HasSetting(Hide1024x600Fix) + Skin.String(HomePosRadio,3) + ![Skin.String(HomePosRadio,1) | Skin.String(HomePosRadio,2) | Skin.String(HomePosRadio,4) | Skin.String(HomePosRadio,5) | Skin.String(HomePosRadio,6)]">Radio3</include>
		<include condition="Skin.HasSetting(Hide1024x600Fix) + Skin.String(HomePosRadio,4) + ![Skin.String(HomePosRadio,1) | Skin.String(HomePosRadio,2) | Skin.String(HomePosRadio,3) | Skin.String(HomePosRadio,5) | Skin.String(HomePosRadio,6)]">Radio4</include>
		<include condition="Skin.HasSetting(Hide1024x600Fix) + Skin.String(HomePosRadio,5) + ![Skin.String(HomePosRadio,1) | Skin.String(HomePosRadio,2) | Skin.String(HomePosRadio,3) | Skin.String(HomePosRadio,4) | Skin.String(HomePosRadio,6)]">Radio5</include>
		<include condition="Skin.HasSetting(Hide1024x600Fix) + Skin.String(HomePosRadio,6) + ![Skin.String(HomePosRadio,1) | Skin.String(HomePosRadio,2) | Skin.String(HomePosRadio,3) | Skin.String(HomePosRadio,4) | Skin.String(HomePosRadio,5)]">Radio6</include> 
		<include condition="Skin.HasSetting(Hide1024x600Fix) + Skin.String(HomePosMusic,1) + ![Skin.String(HomePosMusic,2) | Skin.String(HomePosMusic,3) | Skin.String(HomePosMusic,4) | Skin.String(HomePosMusic,5) | Skin.String(HomePosMusic,6)]">Music1</include>
		<include condition="Skin.HasSetting(Hide1024x600Fix) + Skin.String(HomePosMusic,2) + ![Skin.String(HomePosMusic,1) | Skin.String(HomePosMusic,3) | Skin.String(HomePosMusic,4) | Skin.String(HomePosMusic,5) | Skin.String(HomePosMusic,6)]">Music2</include>
		<include condition="Skin.HasSetting(Hide1024x600Fix) + Skin.String(HomePosMusic,3) + ![Skin.String(HomePosMusic,1) | Skin.String(HomePosMusic,2) | Skin.String(HomePosMusic,4) | Skin.String(HomePosMusic,5) | Skin.String(HomePosMusic,6)]">Music3</include>
		<include condition="Skin.HasSetting(Hide1024x600Fix) + Skin.String(HomePosMusic,4) + ![Skin.String(HomePosMusic,1) | Skin.String(HomePosMusic,2) | Skin.String(HomePosMusic,3) | Skin.String(HomePosMusic,5) | Skin.String(HomePosMusic,6)]">Music4</include>
		<include condition="Skin.HasSetting(Hide1024x600Fix) + Skin.String(HomePosMusic,5) + ![Skin.String(HomePosMusic,1) | Skin.String(HomePosMusic,2) | Skin.String(HomePosMusic,3) | Skin.String(HomePosMusic,4) | Skin.String(HomePosMusic,6)]">Music5</include>
		<include condition="Skin.HasSetting(Hide1024x600Fix) + Skin.String(HomePosMusic,6) + ![Skin.String(HomePosMusic,1) | Skin.String(HomePosMusic,2) | Skin.String(HomePosMusic,3) | Skin.String(HomePosMusic,4) | Skin.String(HomePosMusic,5)]">Music6</include> 
		<include condition="Skin.HasSetting(Hide1024x600Fix) + Skin.String(HomePosVideo,1) + ![Skin.String(HomePosVideo,2) | Skin.String(HomePosVideo,3) | Skin.String(HomePosVideo,4) | Skin.String(HomePosVideo,5) | Skin.String(HomePosVideo,6)]">Video1</include>
		<include condition="Skin.HasSetting(Hide1024x600Fix) + Skin.String(HomePosVideo,2) + ![Skin.String(HomePosVideo,1) | Skin.String(HomePosVideo,3) | Skin.String(HomePosVideo,4) | Skin.String(HomePosVideo,5) | Skin.String(HomePosVideo,6)]">Video2</include>
		<include condition="Skin.HasSetting(Hide1024x600Fix) + Skin.String(HomePosVideo,3) + ![Skin.String(HomePosVideo,1) | Skin.String(HomePosVideo,2) | Skin.String(HomePosVideo,4) | Skin.String(HomePosVideo,5) | Skin.String(HomePosVideo,6)]">Video3</include>
		<include condition="Skin.HasSetting(Hide1024x600Fix) + Skin.String(HomePosVideo,4) + ![Skin.String(HomePosVideo,1) | Skin.String(HomePosVideo,2) | Skin.String(HomePosVideo,3) | Skin.String(HomePosVideo,5) | Skin.String(HomePosVideo,6)]">Video4</include>
		<include condition="Skin.HasSetting(Hide1024x600Fix) + Skin.String(HomePosVideo,5) + ![Skin.String(HomePosVideo,1) | Skin.String(HomePosVideo,2) | Skin.String(HomePosVideo,3) | Skin.String(HomePosVideo,4) | Skin.String(HomePosVideo,6)]">Video5</include>
		<include condition="Skin.HasSetting(Hide1024x600Fix) + Skin.String(HomePosVideo,6) + ![Skin.String(HomePosVideo,1) | Skin.String(HomePosVideo,2) | Skin.String(HomePosVideo,3) | Skin.String(HomePosVideo,4) | Skin.String(HomePosVideo,5)]">Video6</include> 
		<include condition="Skin.HasSetting(Hide1024x600Fix) + Skin.String(HomePosNavi,1) + ![Skin.String(HomePosNavi,2) | Skin.String(HomePosNavi,3) | Skin.String(HomePosNavi,4) | Skin.String(HomePosNavi,5) | Skin.String(HomePosNavi,6)]">Navigation1</include>
		<include condition="Skin.HasSetting(Hide1024x600Fix) + Skin.String(HomePosNavi,2) + ![Skin.String(HomePosNavi,1) | Skin.String(HomePosNavi,3) | Skin.String(HomePosNavi,4) | Skin.String(HomePosNavi,5) | Skin.String(HomePosNavi,6)]">Navigation2</include>
		<include condition="Skin.HasSetting(Hide1024x600Fix) + Skin.String(HomePosNavi,3) + ![Skin.String(HomePosNavi,1) | Skin.String(HomePosNavi,2) | Skin.String(HomePosNavi,4) | Skin.String(HomePosNavi,5) | Skin.String(HomePosNavi,6)]">Navigation3</include>
		<include condition="Skin.HasSetting(Hide1024x600Fix) + Skin.String(HomePosNavi,4) + ![Skin.String(HomePosNavi,1) | Skin.String(HomePosNavi,2) | Skin.String(HomePosNavi,3) | Skin.String(HomePosNavi,5) | Skin.String(HomePosNavi,6)]">Navigation4</include>
		<include condition="Skin.HasSetting(Hide1024x600Fix) + Skin.String(HomePosNavi,5) + ![Skin.String(HomePosNavi,1) | Skin.String(HomePosNavi,2) | Skin.String(HomePosNavi,3) | Skin.String(HomePosNavi,4) | Skin.String(HomePosNavi,6)]">Navigation5</include>
		<include condition="Skin.HasSetting(Hide1024x600Fix) + Skin.String(HomePosNavi,6) + ![Skin.String(HomePosNavi,1) | Skin.String(HomePosNavi,2) | Skin.String(HomePosNavi,3) | Skin.String(HomePosNavi,4) | Skin.String(HomePosNavi,5)]">Navigation6</include> 
		<include condition="Skin.HasSetting(Hide1024x600Fix) + Skin.String(HomePosSettings,1) + ![Skin.String(HomePosSettings,2) | Skin.String(HomePosSettings,3) | Skin.String(HomePosSettings,4) | Skin.String(HomePosSettings,5) | Skin.String(HomePosSettings,6)]">Settings1</include>
		<include condition="Skin.HasSetting(Hide1024x600Fix) + Skin.String(HomePosSettings,2) + ![Skin.String(HomePosSettings,1) | Skin.String(HomePosSettings,3) | Skin.String(HomePosSettings,4) | Skin.String(HomePosSettings,5) | Skin.String(HomePosSettings,6)]">Settings2</include>
		<include condition="Skin.HasSetting(Hide1024x600Fix) + Skin.String(HomePosSettings,3) + ![Skin.String(HomePosSettings,1) | Skin.String(HomePosSettings,2) | Skin.String(HomePosSettings,4) | Skin.String(HomePosSettings,5) | Skin.String(HomePosSettings,6)]">Settings3</include>
		<include condition="Skin.HasSetting(Hide1024x600Fix) + Skin.String(HomePosSettings,4) + ![Skin.String(HomePosSettings,1) | Skin.String(HomePosSettings,2) | Skin.String(HomePosSettings,3) | Skin.String(HomePosSettings,5) | Skin.String(HomePosSettings,6)]">Settings4</include>
		<include condition="Skin.HasSetting(Hide1024x600Fix) + Skin.String(HomePosSettings,5) + ![Skin.String(HomePosSettings,1) | Skin.String(HomePosSettings,2) | Skin.String(HomePosSettings,3) | Skin.String(HomePosSettings,4) | Skin.String(HomePosSettings,6)]">Settings5</include>
		<include condition="Skin.HasSetting(Hide1024x600Fix) + Skin.String(HomePosSettings,6) + ![Skin.String(HomePosSettings,1) | Skin.String(HomePosSettings,2) | Skin.String(HomePosSettings,3) | Skin.String(HomePosSettings,4) | Skin.String(HomePosSettings,5)]">Settings6</include> 
		<include condition="Skin.HasSetting(Hide1024x600Fix) + Skin.String(HomePosShutdown,1) + ![Skin.String(HomePosShutdown,2) | Skin.String(HomePosShutdown,3) | Skin.String(HomePosShutdown,4) | Skin.String(HomePosShutdown,5) | Skin.String(HomePosShutdown,6)]">Shutdown1</include>
		<include condition="Skin.HasSetting(Hide1024x600Fix) + Skin.String(HomePosShutdown,2) + ![Skin.String(HomePosShutdown,1) | Skin.String(HomePosShutdown,3) | Skin.String(HomePosShutdown,4) | Skin.String(HomePosShutdown,5) | Skin.String(HomePosShutdown,6)]">Shutdown2</include>
		<include condition="Skin.HasSetting(Hide1024x600Fix) + Skin.String(HomePosShutdown,3) + ![Skin.String(HomePosShutdown,1) | Skin.String(HomePosShutdown,2) | Skin.String(HomePosShutdown,4) | Skin.String(HomePosShutdown,5) | Skin.String(HomePosShutdown,6)]">Shutdown3</include>
		<include condition="Skin.HasSetting(Hide1024x600Fix) + Skin.String(HomePosShutdown,4) + ![Skin.String(HomePosShutdown,1) | Skin.String(HomePosShutdown,2) | Skin.String(HomePosShutdown,3) | Skin.String(HomePosShutdown,5) | Skin.String(HomePosShutdown,6)]">Shutdown4</include>
		<include condition="Skin.HasSetting(Hide1024x600Fix) + Skin.String(HomePosShutdown,5) + ![Skin.String(HomePosShutdown,1) | Skin.String(HomePosShutdown,2) | Skin.String(HomePosShutdown,3) | Skin.String(HomePosShutdown,4) | Skin.String(HomePosShutdown,6)]">Shutdown5</include>
		<include condition="Skin.HasSetting(Hide1024x600Fix) + Skin.String(HomePosShutdown,6) + ![Skin.String(HomePosShutdown,1) | Skin.String(HomePosShutdown,2) | Skin.String(HomePosShutdown,3) | Skin.String(HomePosShutdown,4) | Skin.String(HomePosShutdown,5)]">Shutdown6</include> 
		<include condition="Skin.HasSetting(Hide1024x600Fix) + Skin.String(HomePosShutdownNoDialog,1) + ![Skin.String(HomePosShutdownNoDialog,2) | Skin.String(HomePosShutdownNoDialog,3) | Skin.String(HomePosShutdownNoDialog,4) | Skin.String(HomePosShutdownNoDialog,5) | Skin.String(HomePosShutdownNoDialog,6)]">ShutdownNoDialog1</include>
		<include condition="Skin.HasSetting(Hide1024x600Fix) + Skin.String(HomePosShutdownNoDialog,2) + ![Skin.String(HomePosShutdownNoDialog,1) | Skin.String(HomePosShutdownNoDialog,3) | Skin.String(HomePosShutdownNoDialog,4) | Skin.String(HomePosShutdownNoDialog,5) | Skin.String(HomePosShutdownNoDialog,6)]">ShutdownNoDialog2</include>
		<include condition="Skin.HasSetting(Hide1024x600Fix) + Skin.String(HomePosShutdownNoDialog,3) + ![Skin.String(HomePosShutdownNoDialog,1) | Skin.String(HomePosShutdownNoDialog,2) | Skin.String(HomePosShutdownNoDialog,4) | Skin.String(HomePosShutdownNoDialog,5) | Skin.String(HomePosShutdownNoDialog,6)]">ShutdownNoDialog3</include>
		<include condition="Skin.HasSetting(Hide1024x600Fix) + Skin.String(HomePosShutdownNoDialog,4) + ![Skin.String(HomePosShutdownNoDialog,1) | Skin.String(HomePosShutdownNoDialog,2) | Skin.String(HomePosShutdownNoDialog,3) | Skin.String(HomePosShutdownNoDialog,5) | Skin.String(HomePosShutdownNoDialog,6)]">ShutdownNoDialog4</include>
		<include condition="Skin.HasSetting(Hide1024x600Fix) + Skin.String(HomePosShutdownNoDialog,5) + ![Skin.String(HomePosShutdownNoDialog,1) | Skin.String(HomePosShutdownNoDialog,2) | Skin.String(HomePosShutdownNoDialog,3) | Skin.String(HomePosShutdownNoDialog,4) | Skin.String(HomePosShutdownNoDialog,6)]">ShutdownNoDialog5</include>
		<include condition="Skin.HasSetting(Hide1024x600Fix) + Skin.String(HomePosShutdownNoDialog,6) + ![Skin.String(HomePosShutdownNoDialog,1) | Skin.String(HomePosShutdownNoDialog,2) | Skin.String(HomePosShutdownNoDialog,3) | Skin.String(HomePosShutdownNoDialog,4) | Skin.String(HomePosShutdownNoDialog,5)]">ShutdownNoDialog6</include> 
		<include condition="Skin.HasSetting(Hide1024x600Fix) + Skin.String(HomePosWeather,1) + ![Skin.String(HomePosWeather,2) | Skin.String(HomePosWeather,3) | Skin.String(HomePosWeather,4) | Skin.String(HomePosWeather,5) | Skin.String(HomePosWeather,6)]">Weather1</include>
		<include condition="Skin.HasSetting(Hide1024x600Fix) + Skin.String(HomePosWeather,2) + ![Skin.String(HomePosWeather,1) | Skin.String(HomePosWeather,3) | Skin.String(HomePosWeather,4) | Skin.String(HomePosWeather,5) | Skin.String(HomePosWeather,6)]">Weather2</include>
		<include condition="Skin.HasSetting(Hide1024x600Fix) + Skin.String(HomePosWeather,3) + ![Skin.String(HomePosWeather,1) | Skin.String(HomePosWeather,2) | Skin.String(HomePosWeather,4) | Skin.String(HomePosWeather,5) | Skin.String(HomePosWeather,6)]">Weather3</include>
		<include condition="Skin.HasSetting(Hide1024x600Fix) + Skin.String(HomePosWeather,4) + ![Skin.String(HomePosWeather,1) | Skin.String(HomePosWeather,2) | Skin.String(HomePosWeather,3) | Skin.String(HomePosWeather,5) | Skin.String(HomePosWeather,6)]">Weather4</include>
		<include condition="Skin.HasSetting(Hide1024x600Fix) + Skin.String(HomePosWeather,5) + ![Skin.String(HomePosWeather,1) | Skin.String(HomePosWeather,2) | Skin.String(HomePosWeather,3) | Skin.String(HomePosWeather,4) | Skin.String(HomePosWeather,6)]">Weather5</include>
		<include condition="Skin.HasSetting(Hide1024x600Fix) + Skin.String(HomePosWeather,6) + ![Skin.String(HomePosWeather,1) | Skin.String(HomePosWeather,2) | Skin.String(HomePosWeather,3) | Skin.String(HomePosWeather,4) | Skin.String(HomePosWeather,5)]">Weather6</include> 
		<include condition="Skin.HasSetting(Hide1024x600Fix) + Skin.String(HomePos3G,1) + ![Skin.String(HomePos3G,2) | Skin.String(HomePos3G,3) | Skin.String(HomePos3G,4) | Skin.String(HomePos3G,5) | Skin.String(HomePos3G,6)]">Connect3G1</include>
		<include condition="Skin.HasSetting(Hide1024x600Fix) + Skin.String(HomePos3G,2) + ![Skin.String(HomePos3G,1) | Skin.String(HomePos3G,3) | Skin.String(HomePos3G,4) | Skin.String(HomePos3G,5) | Skin.String(HomePos3G,6)]">Connect3G2</include>
		<include condition="Skin.HasSetting(Hide1024x600Fix) + Skin.String(HomePos3G,3) + ![Skin.String(HomePos3G,1) | Skin.String(HomePos3G,2) | Skin.String(HomePos3G,4) | Skin.String(HomePos3G,5) | Skin.String(HomePos3G,6)]">Connect3G3</include>
		<include condition="Skin.HasSetting(Hide1024x600Fix) + Skin.String(HomePos3G,4) + ![Skin.String(HomePos3G,1) | Skin.String(HomePos3G,2) | Skin.String(HomePos3G,3) | Skin.String(HomePos3G,5) | Skin.String(HomePos3G,6)]">Connect3G4</include>
		<include condition="Skin.HasSetting(Hide1024x600Fix) + Skin.String(HomePos3G,5) + ![Skin.String(HomePos3G,1) | Skin.String(HomePos3G,2) | Skin.String(HomePos3G,3) | Skin.String(HomePos3G,4) | Skin.String(HomePos3G,6)]">Connect3G5</include>
		<include condition="Skin.HasSetting(Hide1024x600Fix) + Skin.String(HomePos3G,6) + ![Skin.String(HomePos3G,1) | Skin.String(HomePos3G,2) | Skin.String(HomePos3G,3) | Skin.String(HomePos3G,4) | Skin.String(HomePos3G,5)]">Connect3G6</include> 
		<include condition="Skin.HasSetting(Hide1024x600Fix) + Skin.String(HomePosOBD,1) + ![Skin.String(HomePosOBD,2) | Skin.String(HomePosOBD,3) | Skin.String(HomePosOBD,4) | Skin.String(HomePosOBD,5) | Skin.String(HomePosOBD,6)]">OBD1</include>
		<include condition="Skin.HasSetting(Hide1024x600Fix) + Skin.String(HomePosOBD,2) + ![Skin.String(HomePosOBD,1) | Skin.String(HomePosOBD,3) | Skin.String(HomePosOBD,4) | Skin.String(HomePosOBD,5) | Skin.String(HomePosOBD,6)]">OBD2</include>
		<include condition="Skin.HasSetting(Hide1024x600Fix) + Skin.String(HomePosOBD,3) + ![Skin.String(HomePosOBD,1) | Skin.String(HomePosOBD,2) | Skin.String(HomePosOBD,4) | Skin.String(HomePosOBD,5) | Skin.String(HomePosOBD,6)]">OBD3</include>
		<include condition="Skin.HasSetting(Hide1024x600Fix) + Skin.String(HomePosOBD,4) + ![Skin.String(HomePosOBD,1) | Skin.String(HomePosOBD,2) | Skin.String(HomePosOBD,3) | Skin.String(HomePosOBD,5) | Skin.String(HomePosOBD,6)]">OBD4</include>
		<include condition="Skin.HasSetting(Hide1024x600Fix) + Skin.String(HomePosOBD,5) + ![Skin.String(HomePosOBD,1) | Skin.String(HomePosOBD,2) | Skin.String(HomePosOBD,3) | Skin.String(HomePosOBD,4) | Skin.String(HomePosOBD,6)]">OBD5</include>
		<include condition="Skin.HasSetting(Hide1024x600Fix) + Skin.String(HomePosOBD,6) + ![Skin.String(HomePosOBD,1) | Skin.String(HomePosOBD,2) | Skin.String(HomePosOBD,3) | Skin.String(HomePosOBD,4) | Skin.String(HomePosOBD,5)]">OBD6</include> 
		<include condition="Skin.HasSetting(Hide1024x600Fix) + Skin.String(CustomHomeButtonPos,1) + ![Skin.String(CustomHomeButtonPos,2) | Skin.String(CustomHomeButtonPos,3) | Skin.String(CustomHomeButtonPos,4) | Skin.String(CustomHomeButtonPos,5) | Skin.String(CustomHomeButtonPos,6)]">CustomButton1</include>
		<include condition="Skin.HasSetting(Hide1024x600Fix) + Skin.String(CustomHomeButtonPos,2) + ![Skin.String(CustomHomeButtonPos,1) | Skin.String(CustomHomeButtonPos,3) | Skin.String(CustomHomeButtonPos,4) | Skin.String(CustomHomeButtonPos,5) | Skin.String(CustomHomeButtonPos,6)]">CustomButton2</include>
		<include condition="Skin.HasSetting(Hide1024x600Fix) + Skin.String(CustomHomeButtonPos,3) + ![Skin.String(CustomHomeButtonPos,1) | Skin.String(CustomHomeButtonPos,2) | Skin.String(CustomHomeButtonPos,4) | Skin.String(CustomHomeButtonPos,5) | Skin.String(CustomHomeButtonPos,6)]">CustomButton3</include>
		<include condition="Skin.HasSetting(Hide1024x600Fix) + Skin.String(CustomHomeButtonPos,4) + ![Skin.String(CustomHomeButtonPos,1) | Skin.String(CustomHomeButtonPos,2) | Skin.String(CustomHomeButtonPos,3) | Skin.String(CustomHomeButtonPos,5) | Skin.String(CustomHomeButtonPos,6)]">CustomButton4</include>
		<include condition="Skin.HasSetting(Hide1024x600Fix) + Skin.String(CustomHomeButtonPos,5) + ![Skin.String(CustomHomeButtonPos,1) | Skin.String(CustomHomeButtonPos,2) | Skin.String(CustomHomeButtonPos,3) | Skin.String(CustomHomeButtonPos,4) | Skin.String(CustomHomeButtonPos,6)]">CustomButton5</include>
		<include condition="Skin.HasSetting(Hide1024x600Fix) + Skin.String(CustomHomeButtonPos,6) + ![Skin.String(CustomHomeButtonPos,1) | Skin.String(CustomHomeButtonPos,2) | Skin.String(CustomHomeButtonPos,3) | Skin.String(CustomHomeButtonPos,4) | Skin.String(CustomHomeButtonPos,5)]">CustomButton6</include> 
		<include condition="Skin.HasSetting(Hide1024x600Fix) + Skin.String(CustomHomeButton3Pos,1) + ![Skin.String(CustomHomeButton3Pos,2) | Skin.String(CustomHomeButton3Pos,3) | Skin.String(CustomHomeButton3Pos,4) | Skin.String(CustomHomeButton3Pos,5) | Skin.String(CustomHomeButton3Pos,6)]">CustomButton2-1</include>
		<include condition="Skin.HasSetting(Hide1024x600Fix) + Skin.String(CustomHomeButton3Pos,2) + ![Skin.String(CustomHomeButton3Pos,1) | Skin.String(CustomHomeButton3Pos,3) | Skin.String(CustomHomeButton3Pos,4) | Skin.String(CustomHomeButton3Pos,5) | Skin.String(CustomHomeButton3Pos,6)]">CustomButton2-2</include>
		<include condition="Skin.HasSetting(Hide1024x600Fix) + Skin.String(CustomHomeButton3Pos,3) + ![Skin.String(CustomHomeButton3Pos,1) | Skin.String(CustomHomeButton3Pos,2) | Skin.String(CustomHomeButton3Pos,4) | Skin.String(CustomHomeButton3Pos,5) | Skin.String(CustomHomeButton3Pos,6)]">CustomButton2-3</include>
		<include condition="Skin.HasSetting(Hide1024x600Fix) + Skin.String(CustomHomeButton3Pos,4) + ![Skin.String(CustomHomeButton3Pos,1) | Skin.String(CustomHomeButton3Pos,2) | Skin.String(CustomHomeButton3Pos,3) | Skin.String(CustomHomeButton3Pos,5) | Skin.String(CustomHomeButton3Pos,6)]">CustomButton2-4</include>
		<include condition="Skin.HasSetting(Hide1024x600Fix) + Skin.String(CustomHomeButton3Pos,5) + ![Skin.String(CustomHomeButton3Pos,1) | Skin.String(CustomHomeButton3Pos,2) | Skin.String(CustomHomeButton3Pos,3) | Skin.String(CustomHomeButton3Pos,4) | Skin.String(CustomHomeButton3Pos,6)]">CustomButton2-5</include>
		<include condition="Skin.HasSetting(Hide1024x600Fix) + Skin.String(CustomHomeButton3Pos,6) + ![Skin.String(CustomHomeButton3Pos,1) | Skin.String(CustomHomeButton3Pos,2) | Skin.String(CustomHomeButton3Pos,3) | Skin.String(CustomHomeButton3Pos,4) | Skin.String(CustomHomeButton3Pos,5)]">CustomButton2-6</include> 
		<include condition="Skin.HasSetting(Hide1024x600Fix) + Skin.String(CustomHomeButton3Pos,1) + ![Skin.String(CustomHomeButton3Pos,2) | Skin.String(CustomHomeButton3Pos,3) | Skin.String(CustomHomeButton3Pos,4) | Skin.String(CustomHomeButton3Pos,5) | Skin.String(CustomHomeButton3Pos,6)]">CustomButton3-1</include>
		<include condition="Skin.HasSetting(Hide1024x600Fix) + Skin.String(CustomHomeButton3Pos,2) + ![Skin.String(CustomHomeButton3Pos,1) | Skin.String(CustomHomeButton3Pos,3) | Skin.String(CustomHomeButton3Pos,4) | Skin.String(CustomHomeButton3Pos,5) | Skin.String(CustomHomeButton3Pos,6)]">CustomButton3-2</include>
		<include condition="Skin.HasSetting(Hide1024x600Fix) + Skin.String(CustomHomeButton3Pos,3) + ![Skin.String(CustomHomeButton3Pos,1) | Skin.String(CustomHomeButton3Pos,2) | Skin.String(CustomHomeButton3Pos,4) | Skin.String(CustomHomeButton3Pos,5) | Skin.String(CustomHomeButton3Pos,6)]">CustomButton3-3</include>
		<include condition="Skin.HasSetting(Hide1024x600Fix) + Skin.String(CustomHomeButton3Pos,4) + ![Skin.String(CustomHomeButton3Pos,1) | Skin.String(CustomHomeButton3Pos,2) | Skin.String(CustomHomeButton3Pos,3) | Skin.String(CustomHomeButton3Pos,5) | Skin.String(CustomHomeButton3Pos,6)]">CustomButton3-4</include>
		<include condition="Skin.HasSetting(Hide1024x600Fix) + Skin.String(CustomHomeButton3Pos,5) + ![Skin.String(CustomHomeButton3Pos,1) | Skin.String(CustomHomeButton3Pos,2) | Skin.String(CustomHomeButton3Pos,3) | Skin.String(CustomHomeButton3Pos,4) | Skin.String(CustomHomeButton3Pos,6)]">CustomButton3-5</include>
		<include condition="Skin.HasSetting(Hide1024x600Fix) + Skin.String(CustomHomeButton3Pos,6) + ![Skin.String(CustomHomeButton3Pos,1) | Skin.String(CustomHomeButton3Pos,2) | Skin.String(CustomHomeButton3Pos,3) | Skin.String(CustomHomeButton3Pos,4) | Skin.String(CustomHomeButton3Pos,5)]">CustomButton3-6</include>


<!-- Homebuttons 1024x600Fix -->
		<include condition="!Skin.HasSetting(Hide1024x600Fix) + Skin.String(HomePosRadio,1) + ![Skin.String(HomePosRadio,2) | Skin.String(HomePosRadio,3) | Skin.String(HomePosRadio,4) | Skin.String(HomePosRadio,5) | Skin.String(HomePosRadio,6)]">RadioFix1</include>
		<include condition="!Skin.HasSetting(Hide1024x600Fix) + Skin.String(HomePosRadio,2) + ![Skin.String(HomePosRadio,1) | Skin.String(HomePosRadio,3) | Skin.String(HomePosRadio,4) | Skin.String(HomePosRadio,5) | Skin.String(HomePosRadio,6)]">RadioFix2</include>
		<include condition="!Skin.HasSetting(Hide1024x600Fix) + Skin.String(HomePosRadio,3) + ![Skin.String(HomePosRadio,1) | Skin.String(HomePosRadio,2) | Skin.String(HomePosRadio,4) | Skin.String(HomePosRadio,5) | Skin.String(HomePosRadio,6)]">RadioFix3</include>
		<include condition="!Skin.HasSetting(Hide1024x600Fix) + Skin.String(HomePosRadio,4) + ![Skin.String(HomePosRadio,1) | Skin.String(HomePosRadio,2) | Skin.String(HomePosRadio,3) | Skin.String(HomePosRadio,5) | Skin.String(HomePosRadio,6)]">RadioFix4</include>
		<include condition="!Skin.HasSetting(Hide1024x600Fix) + Skin.String(HomePosRadio,5) + ![Skin.String(HomePosRadio,1) | Skin.String(HomePosRadio,2) | Skin.String(HomePosRadio,3) | Skin.String(HomePosRadio,4) | Skin.String(HomePosRadio,6)]">RadioFix5</include>
		<include condition="!Skin.HasSetting(Hide1024x600Fix) + Skin.String(HomePosRadio,6) + ![Skin.String(HomePosRadio,1) | Skin.String(HomePosRadio,2) | Skin.String(HomePosRadio,3) | Skin.String(HomePosRadio,4) | Skin.String(HomePosRadio,5)]">RadioFix6</include> 
		<include condition="!Skin.HasSetting(Hide1024x600Fix) + Skin.String(HomePosMusic,1) + ![Skin.String(HomePosMusic,2) | Skin.String(HomePosMusic,3) | Skin.String(HomePosMusic,4) | Skin.String(HomePosMusic,5) | Skin.String(HomePosMusic,6)]">MusicFix1</include>
		<include condition="!Skin.HasSetting(Hide1024x600Fix) + Skin.String(HomePosMusic,2) + ![Skin.String(HomePosMusic,1) | Skin.String(HomePosMusic,3) | Skin.String(HomePosMusic,4) | Skin.String(HomePosMusic,5) | Skin.String(HomePosMusic,6)]">MusicFix2</include>
		<include condition="!Skin.HasSetting(Hide1024x600Fix) + Skin.String(HomePosMusic,3) + ![Skin.String(HomePosMusic,1) | Skin.String(HomePosMusic,2) | Skin.String(HomePosMusic,4) | Skin.String(HomePosMusic,5) | Skin.String(HomePosMusic,6)]">MusicFix3</include>
		<include condition="!Skin.HasSetting(Hide1024x600Fix) + Skin.String(HomePosMusic,4) + ![Skin.String(HomePosMusic,1) | Skin.String(HomePosMusic,2) | Skin.String(HomePosMusic,3) | Skin.String(HomePosMusic,5) | Skin.String(HomePosMusic,6)]">MusicFix4</include>
		<include condition="!Skin.HasSetting(Hide1024x600Fix) + Skin.String(HomePosMusic,5) + ![Skin.String(HomePosMusic,1) | Skin.String(HomePosMusic,2) | Skin.String(HomePosMusic,3) | Skin.String(HomePosMusic,4) | Skin.String(HomePosMusic,6)]">MusicFix5</include>
		<include condition="!Skin.HasSetting(Hide1024x600Fix) + Skin.String(HomePosMusic,6) + ![Skin.String(HomePosMusic,1) | Skin.String(HomePosMusic,2) | Skin.String(HomePosMusic,3) | Skin.String(HomePosMusic,4) | Skin.String(HomePosMusic,5)]">MusicFix6</include> 
		<include condition="!Skin.HasSetting(Hide1024x600Fix) + Skin.String(HomePosVideo,1) + ![Skin.String(HomePosVideo,2) | Skin.String(HomePosVideo,3) | Skin.String(HomePosVideo,4) | Skin.String(HomePosVideo,5) | Skin.String(HomePosVideo,6)]">VideoFix1</include>
		<include condition="!Skin.HasSetting(Hide1024x600Fix) + Skin.String(HomePosVideo,2) + ![Skin.String(HomePosVideo,1) | Skin.String(HomePosVideo,3) | Skin.String(HomePosVideo,4) | Skin.String(HomePosVideo,5) | Skin.String(HomePosVideo,6)]">VideoFix2</include>
		<include condition="!Skin.HasSetting(Hide1024x600Fix) + Skin.String(HomePosVideo,3) + ![Skin.String(HomePosVideo,1) | Skin.String(HomePosVideo,2) | Skin.String(HomePosVideo,4) | Skin.String(HomePosVideo,5) | Skin.String(HomePosVideo,6)]">VideoFix3</include>
		<include condition="!Skin.HasSetting(Hide1024x600Fix) + Skin.String(HomePosVideo,4) + ![Skin.String(HomePosVideo,1) | Skin.String(HomePosVideo,2) | Skin.String(HomePosVideo,3) | Skin.String(HomePosVideo,5) | Skin.String(HomePosVideo,6)]">VideoFix4</include>
		<include condition="!Skin.HasSetting(Hide1024x600Fix) + Skin.String(HomePosVideo,5) + ![Skin.String(HomePosVideo,1) | Skin.String(HomePosVideo,2) | Skin.String(HomePosVideo,3) | Skin.String(HomePosVideo,4) | Skin.String(HomePosVideo,6)]">VideoFix5</include>
		<include condition="!Skin.HasSetting(Hide1024x600Fix) + Skin.String(HomePosVideo,6) + ![Skin.String(HomePosVideo,1) | Skin.String(HomePosVideo,2) | Skin.String(HomePosVideo,3) | Skin.String(HomePosVideo,4) | Skin.String(HomePosVideo,5)]">VideoFix6</include> 
		<include condition="!Skin.HasSetting(Hide1024x600Fix) + Skin.String(HomePosNavi,1) + ![Skin.String(HomePosNavi,2) | Skin.String(HomePosNavi,3) | Skin.String(HomePosNavi,4) | Skin.String(HomePosNavi,5) | Skin.String(HomePosNavi,6)]">NavigationFix1</include>
		<include condition="!Skin.HasSetting(Hide1024x600Fix) + Skin.String(HomePosNavi,2) + ![Skin.String(HomePosNavi,1) | Skin.String(HomePosNavi,3) | Skin.String(HomePosNavi,4) | Skin.String(HomePosNavi,5) | Skin.String(HomePosNavi,6)]">NavigationFix2</include>
		<include condition="!Skin.HasSetting(Hide1024x600Fix) + Skin.String(HomePosNavi,3) + ![Skin.String(HomePosNavi,1) | Skin.String(HomePosNavi,2) | Skin.String(HomePosNavi,4) | Skin.String(HomePosNavi,5) | Skin.String(HomePosNavi,6)]">NavigationFix3</include>
		<include condition="!Skin.HasSetting(Hide1024x600Fix) + Skin.String(HomePosNavi,4) + ![Skin.String(HomePosNavi,1) | Skin.String(HomePosNavi,2) | Skin.String(HomePosNavi,3) | Skin.String(HomePosNavi,5) | Skin.String(HomePosNavi,6)]">NavigationFix4</include>
		<include condition="!Skin.HasSetting(Hide1024x600Fix) + Skin.String(HomePosNavi,5) + ![Skin.String(HomePosNavi,1) | Skin.String(HomePosNavi,2) | Skin.String(HomePosNavi,3) | Skin.String(HomePosNavi,4) | Skin.String(HomePosNavi,6)]">NavigationFix5</include>
		<include condition="!Skin.HasSetting(Hide1024x600Fix) + Skin.String(HomePosNavi,6) + ![Skin.String(HomePosNavi,1) | Skin.String(HomePosNavi,2) | Skin.String(HomePosNavi,3) | Skin.String(HomePosNavi,4) | Skin.String(HomePosNavi,5)]">NavigationFix6</include> 
		<include condition="!Skin.HasSetting(Hide1024x600Fix) + Skin.String(HomePosSettings,1) + ![Skin.String(HomePosSettings,2) | Skin.String(HomePosSettings,3) | Skin.String(HomePosSettings,4) | Skin.String(HomePosSettings,5) | Skin.String(HomePosSettings,6)]">SettingsFix1</include>
		<include condition="!Skin.HasSetting(Hide1024x600Fix) + Skin.String(HomePosSettings,2) + ![Skin.String(HomePosSettings,1) | Skin.String(HomePosSettings,3) | Skin.String(HomePosSettings,4) | Skin.String(HomePosSettings,5) | Skin.String(HomePosSettings,6)]">SettingsFix2</include>
		<include condition="!Skin.HasSetting(Hide1024x600Fix) + Skin.String(HomePosSettings,3) + ![Skin.String(HomePosSettings,1) | Skin.String(HomePosSettings,2) | Skin.String(HomePosSettings,4) | Skin.String(HomePosSettings,5) | Skin.String(HomePosSettings,6)]">SettingsFix3</include>
		<include condition="!Skin.HasSetting(Hide1024x600Fix) + Skin.String(HomePosSettings,4) + ![Skin.String(HomePosSettings,1) | Skin.String(HomePosSettings,2) | Skin.String(HomePosSettings,3) | Skin.String(HomePosSettings,5) | Skin.String(HomePosSettings,6)]">SettingsFix4</include>
		<include condition="!Skin.HasSetting(Hide1024x600Fix) + Skin.String(HomePosSettings,5) + ![Skin.String(HomePosSettings,1) | Skin.String(HomePosSettings,2) | Skin.String(HomePosSettings,3) | Skin.String(HomePosSettings,4) | Skin.String(HomePosSettings,6)]">SettingsFix5</include>
		<include condition="!Skin.HasSetting(Hide1024x600Fix) + Skin.String(HomePosSettings,6) + ![Skin.String(HomePosSettings,1) | Skin.String(HomePosSettings,2) | Skin.String(HomePosSettings,3) | Skin.String(HomePosSettings,4) | Skin.String(HomePosSettings,5)]">SettingsFix6</include> 
		<include condition="!Skin.HasSetting(Hide1024x600Fix) + Skin.String(HomePosShutdown,1) + ![Skin.String(HomePosShutdown,2) | Skin.String(HomePosShutdown,3) | Skin.String(HomePosShutdown,4) | Skin.String(HomePosShutdown,5) | Skin.String(HomePosShutdown,6)]">ShutdownFix1</include>
		<include condition="!Skin.HasSetting(Hide1024x600Fix) + Skin.String(HomePosShutdown,2) + ![Skin.String(HomePosShutdown,1) | Skin.String(HomePosShutdown,3) | Skin.String(HomePosShutdown,4) | Skin.String(HomePosShutdown,5) | Skin.String(HomePosShutdown,6)]">ShutdownFix2</include>
		<include condition="!Skin.HasSetting(Hide1024x600Fix) + Skin.String(HomePosShutdown,3) + ![Skin.String(HomePosShutdown,1) | Skin.String(HomePosShutdown,2) | Skin.String(HomePosShutdown,4) | Skin.String(HomePosShutdown,5) | Skin.String(HomePosShutdown,6)]">ShutdownFix3</include>
		<include condition="!Skin.HasSetting(Hide1024x600Fix) + Skin.String(HomePosShutdown,4) + ![Skin.String(HomePosShutdown,1) | Skin.String(HomePosShutdown,2) | Skin.String(HomePosShutdown,3) | Skin.String(HomePosShutdown,5) | Skin.String(HomePosShutdown,6)]">ShutdownFix4</include>
		<include condition="!Skin.HasSetting(Hide1024x600Fix) + Skin.String(HomePosShutdown,5) + ![Skin.String(HomePosShutdown,1) | Skin.String(HomePosShutdown,2) | Skin.String(HomePosShutdown,3) | Skin.String(HomePosShutdown,4) | Skin.String(HomePosShutdown,6)]">ShutdownFix5</include>
		<include condition="!Skin.HasSetting(Hide1024x600Fix) + Skin.String(HomePosShutdown,6) + ![Skin.String(HomePosShutdown,1) | Skin.String(HomePosShutdown,2) | Skin.String(HomePosShutdown,3) | Skin.String(HomePosShutdown,4) | Skin.String(HomePosShutdown,5)]">ShutdownFix6</include> 
		<include condition="!Skin.HasSetting(Hide1024x600Fix) + Skin.String(HomePosShutdownNoDialog,1) + ![Skin.String(HomePosShutdownNoDialog,2) | Skin.String(HomePosShutdownNoDialog,3) | Skin.String(HomePosShutdownNoDialog,4) | Skin.String(HomePosShutdownNoDialog,5) | Skin.String(HomePosShutdownNoDialog,6)]">ShutdownNoDialogFix1</include>
		<include condition="!Skin.HasSetting(Hide1024x600Fix) + Skin.String(HomePosShutdownNoDialog,2) + ![Skin.String(HomePosShutdownNoDialog,1) | Skin.String(HomePosShutdownNoDialog,3) | Skin.String(HomePosShutdownNoDialog,4) | Skin.String(HomePosShutdownNoDialog,5) | Skin.String(HomePosShutdownNoDialog,6)]">ShutdownNoDialogFix2</include>
		<include condition="!Skin.HasSetting(Hide1024x600Fix) + Skin.String(HomePosShutdownNoDialog,3) + ![Skin.String(HomePosShutdownNoDialog,1) | Skin.String(HomePosShutdownNoDialog,2) | Skin.String(HomePosShutdownNoDialog,4) | Skin.String(HomePosShutdownNoDialog,5) | Skin.String(HomePosShutdownNoDialog,6)]">ShutdownNoDialogFix3</include>
		<include condition="!Skin.HasSetting(Hide1024x600Fix) + Skin.String(HomePosShutdownNoDialog,4) + ![Skin.String(HomePosShutdownNoDialog,1) | Skin.String(HomePosShutdownNoDialog,2) | Skin.String(HomePosShutdownNoDialog,3) | Skin.String(HomePosShutdownNoDialog,5) | Skin.String(HomePosShutdownNoDialog,6)]">ShutdownNoDialogFix4</include>
		<include condition="!Skin.HasSetting(Hide1024x600Fix) + Skin.String(HomePosShutdownNoDialog,5) + ![Skin.String(HomePosShutdownNoDialog,1) | Skin.String(HomePosShutdownNoDialog,2) | Skin.String(HomePosShutdownNoDialog,3) | Skin.String(HomePosShutdownNoDialog,4) | Skin.String(HomePosShutdownNoDialog,6)]">ShutdownNoDialogFix5</include>
		<include condition="!Skin.HasSetting(Hide1024x600Fix) + Skin.String(HomePosShutdownNoDialog,6) + ![Skin.String(HomePosShutdownNoDialog,1) | Skin.String(HomePosShutdownNoDialog,2) | Skin.String(HomePosShutdownNoDialog,3) | Skin.String(HomePosShutdownNoDialog,4) | Skin.String(HomePosShutdownNoDialog,5)]">ShutdownNoDialogFix6</include> 
		<include condition="!Skin.HasSetting(Hide1024x600Fix) + Skin.String(HomePosWeather,1) + ![Skin.String(HomePosWeather,2) | Skin.String(HomePosWeather,3) | Skin.String(HomePosWeather,4) | Skin.String(HomePosWeather,5) | Skin.String(HomePosWeather,6)]">WeatherFix1</include>
		<include condition="!Skin.HasSetting(Hide1024x600Fix) + Skin.String(HomePosWeather,2) + ![Skin.String(HomePosWeather,1) | Skin.String(HomePosWeather,3) | Skin.String(HomePosWeather,4) | Skin.String(HomePosWeather,5) | Skin.String(HomePosWeather,6)]">WeatherFix2</include>
		<include condition="!Skin.HasSetting(Hide1024x600Fix) + Skin.String(HomePosWeather,3) + ![Skin.String(HomePosWeather,1) | Skin.String(HomePosWeather,2) | Skin.String(HomePosWeather,4) | Skin.String(HomePosWeather,5) | Skin.String(HomePosWeather,6)]">WeatherFix3</include>
		<include condition="!Skin.HasSetting(Hide1024x600Fix) + Skin.String(HomePosWeather,4) + ![Skin.String(HomePosWeather,1) | Skin.String(HomePosWeather,2) | Skin.String(HomePosWeather,3) | Skin.String(HomePosWeather,5) | Skin.String(HomePosWeather,6)]">WeatherFix4</include>
		<include condition="!Skin.HasSetting(Hide1024x600Fix) + Skin.String(HomePosWeather,5) + ![Skin.String(HomePosWeather,1) | Skin.String(HomePosWeather,2) | Skin.String(HomePosWeather,3) | Skin.String(HomePosWeather,4) | Skin.String(HomePosWeather,6)]">WeatherFix5</include>
		<include condition="!Skin.HasSetting(Hide1024x600Fix) + Skin.String(HomePosWeather,6) + ![Skin.String(HomePosWeather,1) | Skin.String(HomePosWeather,2) | Skin.String(HomePosWeather,3) | Skin.String(HomePosWeather,4) | Skin.String(HomePosWeather,5)]">WeatherFix6</include> 
		<include condition="!Skin.HasSetting(Hide1024x600Fix) + Skin.String(HomePos3G,1) + ![Skin.String(HomePos3G,2) | Skin.String(HomePos3G,3) | Skin.String(HomePos3G,4) | Skin.String(HomePos3G,5) | Skin.String(HomePos3G,6)]">3GFix1</include>
		<include condition="!Skin.HasSetting(Hide1024x600Fix) + Skin.String(HomePos3G,2) + ![Skin.String(HomePos3G,1) | Skin.String(HomePos3G,3) | Skin.String(HomePos3G,4) | Skin.String(HomePos3G,5) | Skin.String(HomePos3G,6)]">3GFix2</include>
		<include condition="!Skin.HasSetting(Hide1024x600Fix) + Skin.String(HomePos3G,3) + ![Skin.String(HomePos3G,1) | Skin.String(HomePos3G,2) | Skin.String(HomePos3G,4) | Skin.String(HomePos3G,5) | Skin.String(HomePos3G,6)]">3GFix3</include>
		<include condition="!Skin.HasSetting(Hide1024x600Fix) + Skin.String(HomePos3G,4) + ![Skin.String(HomePos3G,1) | Skin.String(HomePos3G,2) | Skin.String(HomePos3G,3) | Skin.String(HomePos3G,5) | Skin.String(HomePos3G,6)]">3GFix4</include>
		<include condition="!Skin.HasSetting(Hide1024x600Fix) + Skin.String(HomePos3G,5) + ![Skin.String(HomePos3G,1) | Skin.String(HomePos3G,2) | Skin.String(HomePos3G,3) | Skin.String(HomePos3G,4) | Skin.String(HomePos3G,6)]">3GFix5</include>
		<include condition="!Skin.HasSetting(Hide1024x600Fix) + Skin.String(HomePos3G,6) + ![Skin.String(HomePos3G,1) | Skin.String(HomePos3G,2) | Skin.String(HomePos3G,3) | Skin.String(HomePos3G,4) | Skin.String(HomePos3G,5)]">3GFix6</include> 
		<include condition="!Skin.HasSetting(Hide1024x600Fix) + Skin.String(HomePosOBD,1) + ![Skin.String(HomePosOBD,2) | Skin.String(HomePosOBD,3) | Skin.String(HomePosOBD,4) | Skin.String(HomePosOBD,5) | Skin.String(HomePosOBD,6)]">OBDFix1</include>
		<include condition="!Skin.HasSetting(Hide1024x600Fix) + Skin.String(HomePosOBD,2) + ![Skin.String(HomePosOBD,1) | Skin.String(HomePosOBD,3) | Skin.String(HomePosOBD,4) | Skin.String(HomePosOBD,5) | Skin.String(HomePosOBD,6)]">OBDFix2</include>
		<include condition="!Skin.HasSetting(Hide1024x600Fix) + Skin.String(HomePosOBD,3) + ![Skin.String(HomePosOBD,1) | Skin.String(HomePosOBD,2) | Skin.String(HomePosOBD,4) | Skin.String(HomePosOBD,5) | Skin.String(HomePosOBD,6)]">OBDFix3</include>
		<include condition="!Skin.HasSetting(Hide1024x600Fix) + Skin.String(HomePosOBD,4) + ![Skin.String(HomePosOBD,1) | Skin.String(HomePosOBD,2) | Skin.String(HomePosOBD,3) | Skin.String(HomePosOBD,5) | Skin.String(HomePosOBD,6)]">OBDFix4</include>
		<include condition="!Skin.HasSetting(Hide1024x600Fix) + Skin.String(HomePosOBD,5) + ![Skin.String(HomePosOBD,1) | Skin.String(HomePosOBD,2) | Skin.String(HomePosOBD,3) | Skin.String(HomePosOBD,4) | Skin.String(HomePosOBD,6)]">OBDFix5</include>
		<include condition="!Skin.HasSetting(Hide1024x600Fix) + Skin.String(HomePosOBD,6) + ![Skin.String(HomePosOBD,1) | Skin.String(HomePosOBD,2) | Skin.String(HomePosOBD,3) | Skin.String(HomePosOBD,4) | Skin.String(HomePosOBD,5)]">OBDFix6</include> 
		<include condition="!Skin.HasSetting(Hide1024x600Fix) + Skin.String(CustomHomeButtonPos,1) + ![Skin.String(CustomHomeButtonPos,2) | Skin.String(CustomHomeButtonPos,3) | Skin.String(CustomHomeButtonPos,4) | Skin.String(CustomHomeButtonPos,5) | Skin.String(CustomHomeButtonPos,6)]">CustomButtonFix1</include>
		<include condition="!Skin.HasSetting(Hide1024x600Fix) + Skin.String(CustomHomeButtonPos,2) + ![Skin.String(CustomHomeButtonPos,1) | Skin.String(CustomHomeButtonPos,3) | Skin.String(CustomHomeButtonPos,4) | Skin.String(CustomHomeButtonPos,5) | Skin.String(CustomHomeButtonPos,6)]">CustomButtonFix2</include>
		<include condition="!Skin.HasSetting(Hide1024x600Fix) + Skin.String(CustomHomeButtonPos,3) + ![Skin.String(CustomHomeButtonPos,1) | Skin.String(CustomHomeButtonPos,2) | Skin.String(CustomHomeButtonPos,4) | Skin.String(CustomHomeButtonPos,5) | Skin.String(CustomHomeButtonPos,6)]">CustomButtonFix3</include>
		<include condition="!Skin.HasSetting(Hide1024x600Fix) + Skin.String(CustomHomeButtonPos,4) + ![Skin.String(CustomHomeButtonPos,1) | Skin.String(CustomHomeButtonPos,2) | Skin.String(CustomHomeButtonPos,3) | Skin.String(CustomHomeButtonPos,5) | Skin.String(CustomHomeButtonPos,6)]">CustomButtonFix4</include>
		<include condition="!Skin.HasSetting(Hide1024x600Fix) + Skin.String(CustomHomeButtonPos,5) + ![Skin.String(CustomHomeButtonPos,1) | Skin.String(CustomHomeButtonPos,2) | Skin.String(CustomHomeButtonPos,3) | Skin.String(CustomHomeButtonPos,4) | Skin.String(CustomHomeButtonPos,6)]">CustomButtonFix5</include>
		<include condition="!Skin.HasSetting(Hide1024x600Fix) + Skin.String(CustomHomeButtonPos,6) + ![Skin.String(CustomHomeButtonPos,1) | Skin.String(CustomHomeButtonPos,2) | Skin.String(CustomHomeButtonPos,3) | Skin.String(CustomHomeButtonPos,4) | Skin.String(CustomHomeButtonPos,5)]">CustomButtonFix6</include> 

		<include condition="!Skin.HasSetting(Hide1024x600Fix) + Skin.String(CustomHomeButton2Pos,1) + ![Skin.String(CustomHomeButton2Pos,2) | Skin.String(CustomHomeButton2Pos,3) | Skin.String(CustomHomeButton2Pos,4) | Skin.String(CustomHomeButton2Pos,5) | Skin.String(CustomHomeButton2Pos,6)]">CustomButton2Fix1</include>
		<include condition="!Skin.HasSetting(Hide1024x600Fix) + Skin.String(CustomHomeButton2Pos,2) + ![Skin.String(CustomHomeButton2Pos,1) | Skin.String(CustomHomeButton2Pos,3) | Skin.String(CustomHomeButton2Pos,4) | Skin.String(CustomHomeButton2Pos,5) | Skin.String(CustomHomeButton2Pos,6)]">CustomButton2Fix2</include>
		<include condition="!Skin.HasSetting(Hide1024x600Fix) + Skin.String(CustomHomeButton2Pos,3) + ![Skin.String(CustomHomeButton2Pos,1) | Skin.String(CustomHomeButton2Pos,2) | Skin.String(CustomHomeButton2Pos,4) | Skin.String(CustomHomeButton2Pos,5) | Skin.String(CustomHomeButton2Pos,6)]">CustomButton2Fix3</include>
		<include condition="!Skin.HasSetting(Hide1024x600Fix) + Skin.String(CustomHomeButton2Pos,4) + ![Skin.String(CustomHomeButton2Pos,1) | Skin.String(CustomHomeButton2Pos,2) | Skin.String(CustomHomeButton2Pos,3) | Skin.String(CustomHomeButton2Pos,5) | Skin.String(CustomHomeButton2Pos,6)]">CustomButton2Fix4</include>
		<include condition="!Skin.HasSetting(Hide1024x600Fix) + Skin.String(CustomHomeButton2Pos,5) + ![Skin.String(CustomHomeButton2Pos,1) | Skin.String(CustomHomeButton2Pos,2) | Skin.String(CustomHomeButton2Pos,3) | Skin.String(CustomHomeButton2Pos,4) | Skin.String(CustomHomeButton2Pos,6)]">CustomButton2Fix5</include>
		<include condition="!Skin.HasSetting(Hide1024x600Fix) + Skin.String(CustomHomeButton2Pos,6) + ![Skin.String(CustomHomeButton2Pos,1) | Skin.String(CustomHomeButton2Pos,2) | Skin.String(CustomHomeButton2Pos,3) | Skin.String(CustomHomeButton2Pos,4) | Skin.String(CustomHomeButton2Pos,5)]">CustomButton2Fix6</include> 

		<include condition="!Skin.HasSetting(Hide1024x600Fix) + Skin.String(CustomHomeButton3Pos,1) + ![Skin.String(CustomHomeButton3Pos,2) | Skin.String(CustomHomeButton3Pos,3) | Skin.String(CustomHomeButton3Pos,4) | Skin.String(CustomHomeButton3Pos,5) | Skin.String(CustomHomeButton3Pos,6)]">CustomButton3Fix1</include>
		<include condition="!Skin.HasSetting(Hide1024x600Fix) + Skin.String(CustomHomeButton3Pos,2) + ![Skin.String(CustomHomeButton3Pos,1) | Skin.String(CustomHomeButton3Pos,3) | Skin.String(CustomHomeButton3Pos,4) | Skin.String(CustomHomeButton3Pos,5) | Skin.String(CustomHomeButton3Pos,6)]">CustomButton3Fix2</include>
		<include condition="!Skin.HasSetting(Hide1024x600Fix) + Skin.String(CustomHomeButton3Pos,3) + ![Skin.String(CustomHomeButton3Pos,1) | Skin.String(CustomHomeButton3Pos,2) | Skin.String(CustomHomeButton3Pos,4) | Skin.String(CustomHomeButton3Pos,5) | Skin.String(CustomHomeButton3Pos,6)]">CustomButton3Fix3</include>
		<include condition="!Skin.HasSetting(Hide1024x600Fix) + Skin.String(CustomHomeButton3Pos,4) + ![Skin.String(CustomHomeButton3Pos,1) | Skin.String(CustomHomeButton3Pos,2) | Skin.String(CustomHomeButton3Pos,3) | Skin.String(CustomHomeButton3Pos,5) | Skin.String(CustomHomeButton3Pos,6)]">CustomButton3Fix4</include>
		<include condition="!Skin.HasSetting(Hide1024x600Fix) + Skin.String(CustomHomeButton3Pos,5) + ![Skin.String(CustomHomeButton3Pos,1) | Skin.String(CustomHomeButton3Pos,2) | Skin.String(CustomHomeButton3Pos,3) | Skin.String(CustomHomeButton3Pos,4) | Skin.String(CustomHomeButton3Pos,6)]">CustomButton3Fix5</include>
		<include condition="!Skin.HasSetting(Hide1024x600Fix) + Skin.String(CustomHomeButton3Pos,6) + ![Skin.String(CustomHomeButton3Pos,1) | Skin.String(CustomHomeButton3Pos,2) | Skin.String(CustomHomeButton3Pos,3) | Skin.String(CustomHomeButton3Pos,4) | Skin.String(CustomHomeButton3Pos,5)]">CustomButton3Fix6</include> 

<!-- Logo area -->
		<control type="image">
			<description>Normal Default Logo Image</description>
			<posx>440</posx>
			<posy>80</posy>
			<width>400</width>
			<height>396</height>
	    	<aspectratio scalediffuse="true" align="center" aligny="center">stretch</aspectratio>
			<texture diffuse="cover_mask.png">logo.png</texture>
			<visible>![Skin.HasSetting(UseCustomLogo) + !IsEmpty(Skin.String(CustomLogoPath)) + Skin.HasSetting(Hide1024x600Fix)  + ![Player.HasAudio + !Skin.HasSetting(HideVisualisationHome)]]</visible>
			<include>Window_OpenClose_Animation_Zoom</include>
		</control>
		<control type="image">
			<description>User Set Logo Image</description>
			<posx>440</posx>
			<posy>80</posy>
			<width>400</width>
			<height>396</height>
	        <aspectratio scalediffuse="true" align="center" aligny="center">stretch</aspectratio>
			<texture diffuse="cover_mask.png">$INFO[Skin.String(CustomLogoPath)]</texture>
			<visible>Skin.HasSetting(UseCustomLogo) + !IsEmpty(Skin.String(CustomLogoPath)) + Skin.HasSetting(Hide1024x600Fix) + ![Player.HasAudio + !Skin.HasSetting(HideVisualisationHome)]</visible>
			<include>Window_OpenClose_Animation_Zoom</include>
		</control>
		<control type="image">
			<description>Normal Default Logo Image - Fix</description>
			<posx>436</posx>
			<posy>80</posy>
			<width>410</width>
			<height>396</height>
	    	<aspectratio scalediffuse="true" align="center" aligny="center">stretch</aspectratio>
			<texture diffuse="cover_mask.png">logo.png</texture>
			<visible>![Skin.HasSetting(UseCustomLogo) + !IsEmpty(Skin.String(CustomLogoPath)) + !Skin.HasSetting(Hide1024x600Fix) + ![Player.HasAudio + !Skin.HasSetting(HideVisualisationHome)]]</visible>
			<include>Window_OpenClose_Animation_Zoom</include>
		</control>
		<control type="image">
			<description>User Set Logo Image - Fix</description>
			<posx>436</posx>
			<posy>80</posy>
			<width>410</width>
			<height>396</height>
	        <aspectratio scalediffuse="true" align="center" aligny="center">stretch</aspectratio>
			<texture diffuse="cover_mask.png">$INFO[Skin.String(CustomLogoPath)]</texture>
			<visible>Skin.HasSetting(UseCustomLogo) + !IsEmpty(Skin.String(CustomLogoPath)) + !Skin.HasSetting(Hide1024x600Fix) + ![Player.HasAudio + !Skin.HasSetting(HideVisualisationHome)]</visible>
			<include>Window_OpenClose_Animation_Zoom</include>
		</control>

<!-- Visualisation -->
		<control type="image">
			<description>Visualisation Background: Path</description>
			<posx>440</posx>
			<posy>85</posy>
			<width>402</width>
			<height>388</height>
			<visible>Skin.HasSetting(UseVisBg) + Player.HasAudio + Window.IsVisible(home) + !Skin.HasSetting(HideVisualisationHome) + !Skin.HasSetting(UseVisBgCover)</visible> 
	        <aspectratio scalediffuse="true" align="center" aligny="center">stretch</aspectratio>
			<texture diffuse="cover_mask.png">$INFO[Skin.String(CustomVisBgPath)]</texture>
			<include>Window_OpenClose_Animation_Zoom</include>
		</control> 
		<control type="image">
			<description>Visualisation Background: Label</description>
			<posx>440</posx>
			<posy>85</posy>
			<width>402</width>
			<height>388</height>
			<visible>Skin.HasSetting(UseVisBgCover) + Player.HasAudio + Window.IsVisible(home) + !Skin.HasSetting(HideVisualisationHome) + !Skin.HasSetting(UseVisBg)</visible> 
	        <aspectratio scalediffuse="true" align="center" aligny="center">stretch</aspectratio> 
			<texture diffuse="cover_mask.png" background="false">$INFO[MusicPlayer.Cover]</texture>
			<include>Window_OpenClose_Animation_Zoom</include>
		</control> 

		<!-- Song/radio info -->
		<control type="group">
			<control type="image">
	            <visible>[Player.HasAudio + !Skin.HasSetting(HideHomeButtonMusicPlayerTitle)] | [!Skin.HasSetting(HideHomeButtonRadioStationName) + substring(Window(Home).Property(Radio.Active),true)]</visible>
				<description>Infobox Background</description>
				<posx>70</posx>
                <posy>500</posy>
                <width>1140</width>
                <height>65</height>
				<aspectratio>stretch</aspectratio>
				<texture colordiffuse="$VAR[CustomColorNofocus]">info_bg.png</texture>
				<include>Window_OpenClose_Animation_Zoom</include>
			</control>
			<include>RandomRepeatButtons</include>
			<include>MusicPlayerTitle</include>
			<include>MusicPlayerTitlewithButtons</include>
			<include>RadioStationName</include>
			<include>RandomRepeatButtonsFix</include> 
			<include>MusicPlayerTitleFix</include>
			<include>MusicPlayerTitlewithButtonsFix</include>
			<include>RadioStationNameFix</include>
		</control>

		<include>CommonBottomBar</include>   
		<include>BottomNowPLaying</include>
		
<!-- Submenu -->
		<control type="panel" id="9003">
			<visible>!Window.IsActive(PlayerControls) + [Player.HasAudio | Player.HasVideo]</visible>
			<include>SubMenuCommonLayout2</include>
			<content>
				<item id="3010">
					<label></label>
					<visible>!Window.IsVisible(ExtendedProgressDialog) + !Skin.HasSetting(HideHomeButtonMusic) + ![Skin.String(HomePosMusic,1) | Skin.String(HomePosMusic,2) | Skin.String(HomePosMusic,3) | Skin.String(HomePosMusic,4) | Skin.String(HomePosMusic,5) | Skin.String(HomePosMusic,6)]</visible>
					<icon>button_music.png</icon>
					<onclick>ActivateWindow(Music,$INFO[Skin.String(CustomMusicPath)])</onclick>
				</item>
				<item id="3011">
					<label></label>
					<visible>!Window.IsVisible(ExtendedProgressDialog) + !Skin.HasSetting(HideHomeButtonMusicArtists)</visible>
					<icon>button_musicartist.png</icon>
					<onclick>ActivateWindow(Music,musicdb://artists/,return)</onclick>
				</item>
				<item id="3012">
					<label></label>
					<visible>!Window.IsVisible(ExtendedProgressDialog) + !Skin.HasSetting(HideHomeButtonMusicAlbums)</visible>
					<icon>button_musicalbum.png</icon>
					<onclick>ActivateWindow(Music,musicdb://albums/,return])</onclick>
				</item>
				<item id="3013">
					<label></label>
					<visible>!Window.IsVisible(ExtendedProgressDialog) + !Skin.HasSetting(HideHomeButtonMusicGenre)</visible>
					<icon>button_musicgenre.png</icon>
					<onclick>ActivateWindow(Music,musicdb://genres/,return)</onclick>
				</item>
				<item id="3014">
					<label></label>
		        	<visible>!Window.IsVisible(ExtendedProgressDialog) + !Skin.HasSetting(HideHomeButtonVideo) + ![Skin.String(HomePosVideo,1) | Skin.String(HomePosVideo,2) | Skin.String(HomePosVideo,3) | Skin.String(HomePosVideo,4) | Skin.String(HomePosVideo,5) | Skin.String(HomePosVideo,6)]</visible>
					<icon>button_video.png</icon>
					<onclick>ActivateWindow(Videos,$INFO[Skin.String(CustomVideoPath)])</onclick>
				</item>
				<item id="3015">
					<label></label>
		        	<visible>!Window.IsVisible(ExtendedProgressDialog) + !Skin.HasSetting(HideHomeButtonNavigation) + ![Skin.String(HomePosNavi,1) | Skin.String(HomePosNavi,2) | Skin.String(HomePosNavi,3) | Skin.String(HomePosNavi,4) | Skin.String(HomePosNavi,5) | Skin.String(HomePosNavi,6)]</visible>
					<icon>button_navi.png</icon>
					<onclick>RunScript("plugin.program.navigation")</onclick>
				</item>
				<item id="3016">
					<label></label>
		        	<visible>!Window.IsVisible(ExtendedProgressDialog) + !Skin.HasSetting(HideHomeButtonRadio) + ![Skin.String(HomePosRadio,1) | Skin.String(HomePosRadio,2) | Skin.String(HomePosRadio,3) | Skin.String(HomePosRadio,4) | Skin.String(HomePosRadio,5) | Skin.String(HomePosRadio,6)]</visible>
					<icon>button_radio.png</icon>
					<onclick>RunScript("plugin.program.radioFM")</onclick>
				</item>
				<item id="3017">
					<label></label>
		        	<visible>!Window.IsVisible(ExtendedProgressDialog) + ![Skin.String(HomePosSettings,1) | Skin.String(HomePosSettings,2) | Skin.String(HomePosSettings,3) | Skin.String(HomePosSettings,4) | Skin.String(HomePosSettings,5) | Skin.String(HomePosSettings,6)]</visible>
					<icon>button_settings.png</icon>
					<onclick>ActivateWindow(Settings)</onclick>
				</item>
				<item id="3018">
					<label></label>
		        	<visible>!Window.IsVisible(ExtendedProgressDialog) + !Skin.HasSetting(HideHomeButtonShutdownDialog) + ![Skin.String(HomePosShutdown,1) | Skin.String(HomePosShutdown,2) | Skin.String(HomePosShutdown,3) | Skin.String(HomePosShutdown,4) | Skin.String(HomePosShutdown,5) | Skin.String(HomePosShutdown,6)] + ![Skin.String(HomePosShutdownNoDialog,1) | Skin.String(HomePosShutdownNoDialog,2) | Skin.String(HomePosShutdownNoDialog,3) | Skin.String(HomePosShutdownNoDialog,4) | Skin.String(HomePosShutdownNoDialog,5) | Skin.String(HomePosShutdownNoDialog,6)]</visible>
					<icon>button_shutdown.png</icon>
					<onclick>ActivateWindow(1998)</onclick>
				</item>  
				<item id="3019">
					<label></label>
		        	<visible>!Window.IsVisible(ExtendedProgressDialog) + Skin.HasSetting(HideHomeButtonShutdownDialog) + ![Skin.String(HomePosShutdown,1) | Skin.String(HomePosShutdown,2) | Skin.String(HomePosShutdown,3) | Skin.String(HomePosShutdown,4) | Skin.String(HomePosShutdown,5) | Skin.String(HomePosShutdown,6)] + ![Skin.String(HomePosShutdownNoDialog,1) | Skin.String(HomePosShutdownNoDialog,2) | Skin.String(HomePosShutdownNoDialog,3) | Skin.String(HomePosShutdownNoDialog,4) | Skin.String(HomePosShutdownNoDialog,5) | Skin.String(HomePosShutdownNoDialog,6)]</visible>
					<icon>button_shutdown.png</icon>
					<onclick>RunScript("special://skin/scripts/system_poweroff.py")</onclick>
				</item>  
				<item id="3020">
					<label></label>
			 		<visible>!Window.IsVisible(ExtendedProgressDialog) + !Skin.HasSetting(HideHomeButtonFileManager)</visible>
					<icon>button_filemanager.png</icon>
					<onclick>ActivateWindow(FileManager)</onclick>
				</item>
				<item id="3021">
					<label></label>
			 		<visible>!Window.IsVisible(ExtendedProgressDialog) + !Skin.HasSetting(HideHomeButtonConnect3g) + ![Skin.String(HomePos3G,1) | Skin.String(HomePos3G,2) | Skin.String(HomePos3G,3) | Skin.String(HomePos3G,4) | Skin.String(HomePos3G,5) | Skin.String(HomePos3G,6)]</visible>
					<icon>button_3g.png</icon>
					<onclick>ActivateWindow(1118)</onclick>
				</item>
<!--			<item>
					<label></label>
			 		<visible>!Window.IsVisible(ExtendedProgressDialog) + !Skin.HasSetting(HideHomeButtonOBD) + ![Skin.String(HomePosOBD,1) | Skin.String(HomePosOBD,2) | Skin.String(HomePosOBD,3) | Skin.String(HomePosOBD,4) | Skin.String(HomePosOBD,5) | Skin.String(HomePosOBD,6)]</visible>
					<icon>button_obd.png</icon>
					<onclick>-</onclick>
				</item>  -->
				<item id="3022">
					<label></label>
		        	<visible>!Window.IsVisible(ExtendedProgressDialog) + !Skin.HasSetting(HideHomeButtonWeather) + ![Skin.String(HomePosWeather,1) | Skin.String(HomePosWeather,2) | Skin.String(HomePosWeather,3) | Skin.String(HomePosWeather,4) | Skin.String(HomePosWeather,5) | Skin.String(HomePosWeather,6)]</visible>
					<icon>button_weather.png</icon>
					<onclick>ActivateWindow(Weather)</onclick>
				</item>
<!--			<item>
					<label></label>
		        	<visible>!Window.IsVisible(ExtendedProgressDialog) + !Skin.HasSetting(HideHomeButtonPictures)</visible>
					<icon>button_pictures.png</icon>
					<onclick>ActivateWindow(Pictures)</onclick>
				</item> -->
				<item id="3023">
					<label></label>
		        	<visible>!Window.IsVisible(ExtendedProgressDialog) + !Skin.HasSetting(HideHomeButtonFavourites)</visible>
					<icon>button_favs.png</icon>
					<onclick>ActivateWindow(Favourites)</onclick>
				</item>
				<item id="3024">
					<label></label>
			 		<visible>!Window.IsVisible(ExtendedProgressDialog) + !Skin.HasSetting(HideHomeButtonPrograms)</visible>
					<icon>button_apps.png</icon>
					<onclick>ActivateWindow(Programs)</onclick>
				</item>
				<item id="3025">
					<label></label>
			 		<visible>!Window.IsVisible(ExtendedProgressDialog) + !Skin.HasSetting(HideHomeButtonConnectWiFi)</visible>
					<icon>button_wifi.png</icon>
					<onclick>ActivateWindow(1119)</onclick>
				</item>
				<item id="3026">
					<label></label>
			 		<visible>!Window.IsVisible(ExtendedProgressDialog) + !Skin.HasSetting(HideHomeButtonDayNight) + !Skin.String(DayNightModus,day)</visible>
					<icon>button_day.png</icon>
					<onclick>Skin.Reset(DayNightModus)</onclick>
					<onclick>Skin.SetString(DayNightModus,day)</onclick>
					<onclick>RunScript(/home/pi/.kodi/addons/plugin.program.carpc-xtouch/addon.py,loadday)</onclick>
				</item>
				<item id="3026">
					<label></label>
			 		<visible>!Window.IsVisible(ExtendedProgressDialog) + !Skin.HasSetting(HideHomeButtonDayNight) + !Skin.String(DayNightModus,night)</visible>
					<icon>button_night.png</icon>
					<onclick>Skin.Reset(DayNightModus)</onclick>
					<onclick>Skin.SetString(DayNightModus,night)</onclick>
					<onclick>RunScript(/home/pi/.kodi/addons/plugin.program.carpc-xtouch/addon.py,loadnight)</onclick>
				</item>

<!--			<item>
					<label></label>
		        	<visible>!Window.IsVisible(ExtendedProgressDialog) + !Skin.HasSetting(HideHomeButtonReload)</visible>
					<icon>button_reload.png</icon>
					<onclick>XBMC.ReloadSkin()</onclick>
				</item>  -->
			</content>
		</control>
		<control type="panel" id="9003">
			<visible>!Window.IsActive(PlayerControls) + !Player.HasAudio + !Player.HasVideo</visible>
			<include>SubMenuCommonLayoutBig</include>
			<content>
				<item id="3010">
					<label></label>
					<visible>!Window.IsVisible(ExtendedProgressDialog) + !Skin.HasSetting(HideHomeButtonMusic) + ![Skin.String(HomePosMusic,1) | Skin.String(HomePosMusic,2) | Skin.String(HomePosMusic,3) | Skin.String(HomePosMusic,4) | Skin.String(HomePosMusic,5) | Skin.String(HomePosMusic,6)]</visible>
					<icon>button_music.png</icon>
					<onclick>ActivateWindow(Music,$INFO[Skin.String(CustomMusicPath)])</onclick>
				</item>
				<item id="3011">
					<label></label>
					<visible>!Window.IsVisible(ExtendedProgressDialog) + !Skin.HasSetting(HideHomeButtonMusicArtists)</visible>
					<icon>button_musicartist.png</icon>
					<onclick>ActivateWindow(Music,musicdb://artists/,return)</onclick>
				</item>
				<item id="3012">
					<label></label>
					<visible>!Window.IsVisible(ExtendedProgressDialog) + !Skin.HasSetting(HideHomeButtonMusicAlbums)</visible>
					<icon>button_musicalbum.png</icon>
					<onclick>ActivateWindow(Music,musicdb://albums/,return])</onclick>
				</item>
				<item id="3013">
					<label></label>
					<visible>!Window.IsVisible(ExtendedProgressDialog) + !Skin.HasSetting(HideHomeButtonMusicGenre)</visible>
					<icon>button_musicgenre.png</icon>
					<onclick>ActivateWindow(Music,musicdb://genres/,return)</onclick>
				</item>
				<item id="3014">
					<label></label>
		        	<visible>!Window.IsVisible(ExtendedProgressDialog) + !Skin.HasSetting(HideHomeButtonVideo) + ![Skin.String(HomePosVideo,1) | Skin.String(HomePosVideo,2) | Skin.String(HomePosVideo,3) | Skin.String(HomePosVideo,4) | Skin.String(HomePosVideo,5) | Skin.String(HomePosVideo,6)]</visible>
					<icon>button_video.png</icon>
					<onclick>ActivateWindow(Videos,$INFO[Skin.String(CustomVideoPath)])</onclick>
				</item>
				<item id="3015">
					<label></label>
		        	<visible>!Window.IsVisible(ExtendedProgressDialog) + !Skin.HasSetting(HideHomeButtonNavigation) + ![Skin.String(HomePosNavi,1) | Skin.String(HomePosNavi,2) | Skin.String(HomePosNavi,3) | Skin.String(HomePosNavi,4) | Skin.String(HomePosNavi,5) | Skin.String(HomePosNavi,6)]</visible>
					<icon>button_navi.png</icon>
					<onclick>RunScript("plugin.program.navigation")</onclick>
				</item>
				<item id="3016">
					<label></label>
		        	<visible>!Window.IsVisible(ExtendedProgressDialog) + !Skin.HasSetting(HideHomeButtonRadio) + ![Skin.String(HomePosRadio,1) | Skin.String(HomePosRadio,2) | Skin.String(HomePosRadio,3) | Skin.String(HomePosRadio,4) | Skin.String(HomePosRadio,5) | Skin.String(HomePosRadio,6)]</visible>
					<icon>button_radio.png</icon>
					<onclick>RunScript("plugin.program.radioFM")</onclick>
				</item>
				<item id="3017">
					<label></label>
		        	<visible>!Window.IsVisible(ExtendedProgressDialog) + ![Skin.String(HomePosSettings,1) | Skin.String(HomePosSettings,2) | Skin.String(HomePosSettings,3) | Skin.String(HomePosSettings,4) | Skin.String(HomePosSettings,5) | Skin.String(HomePosSettings,6)]</visible>
					<icon>button_settings.png</icon>
					<onclick>ActivateWindow(Settings)</onclick>
				</item>
				<item id="3018">
					<label></label>
		        	<visible>!Window.IsVisible(ExtendedProgressDialog) + !Skin.HasSetting(HideHomeButtonShutdownDialog) + ![Skin.String(HomePosShutdown,1) | Skin.String(HomePosShutdown,2) | Skin.String(HomePosShutdown,3) | Skin.String(HomePosShutdown,4) | Skin.String(HomePosShutdown,5) | Skin.String(HomePosShutdown,6)] + ![Skin.String(HomePosShutdownNoDialog,1) | Skin.String(HomePosShutdownNoDialog,2) | Skin.String(HomePosShutdownNoDialog,3) | Skin.String(HomePosShutdownNoDialog,4) | Skin.String(HomePosShutdownNoDialog,5) | Skin.String(HomePosShutdownNoDialog,6)]</visible>
					<icon>button_shutdown.png</icon>
					<onclick>ActivateWindow(1998)</onclick>
				</item>  
				<item id="3019">
					<label></label>
		        	<visible>!Window.IsVisible(ExtendedProgressDialog) + Skin.HasSetting(HideHomeButtonShutdownDialog) + ![Skin.String(HomePosShutdown,1) | Skin.String(HomePosShutdown,2) | Skin.String(HomePosShutdown,3) | Skin.String(HomePosShutdown,4) | Skin.String(HomePosShutdown,5) | Skin.String(HomePosShutdown,6)] + ![Skin.String(HomePosShutdownNoDialog,1) | Skin.String(HomePosShutdownNoDialog,2) | Skin.String(HomePosShutdownNoDialog,3) | Skin.String(HomePosShutdownNoDialog,4) | Skin.String(HomePosShutdownNoDialog,5) | Skin.String(HomePosShutdownNoDialog,6)]</visible>
					<icon>button_shutdown.png</icon>
					<onclick>RunScript("special://skin/scripts/system_poweroff.py")</onclick>
				</item>  
				<item id="3020">
					<label></label>
			 		<visible>!Window.IsVisible(ExtendedProgressDialog) + !Skin.HasSetting(HideHomeButtonFileManager)</visible>
					<icon>button_filemanager.png</icon>
					<onclick>ActivateWindow(FileManager)</onclick>
				</item>
				<item id="3021">
					<label></label>
			 		<visible>!Window.IsVisible(ExtendedProgressDialog) + !Skin.HasSetting(HideHomeButtonConnect3g) + ![Skin.String(HomePos3G,1) | Skin.String(HomePos3G,2) | Skin.String(HomePos3G,3) | Skin.String(HomePos3G,4) | Skin.String(HomePos3G,5) | Skin.String(HomePos3G,6)]</visible>
					<icon>button_3g.png</icon>
					<onclick>ActivateWindow(1118)</onclick>
				</item>
<!--			<item>
					<label></label>
			 		<visible>!Window.IsVisible(ExtendedProgressDialog) + !Skin.HasSetting(HideHomeButtonOBD) + ![Skin.String(HomePosOBD,1) | Skin.String(HomePosOBD,2) | Skin.String(HomePosOBD,3) | Skin.String(HomePosOBD,4) | Skin.String(HomePosOBD,5) | Skin.String(HomePosOBD,6)]</visible>
					<icon>button_obd.png</icon>
					<onclick>-</onclick>
				</item>  -->
				<item id="3022">
					<label></label>
		        	<visible>!Window.IsVisible(ExtendedProgressDialog) + !Skin.HasSetting(HideHomeButtonWeather) + ![Skin.String(HomePosWeather,1) | Skin.String(HomePosWeather,2) | Skin.String(HomePosWeather,3) | Skin.String(HomePosWeather,4) | Skin.String(HomePosWeather,5) | Skin.String(HomePosWeather,6)]</visible>
					<icon>button_weather.png</icon>
					<onclick>ActivateWindow(Weather)</onclick>
				</item>
<!--			<item>
					<label></label>
		        	<visible>!Window.IsVisible(ExtendedProgressDialog) + !Skin.HasSetting(HideHomeButtonPictures)</visible>
					<icon>button_pictures.png</icon>
					<onclick>ActivateWindow(Pictures)</onclick>
				</item> -->
				<item id="3023">
					<label></label>
		        	<visible>!Window.IsVisible(ExtendedProgressDialog) + !Skin.HasSetting(HideHomeButtonFavourites)</visible>
					<icon>button_favs.png</icon>
					<onclick>ActivateWindow(Favourites)</onclick>
				</item>
				<item id="3024">
					<label></label>
			 		<visible>!Window.IsVisible(ExtendedProgressDialog) + !Skin.HasSetting(HideHomeButtonPrograms)</visible>
					<icon>button_apps.png</icon>
					<onclick>ActivateWindow(Programs,addons://sources/executable)</onclick>
				</item>
				<item id="3025">
					<label></label>
			 		<visible>!Window.IsVisible(ExtendedProgressDialog) + !Skin.HasSetting(HideHomeButtonConnectWiFi)</visible>
					<icon>button_wifi.png</icon>
					<onclick>ActivateWindow(1119)</onclick>
				</item>
				<item id="3026">
					<label></label>
					<visible>System.HasAddon(plugin.program.carpc-xtouch + substring(Window(Home).Property(xtouch.daynight),night)</visible>
			 		<visible>!Window.IsVisible(ExtendedProgressDialog) + !Skin.HasSetting(HideHomeButtonDayNight)</visible>
					<icon>button_day.png</icon>
					<onclick condition="substring(Window(Home).Property(xtouch.updating),false)">RunScript(/home/pi/.kodi/addons/plugin.program.carpc-xtouch/addon.py,loadday)</onclick>
				</item>
				<item id="3026">
					<label></label>
					<visible>System.HasAddon(plugin.program.carpc-xtouch + substring(Window(Home).Property(xtouch.daynight),day)</visible>
			 		<visible>!Window.IsVisible(ExtendedProgressDialog) + !Skin.HasSetting(HideHomeButtonDayNight)</visible>
					<icon>button_night.png</icon>
					<onclick condition="substring(Window(Home).Property(xtouch.updating),false)">RunScript(/home/pi/.kodi/addons/plugin.program.carpc-xtouch/addon.py,loadnight)</onclick>
				</item>
<!--			<item>
					<label></label>
		        	<visible>!Window.IsVisible(ExtendedProgressDialog) + !Skin.HasSetting(HideHomeButtonReload)</visible>
					<icon>button_reload.png</icon>
					<onclick>XBMC.ReloadSkin()</onclick>
				</item>  -->
			</content>
		</control>

	    <include>VisualisationHome</include> 
		<!-- Song/radio info -->
	<control type="group">
		<animation effect="fade" start="0" end="100" time="200" delay="3000">Visible</animation>
		<include>Clock_Date</include> 
		<include>Clock_Time</include>
		<include>Clock_Time_White</include>
<!--	<include>Clock_Hour</include>  -->
		<include>Time</include>				
	</control>


   		<include>BehindDialogFadeOut</include>
   		
   			
   		
	</controls>	
</window>
