<?xml version="1.0" encoding="UTF-8"?>

<!-- Main Menu Buttons -->

<includes>
	<include name="MainButton1">
        <control type="group" id="5200">
            <visible>!Window.IsVisible(ExtendedProgressDialog)</visible>
            <include>Window_OpenClose_Animation_Zoom</include>
            <posx>48</posx>
            <posy>74</posy>
			<include>HomeBG_1</include>
			<include>HomeBGColor_1</include> 
            <control type="button" id="3001">
				<visible>Skin.HasSetting(Hide1024x600Fix)</visible>
				<onup condition="Control.IsVisible(9003)">Control.SetFocus(9003)</onup>
				<onup condition="Control.IsVisible(9004)">Control.SetFocus(9004)</onup>
				<onup condition="Control.IsVisible(3050)">Control.SetFocus(3050)</onup>
                <ondown>Control.SetFocus(3002)</ondown>
                <onright>3004</onright>
                <description>Main Button-1 Outline & Action</description>
                <posx>0</posx>
                <posy>0</posy>
                <width>588</width>
                <height>136</height>
	            <aspectratio scalediffuse="true" align="center" aligny="center">stretch</aspectratio>
	            <texturenofocus colordiffuse="$VAR[HBOutlineColor]">home_1n.png</texturenofocus>
                <texturefocus colordiffuse="$VAR[CustomColorFocus]" border="5">home_1n.png</texturefocus>
				<onclick condition="Skin.String(HomeButton1Value,RadioFM)">RunPlugin(plugin://plugin.program.radioFM)</onclick>
				<onclick condition="Skin.String(HomeButton1Value,MusicPath)">ActivateWindow(music,$INFO[Skin.String(CustomMusicPath1)],return)</onclick>
				<onclick condition="Skin.String(HomeButton1Value,MusicAlbums)">ActivateWindow(Music,musicdb://albums/,return])</onclick>
				<onclick condition="Skin.String(HomeButton1Value,MusicArtists)">ActivateWindow(Music,musicdb://artists/,return)</onclick>
				<onclick condition="Skin.String(HomeButton1Value,MusicGenres)">ActivateWindow(Music,musicdb://genres/,return)</onclick>
				<onclick condition="Skin.String(HomeButton1Value,Video)">ActivateWindow(Videos,$INFO[Skin.String(CustomVideoPath1)])</onclick>
				<onclick condition="Skin.String(HomeButton1Value,Navigation)">RunPlugin(plugin://plugin.program.navigation)</onclick>
				<onclick condition="Skin.String(HomeButton1Value,Favourites)">ActivateWindow(Favourites)</onclick>
				<onclick condition="Skin.String(HomeButton1Value,Programs)">ActivateWindow(Programs,addons://sources/executable)</onclick>
				<onclick condition="Skin.String(HomeButton1Value,OBD)">RunScript(script.cardiagnostic)</onclick>
				<onclick condition="Skin.String(HomeButton1Value,Weather)">ActivateWindow(Weather)</onclick>
				<onclick condition="Skin.String(HomeButton1Value,Connect3G)">ActivateWindow(1118)</onclick>
				<onclick condition="Skin.String(HomeButton1Value,Settings)">ActivateWindow(Settings)</onclick>
				<onclick condition="Skin.String(HomeButton1Value,Shutdown)">ActivateWindow(1998)</onclick>
				<onclick condition="Skin.String(HomeButton1Value,ShutdownNoDialog)">RunScript("special://skin/scripts/system_poweroff.py")</onclick>
				<onclick condition="Skin.String(HomeButton1Value,Custom)">$INFO[Skin.String(CustomHomeButtonAction1)]</onclick>
            </control>
            <control type="button" id="3001">
				<visible>!Skin.HasSetting(Hide1024x600Fix)</visible>
				<onup condition="Control.IsVisible(9003)">Control.SetFocus(9003)</onup>
				<onup condition="Control.IsVisible(9004)">Control.SetFocus(9004)</onup>
				<onup condition="Control.IsVisible(3050)">Control.SetFocus(3050)</onup>
                <ondown>Control.SetFocus(3002)</ondown>
                <onright>3004</onright>
                <description>Main Button-1 Outline & Action</description>
                <posx>0</posx>
                <posy>0</posy>
                <width>588</width>
                <height>136</height>
	            <aspectratio scalediffuse="true" align="center" aligny="center">stretch</aspectratio>
	            <texturenofocus colordiffuse="$VAR[HBOutlineColor]">home_1f.png</texturenofocus>
                <texturefocus colordiffuse="$VAR[CustomColorFocus]" border="5">home_1f.png</texturefocus>
				<onclick condition="Skin.String(HomeButton1Value,RadioFM)">RunPlugin(plugin://plugin.program.radioFM)</onclick>
				<onclick condition="Skin.String(HomeButton1Value,MusicPath)">ActivateWindow(music,$INFO[Skin.String(CustomMusicPath1)],return)</onclick>
				<onclick condition="Skin.String(HomeButton1Value,MusicAlbums)">ActivateWindow(Music,musicdb://albums/,return])</onclick>
				<onclick condition="Skin.String(HomeButton1Value,MusicArtists)">ActivateWindow(Music,musicdb://artists/,return)</onclick>
				<onclick condition="Skin.String(HomeButton1Value,MusicGenres)">ActivateWindow(Music,musicdb://genres/,return)</onclick>
				<onclick condition="Skin.String(HomeButton1Value,Video)">ActivateWindow(Videos,$INFO[Skin.String(CustomVideoPath1)])</onclick>
				<onclick condition="Skin.String(HomeButton1Value,Navigation)">RunPlugin(plugin://plugin.program.navigation)</onclick>
				<onclick condition="Skin.String(HomeButton1Value,Favourites)">ActivateWindow(Favourites)</onclick>
				<onclick condition="Skin.String(HomeButton1Value,Programs)">ActivateWindow(Programs,addons://sources/executable)</onclick>
				<onclick condition="Skin.String(HomeButton1Value,OBD)">RunScript(script.cardiagnostic)</onclick>
				<onclick condition="Skin.String(HomeButton1Value,Weather)">ActivateWindow(Weather)</onclick>
				<onclick condition="Skin.String(HomeButton1Value,Connect3G)">ActivateWindow(1118)</onclick>
				<onclick condition="Skin.String(HomeButton1Value,Settings)">ActivateWindow(Settings)</onclick>
				<onclick condition="Skin.String(HomeButton1Value,Shutdown)">ActivateWindow(1998)</onclick>
				<onclick condition="Skin.String(HomeButton1Value,ShutdownNoDialog)">RunScript("special://skin/scripts/system_poweroff.py")</onclick>
				<onclick condition="Skin.String(HomeButton1Value,Custom)">$INFO[Skin.String(CustomHomeButtonAction1)]</onclick>
            </control>
            <control type="image">
                <description>Button-1 Icon</description>
                <posx>20</posx>
                <posy>18</posy>
                <width>100</width>
                <height>100</height>
                <texture colordiffuse="$VAR[CustomColorHomebuttons]">$VAR[HomeButtonIcon1]</texture>
            </control>
<!--        <control type="image">
                <description>Button-1 Icon</description>
                <visible>Skin.HasSetting(CustomMenuIcon1)</visible>
                <posx>30</posx>
                <posy>28</posy>
                <width>80</width>
                <height>80</height>
                <texture colordiffuse="$VAR[CustomColorHomebuttons]">$INFO[Skin.String(CustomMenuButtonIcon1)]</texture>
            </control> -->
            <control type="label">
                <description>Button-1 label</description>
                <posx>140</posx>
                <posy>28</posy>
                <height>80</height>
                <width>250</width>
                <label>$VAR[HomeButtonLabel1]</label>
                <align>left</align>
                <aligny>center</aligny>
                <font>button24_title</font>
                <textcolor>$VAR[CustomColorHomebuttons]</textcolor>
            </control>
        </control>
	</include>
	
	<include name="MainButton2">
        <control type="group" id="5202">
            <visible>!Window.IsVisible(ExtendedProgressDialog)</visible>
            <include>Window_OpenClose_Animation_Zoom</include>
			<posx>48</posx>
			<posy>210</posy>
			<include>HomeBG_2</include>
			<include>HomeBGColor_2</include> 
            <control type="button" id="3002">
				<visible>Skin.HasSetting(Hide1024x600Fix)</visible>
                <onup>Control.SetFocus(3001)</onup>
                <ondown>Control.SetFocus(3003)</ondown>
                <onright>3005</onright>
                <description>Main Button-2 Outline & Action</description>
                <posx>0</posx>
                <posy>0</posy>
                <width>588</width>
                <height>136</height>
	            <aspectratio scalediffuse="true" align="center" aligny="center">stretch</aspectratio>
	            <texturenofocus colordiffuse="$VAR[HBOutlineColor]">home_2n.png</texturenofocus>
                <texturefocus colordiffuse="$VAR[CustomColorFocus]" border="5">home_2n.png</texturefocus>
				<onclick condition="Skin.String(HomeButton2Value,RadioFM)">RunPlugin(plugin://plugin.program.radioFM)</onclick>
				<onclick condition="Skin.String(HomeButton2Value,MusicPath)">ActivateWindow(music,$INFO[Skin.String(CustomMusicPath2)],return)</onclick>
				<onclick condition="Skin.String(HomeButton2Value,MusicAlbums)">ActivateWindow(Music,musicdb://albums/,return])</onclick>
				<onclick condition="Skin.String(HomeButton2Value,MusicArtists)">ActivateWindow(Music,musicdb://artists/,return)</onclick>
				<onclick condition="Skin.String(HomeButton2Value,MusicGenres)">ActivateWindow(Music,musicdb://genres/,return)</onclick>
				<onclick condition="Skin.String(HomeButton2Value,Video)">ActivateWindow(Videos,$INFO[Skin.String(CustomVideoPath2)])</onclick>
				<onclick condition="Skin.String(HomeButton2Value,Navigation)">RunPlugin(plugin://plugin.program.navigation)</onclick>
				<onclick condition="Skin.String(HomeButton2Value,Favourites)">ActivateWindow(Favourites)</onclick>
				<onclick condition="Skin.String(HomeButton2Value,Programs)">ActivateWindow(Programs,addons://sources/executable)</onclick>
				<onclick condition="Skin.String(HomeButton2Value,OBD)">RunScript(script.cardiagnostic)</onclick>
				<onclick condition="Skin.String(HomeButton2Value,Weather)">ActivateWindow(Weather)</onclick>
				<onclick condition="Skin.String(HomeButton2Value,Connect3G)">ActivateWindow(1118)</onclick>
				<onclick condition="Skin.String(HomeButton2Value,Settings)">ActivateWindow(Settings)</onclick>
				<onclick condition="Skin.String(HomeButton2Value,Shutdown)">ActivateWindow(1998)</onclick>
				<onclick condition="Skin.String(HomeButton2Value,ShutdownNoDialog)">RunScript("special://skin/scripts/system_poweroff.py")</onclick>
				<onclick condition="Skin.String(HomeButton2Value,Custom)">$INFO[Skin.String(CustomHomeButtonAction2)]</onclick>
            </control>
            <control type="button" id="3002">
				<visible>!Skin.HasSetting(Hide1024x600Fix)</visible>
                <onup>Control.SetFocus(3001)</onup>
                <ondown>Control.SetFocus(3003)</ondown>
                <onright>3005</onright>
                <description>Main Button-2 Outline & Action</description>
                <posx>0</posx>
                <posy>0</posy>
                <width>588</width>
                <height>136</height>
	            <aspectratio scalediffuse="true" align="center" aligny="center">stretch</aspectratio>
	            <texturenofocus colordiffuse="$VAR[HBOutlineColor]">home_2f.png</texturenofocus>
                <texturefocus colordiffuse="$VAR[CustomColorFocus]" border="5">home_2f.png</texturefocus>
				<onclick condition="Skin.String(HomeButton2Value,RadioFM)">RunPlugin(plugin://plugin.program.radioFM)</onclick>
				<onclick condition="Skin.String(HomeButton2Value,MusicPath)">ActivateWindow(music,$INFO[Skin.String(CustomMusicPath2)],return)</onclick>
				<onclick condition="Skin.String(HomeButton2Value,MusicAlbums)">ActivateWindow(Music,musicdb://albums/,return])</onclick>
				<onclick condition="Skin.String(HomeButton2Value,MusicArtists)">ActivateWindow(Music,musicdb://artists/,return)</onclick>
				<onclick condition="Skin.String(HomeButton2Value,MusicGenres)">ActivateWindow(Music,musicdb://genres/,return)</onclick>
				<onclick condition="Skin.String(HomeButton2Value,Video)">ActivateWindow(Videos,$INFO[Skin.String(CustomVideoPath2)])</onclick>
				<onclick condition="Skin.String(HomeButton2Value,Navigation)">RunPlugin(plugin://plugin.program.navigation)</onclick>
				<onclick condition="Skin.String(HomeButton2Value,Favourites)">ActivateWindow(Favourites)</onclick>
				<onclick condition="Skin.String(HomeButton2Value,Programs)">ActivateWindow(Programs,addons://sources/executable)</onclick>
				<onclick condition="Skin.String(HomeButton2Value,OBD)">RunScript(script.cardiagnostic)</onclick>
				<onclick condition="Skin.String(HomeButton2Value,Weather)">ActivateWindow(Weather)</onclick>
				<onclick condition="Skin.String(HomeButton2Value,Connect3G)">ActivateWindow(1118)</onclick>
				<onclick condition="Skin.String(HomeButton2Value,Settings)">ActivateWindow(Settings)</onclick>
				<onclick condition="Skin.String(HomeButton2Value,Shutdown)">ActivateWindow(1998)</onclick>
				<onclick condition="Skin.String(HomeButton2Value,ShutdownNoDialog)">RunScript("special://skin/scripts/system_poweroff.py")</onclick>
				<onclick condition="Skin.String(HomeButton2Value,Custom)">$INFO[Skin.String(CustomHomeButtonAction2)]</onclick>
            </control>
            <control type="image">
                <description>Button-2 Icon</description>
                <visible>!Skin.HasSetting(CustomMenuIcon2)</visible>
                <posx>20</posx>
                <posy>18</posy>
                <width>100</width>
                <height>100</height>
                <texture colordiffuse="$VAR[CustomColorHomebuttons]">$VAR[HomeButtonIcon2]</texture>
            </control>
            <control type="image">
                <description>Button-2 Icon</description>
                <visible>Skin.HasSetting(CustomMenuIcon2)</visible>
                <posx>30</posx>
                <posy>28</posy>
                <width>80</width>
                <height>80</height>
                <texture colordiffuse="$VAR[CustomColorHomebuttons]">$INFO[Skin.String(CustomMenuButtonIcon2)]</texture>
            </control>
            <control type="label">
                <description>Button-2 label</description>
                <posx>140</posx>
                <posy>28</posy>
                <height>80</height>
                <width>250</width>
                <label>$VAR[HomeButtonLabel2]</label>
                <align>left</align>
                <aligny>center</aligny>
                <font>button24_title</font>
                <textcolor>$VAR[CustomColorHomebuttons]</textcolor>
            </control>
        </control>
	</include>
	
	<include name="MainButton3">
        <control type="group" id="5204">
            <visible>!Window.IsVisible(ExtendedProgressDialog)</visible>
            <include>Window_OpenClose_Animation_Zoom</include>
			<posx>48</posx>
			<posy>346</posy>
			<include>HomeBG_3</include>
			<include>HomeBGColor_3</include> 
            <control type="button" id="3003">
				<visible>Skin.HasSetting(Hide1024x600Fix)</visible>
                <onup>Control.SetFocus(3002)</onup>
                <ondown>Control.SetFocus(3004)</ondown>
                <onright>3006</onright>
                <description>Main Button-3 Outline & Action</description>
                <posx>0</posx>
                <posy>0</posy>
                <width>588</width>
                <height>136</height>
	            <aspectratio scalediffuse="true" align="center" aligny="center">stretch</aspectratio>
	            <texturenofocus colordiffuse="$VAR[HBOutlineColor]">home_3n.png</texturenofocus>
                <texturefocus colordiffuse="$VAR[CustomColorFocus]" border="5">home_3n.png</texturefocus>
				<onclick condition="Skin.String(HomeButton3Value,RadioFM)">RunPlugin(plugin://plugin.program.radioFM)</onclick>
				<onclick condition="Skin.String(HomeButton3Value,MusicPath)">ActivateWindow(music,$INFO[Skin.String(CustomMusicPath3)],return)</onclick>
				<onclick condition="Skin.String(HomeButton3Value,MusicAlbums)">ActivateWindow(Music,musicdb://albums/,return])</onclick>
				<onclick condition="Skin.String(HomeButton3Value,MusicArtists)">ActivateWindow(Music,musicdb://artists/,return)</onclick>
				<onclick condition="Skin.String(HomeButton3Value,MusicGenres)">ActivateWindow(Music,musicdb://genres/,return)</onclick>
				<onclick condition="Skin.String(HomeButton3Value,Video)">ActivateWindow(Videos,$INFO[Skin.String(CustomVideoPath3)])</onclick>
				<onclick condition="Skin.String(HomeButton3Value,Navigation)">RunPlugin(plugin://plugin.program.navigation)</onclick>
				<onclick condition="Skin.String(HomeButton3Value,Favourites)">ActivateWindow(Favourites)</onclick>
				<onclick condition="Skin.String(HomeButton3Value,Programs)">ActivateWindow(Programs,addons://sources/executable)</onclick>
				<onclick condition="Skin.String(HomeButton3Value,OBD)">RunScript(script.cardiagnostic)</onclick>
				<onclick condition="Skin.String(HomeButton3Value,Weather)">ActivateWindow(Weather)</onclick>
				<onclick condition="Skin.String(HomeButton3Value,Connect3G)">ActivateWindow(1118)</onclick>
				<onclick condition="Skin.String(HomeButton3Value,Settings)">ActivateWindow(Settings)</onclick>
				<onclick condition="Skin.String(HomeButton3Value,Shutdown)">ActivateWindow(1998)</onclick>
				<onclick condition="Skin.String(HomeButton3Value,ShutdownNoDialog)">RunScript("special://skin/scripts/system_poweroff.py")</onclick>
				<onclick condition="Skin.String(HomeButton3Value,Custom)">$INFO[Skin.String(CustomHomeButtonAction3)]</onclick>
            </control>
            <control type="button" id="3003">
				<visible>!Skin.HasSetting(Hide1024x600Fix)</visible>
                <onup>Control.SetFocus(3002)</onup>
                <ondown>Control.SetFocus(3004)</ondown>
                <onright>3006</onright>
                <description>Main Button-3 Outline & Action</description>
                <posx>0</posx>
                <posy>0</posy>
                <width>588</width>
                <height>136</height>
	            <aspectratio scalediffuse="true" align="center" aligny="center">stretch</aspectratio>
	            <texturenofocus colordiffuse="$VAR[HBOutlineColor]">home_3f.png</texturenofocus>
                <texturefocus colordiffuse="$VAR[CustomColorFocus]" border="5">home_3f.png</texturefocus>
				<onclick condition="Skin.String(HomeButton3Value,RadioFM)">RunPlugin(plugin://plugin.program.radioFM)</onclick>
				<onclick condition="Skin.String(HomeButton3Value,MusicPath)">ActivateWindow(music,$INFO[Skin.String(CustomMusicPath3)],return)</onclick>
				<onclick condition="Skin.String(HomeButton3Value,MusicAlbums)">ActivateWindow(Music,musicdb://albums/,return])</onclick>
				<onclick condition="Skin.String(HomeButton3Value,MusicArtists)">ActivateWindow(Music,musicdb://artists/,return)</onclick>
				<onclick condition="Skin.String(HomeButton3Value,MusicGenres)">ActivateWindow(Music,musicdb://genres/,return)</onclick>
				<onclick condition="Skin.String(HomeButton3Value,Video)">ActivateWindow(Videos,$INFO[Skin.String(CustomVideoPath3)])</onclick>
				<onclick condition="Skin.String(HomeButton3Value,Navigation)">RunPlugin(plugin://plugin.program.navigation)</onclick>
				<onclick condition="Skin.String(HomeButton3Value,Favourites)">ActivateWindow(Favourites)</onclick>
				<onclick condition="Skin.String(HomeButton3Value,Programs)">ActivateWindow(Programs,addons://sources/executable)</onclick>
				<onclick condition="Skin.String(HomeButton3Value,OBD)">RunScript(script.cardiagnostic)</onclick>
				<onclick condition="Skin.String(HomeButton3Value,Weather)">ActivateWindow(Weather)</onclick>
				<onclick condition="Skin.String(HomeButton3Value,Connect3G)">ActivateWindow(1118)</onclick>
				<onclick condition="Skin.String(HomeButton3Value,Settings)">ActivateWindow(Settings)</onclick>
				<onclick condition="Skin.String(HomeButton3Value,Shutdown)">ActivateWindow(1998)</onclick>
				<onclick condition="Skin.String(HomeButton3Value,ShutdownNoDialog)">RunScript("special://skin/scripts/system_poweroff.py")</onclick>
				<onclick condition="Skin.String(HomeButton3Value,Custom)">$INFO[Skin.String(CustomHomeButtonAction3)]</onclick>
            </control>
            <control type="image">
                <description>Button-3 Icon</description>
                <visible>!Skin.HasSetting(CustomMenuIcon3)</visible>
                <posx>20</posx>
                <posy>18</posy>
                <width>100</width>
                <height>100</height>
                <texture colordiffuse="$VAR[CustomColorHomebuttons]">$VAR[HomeButtonIcon3]</texture>
            </control>
            <control type="image">
                <description>Button-3 Icon</description>
                <visible>Skin.HasSetting(CustomMenuIcon3)</visible>
                <posx>30</posx>
                <posy>28</posy>
                <width>80</width>
                <height>80</height>
                <texture colordiffuse="$VAR[CustomColorHomebuttons]">$INFO[Skin.String(CustomMenuButtonIcon3)]</texture>
            </control>
            <control type="label">
                <description>Button-3 label</description>
                <posx>140</posx>
                <posy>28</posy>
                <height>80</height>
                <width>250</width>
                <label>$VAR[HomeButtonLabel3]</label>
                <align>left</align>
                <aligny>center</aligny>
                <font>button24_title</font>
                <textcolor>$VAR[CustomColorHomebuttons]</textcolor>
            </control>
        </control>
	</include>

	<include name="MainButton4">
        <control type="group" id="5206">
            <visible>!Window.IsVisible(ExtendedProgressDialog)</visible>
            <include>Window_OpenClose_Animation_Zoom</include>
            <posx>644</posx>
            <posy>74</posy>
			<include>HomeBG_4</include>
			<include>HomeBGColor_4</include> 
            <control type="button" id="3004">
				<visible>Skin.HasSetting(Hide1024x600Fix)</visible>
                <onup>Control.SetFocus(3003)</onup>
                <ondown>Control.SetFocus(3005)</ondown>
                <onleft>3001</onleft>
                <description>Main Button-4 Outline & Action</description>
                <posx>0</posx>
                <posy>0</posy>
                <width>588</width>
                <height>136</height>
	            <aspectratio scalediffuse="true" align="center" aligny="center">stretch</aspectratio>
	            <texturenofocus colordiffuse="$VAR[HBOutlineColor]">home_4n.png</texturenofocus>
                <texturefocus colordiffuse="$VAR[CustomColorFocus]" border="5">home_4n.png</texturefocus>
				<onclick condition="Skin.String(HomeButton4Value,RadioFM)">RunPlugin(plugin://plugin.program.radioFM)</onclick>
				<onclick condition="Skin.String(HomeButton4Value,MusicPath)">ActivateWindow(music,$INFO[Skin.String(CustomMusicPath4)],return)</onclick>
				<onclick condition="Skin.String(HomeButton4Value,MusicAlbums)">ActivateWindow(Music,musicdb://albums/,return])</onclick>
				<onclick condition="Skin.String(HomeButton4Value,MusicArtists)">ActivateWindow(Music,musicdb://artists/,return)</onclick>
				<onclick condition="Skin.String(HomeButton4Value,MusicGenres)">ActivateWindow(Music,musicdb://genres/,return)</onclick>
				<onclick condition="Skin.String(HomeButton4Value,Video)">ActivateWindow(Videos,$INFO[Skin.String(CustomVideoPath4)])</onclick>
				<onclick condition="Skin.String(HomeButton4Value,Navigation)">RunPlugin(plugin://plugin.program.navigation)</onclick>
				<onclick condition="Skin.String(HomeButton4Value,Favourites)">ActivateWindow(Favourites)</onclick>
				<onclick condition="Skin.String(HomeButton4Value,Programs)">ActivateWindow(Programs,addons://sources/executable)</onclick>
				<onclick condition="Skin.String(HomeButton4Value,OBD)">RunScript(script.cardiagnostic)</onclick>
				<onclick condition="Skin.String(HomeButton4Value,Weather)">ActivateWindow(Weather)</onclick>
				<onclick condition="Skin.String(HomeButton4Value,Connect3G)">ActivateWindow(1118)</onclick>
				<onclick condition="Skin.String(HomeButton4Value,Settings)">ActivateWindow(Settings)</onclick>
				<onclick condition="Skin.String(HomeButton4Value,Shutdown)">ActivateWindow(1998)</onclick>
				<onclick condition="Skin.String(HomeButton4Value,ShutdownNoDialog)">RunScript("special://skin/scripts/system_poweroff.py")</onclick>
				<onclick condition="Skin.String(HomeButton4Value,Custom)">$INFO[Skin.String(CustomHomeButtonAction4)]</onclick>
            </control>
            <control type="button" id="3004">
				<visible>!Skin.HasSetting(Hide1024x600Fix)</visible>
                <onup>Control.SetFocus(3003)</onup>
                <ondown>Control.SetFocus(3005)</ondown>
                <onleft>3001</onleft>
                <description>Main Button-4 Outline & Action</description>
                <posx>0</posx>
                <posy>0</posy>
                <width>588</width>
                <height>136</height>
	            <aspectratio scalediffuse="true" align="center" aligny="center">stretch</aspectratio>
	            <texturenofocus colordiffuse="$VAR[HBOutlineColor]">home_4f.png</texturenofocus>
                <texturefocus colordiffuse="$VAR[CustomColorFocus]" border="5">home_4f.png</texturefocus>
				<onclick condition="Skin.String(HomeButton4Value,RadioFM)">RunPlugin(plugin://plugin.program.radioFM)</onclick>
				<onclick condition="Skin.String(HomeButton4Value,MusicPath)">ActivateWindow(music,$INFO[Skin.String(CustomMusicPath4)],return)</onclick>
				<onclick condition="Skin.String(HomeButton4Value,MusicAlbums)">ActivateWindow(Music,musicdb://albums/,return])</onclick>
				<onclick condition="Skin.String(HomeButton4Value,MusicArtists)">ActivateWindow(Music,musicdb://artists/,return)</onclick>
				<onclick condition="Skin.String(HomeButton4Value,MusicGenres)">ActivateWindow(Music,musicdb://genres/,return)</onclick>
				<onclick condition="Skin.String(HomeButton4Value,Video)">ActivateWindow(Videos,$INFO[Skin.String(CustomVideoPath4)])</onclick>
				<onclick condition="Skin.String(HomeButton4Value,Navigation)">RunPlugin(plugin://plugin.program.navigation)</onclick>
				<onclick condition="Skin.String(HomeButton4Value,Favourites)">ActivateWindow(Favourites)</onclick>
				<onclick condition="Skin.String(HomeButton4Value,Programs)">ActivateWindow(Programs,addons://sources/executable)</onclick>
				<onclick condition="Skin.String(HomeButton4Value,OBD)">RunScript(script.cardiagnostic)</onclick>
				<onclick condition="Skin.String(HomeButton4Value,Weather)">ActivateWindow(Weather)</onclick>
				<onclick condition="Skin.String(HomeButton4Value,Connect3G)">ActivateWindow(1118)</onclick>
				<onclick condition="Skin.String(HomeButton4Value,Settings)">ActivateWindow(Settings)</onclick>
				<onclick condition="Skin.String(HomeButton4Value,Shutdown)">ActivateWindow(1998)</onclick>
				<onclick condition="Skin.String(HomeButton4Value,ShutdownNoDialog)">RunScript("special://skin/scripts/system_poweroff.py")</onclick>
				<onclick condition="Skin.String(HomeButton4Value,Custom)">$INFO[Skin.String(CustomHomeButtonAction4)]</onclick>
            </control>
            <control type="image">
                <description>Button-4 Icon</description>
                <visible>!Skin.HasSetting(CustomMenuIcon4)</visible>
                <posx>470</posx>
                <posy>18</posy>
                <width>100</width>
                <height>100</height>
                <texture colordiffuse="$VAR[CustomColorHomebuttons]">$VAR[HomeButtonIcon4]</texture>
            </control>
            <control type="image">
                <description>Button-4 Icon</description>
                <visible>Skin.HasSetting(CustomMenuIcon4)</visible>
                <posx>480</posx>
                <posy>28</posy>
                <width>80</width>
                <height>80</height>
                <texture colordiffuse="$VAR[CustomColorHomebuttons]">$INFO[Skin.String(CustomMenuButtonIcon4)]</texture>
            </control>
            <control type="label">
                <description>Button-4 label</description>
                <posx>460</posx>
                <posy>28</posy>
                <height>80</height>
                <width>250</width>
                <label>$VAR[HomeButtonLabel4]</label>
                <align>right</align>
                <aligny>center</aligny>
                <font>button24_title</font>
                <textcolor>$VAR[CustomColorHomebuttons]</textcolor>
            </control>
        </control>
	</include>
	
	<include name="MainButton5">
        <control type="group" id="5208">
            <visible>!Window.IsVisible(ExtendedProgressDialog)</visible>
            <include>Window_OpenClose_Animation_Zoom</include>
			<posx>644</posx>
			<posy>210</posy>
			<include>HomeBG_5</include>
			<include>HomeBGColor_5</include> 
            <control type="button" id="3005">
				<visible>Skin.HasSetting(Hide1024x600Fix)</visible>
                <onup>Control.SetFocus(3004)</onup>
                <ondown>Control.SetFocus(3006)</ondown>
                <onleft>3002</onleft>
                <description>Main Button-5 Outline & Action</description>
                <posx>0</posx>
                <posy>0</posy>
                <width>588</width>
                <height>136</height>
	            <aspectratio scalediffuse="true" align="center" aligny="center">stretch</aspectratio>
	            <texturenofocus colordiffuse="$VAR[HBOutlineColor]">home_5n.png</texturenofocus>
                <texturefocus colordiffuse="$VAR[CustomColorFocus]" border="5">home_5n.png</texturefocus>
				<onclick condition="Skin.String(HomeButton5Value,RadioFM)">RunPlugin(plugin://plugin.program.radioFM)</onclick>
				<onclick condition="Skin.String(HomeButton5Value,MusicPath)">ActivateWindow(music,$INFO[Skin.String(CustomMusicPath5)],return)</onclick>
				<onclick condition="Skin.String(HomeButton5Value,MusicAlbums)">ActivateWindow(Music,musicdb://albums/,return])</onclick>
				<onclick condition="Skin.String(HomeButton5Value,MusicArtists)">ActivateWindow(Music,musicdb://artists/,return)</onclick>
				<onclick condition="Skin.String(HomeButton5Value,MusicGenres)">ActivateWindow(Music,musicdb://genres/,return)</onclick>
				<onclick condition="Skin.String(HomeButton5Value,Video)">ActivateWindow(Videos,$INFO[Skin.String(CustomVideoPath5)])</onclick>
				<onclick condition="Skin.String(HomeButton5Value,Navigation)">RunPlugin(plugin://plugin.program.navigation)</onclick>
				<onclick condition="Skin.String(HomeButton5Value,Favourites)">ActivateWindow(Favourites)</onclick>
				<onclick condition="Skin.String(HomeButton5Value,Programs)">ActivateWindow(Programs,addons://sources/executable)</onclick>
				<onclick condition="Skin.String(HomeButton5Value,OBD)">RunScript(script.cardiagnostic)</onclick>
				<onclick condition="Skin.String(HomeButton5Value,Weather)">ActivateWindow(Weather)</onclick>
				<onclick condition="Skin.String(HomeButton5Value,Connect3G)">ActivateWindow(1118)</onclick>
				<onclick condition="Skin.String(HomeButton5Value,Settings)">ActivateWindow(Settings)</onclick>
				<onclick condition="Skin.String(HomeButton5Value,Shutdown)">ActivateWindow(1998)</onclick>
				<onclick condition="Skin.String(HomeButton5Value,ShutdownNoDialog)">RunScript("special://skin/scripts/system_poweroff.py")</onclick>
				<onclick condition="Skin.String(HomeButton5Value,Custom)">$INFO[Skin.String(CustomHomeButtonAction5)]</onclick>
            </control>
            <control type="button" id="3005">
				<visible>!Skin.HasSetting(Hide1024x600Fix)</visible>
                <onup>Control.SetFocus(3004)</onup>
                <ondown>Control.SetFocus(3006)</ondown>
                <onleft>3002</onleft>
                <description>Main Button-5 Outline & Action</description>
                <posx>0</posx>
                <posy>0</posy>
                <width>588</width>
                <height>136</height>
	            <aspectratio scalediffuse="true" align="center" aligny="center">stretch</aspectratio>
	            <texturenofocus colordiffuse="$VAR[HBOutlineColor]">home_5f.png</texturenofocus>
                <texturefocus colordiffuse="$VAR[CustomColorFocus]" border="5">home_5f.png</texturefocus>
				<onclick condition="Skin.String(HomeButton5Value,RadioFM)">RunPlugin(plugin://plugin.program.radioFM)</onclick>
				<onclick condition="Skin.String(HomeButton5Value,MusicPath)">ActivateWindow(music,$INFO[Skin.String(CustomMusicPath5)],return)</onclick>
				<onclick condition="Skin.String(HomeButton5Value,MusicAlbums)">ActivateWindow(Music,musicdb://albums/,return])</onclick>
				<onclick condition="Skin.String(HomeButton5Value,MusicArtists)">ActivateWindow(Music,musicdb://artists/,return)</onclick>
				<onclick condition="Skin.String(HomeButton5Value,MusicGenres)">ActivateWindow(Music,musicdb://genres/,return)</onclick>
				<onclick condition="Skin.String(HomeButton5Value,Video)">ActivateWindow(Videos,$INFO[Skin.String(CustomVideoPath5)])</onclick>
				<onclick condition="Skin.String(HomeButton5Value,Navigation)">RunPlugin(plugin://plugin.program.navigation)</onclick>
				<onclick condition="Skin.String(HomeButton5Value,Favourites)">ActivateWindow(Favourites)</onclick>
				<onclick condition="Skin.String(HomeButton5Value,Programs)">ActivateWindow(Programs,addons://sources/executable)</onclick>
				<onclick condition="Skin.String(HomeButton5Value,OBD)">RunScript(script.cardiagnostic)</onclick>
				<onclick condition="Skin.String(HomeButton5Value,Weather)">ActivateWindow(Weather)</onclick>
				<onclick condition="Skin.String(HomeButton5Value,Connect3G)">ActivateWindow(1118)</onclick>
				<onclick condition="Skin.String(HomeButton5Value,Settings)">ActivateWindow(Settings)</onclick>
				<onclick condition="Skin.String(HomeButton5Value,Shutdown)">ActivateWindow(1998)</onclick>
				<onclick condition="Skin.String(HomeButton5Value,ShutdownNoDialog)">RunScript("special://skin/scripts/system_poweroff.py")</onclick>
				<onclick condition="Skin.String(HomeButton5Value,Custom)">$INFO[Skin.String(CustomHomeButtonAction5)]</onclick>
            </control>
            <control type="image">
                <description>Button-5 Icon</description>
                <visible>!Skin.HasSetting(CustomMenuIcon5)</visible>
                <posx>470</posx>
                <posy>18</posy>
                <width>100</width>
                <height>100</height>
                <texture colordiffuse="$VAR[CustomColorHomebuttons]">$VAR[HomeButtonIcon5]</texture>
            </control>
            <control type="image">
                <description>Button-5 Icon</description>
                <visible>Skin.HasSetting(CustomMenuIcon5)</visible>
                <posx>480</posx>
                <posy>28</posy>
                <width>80</width>
                <height>80</height>
                <texture colordiffuse="$VAR[CustomColorHomebuttons]">$INFO[Skin.String(CustomMenuButtonIcon5)]</texture>
            </control>
            <control type="label">
                <description>Button-5 label</description>
                <posx>460</posx>
                <posy>28</posy>
                <height>80</height>
                <width>250</width>
                <label>$VAR[HomeButtonLabel5]</label>
                <align>right</align>
                <aligny>center</aligny>
                <font>button24_title</font>
                <textcolor>$VAR[CustomColorHomebuttons]</textcolor>
            </control>
        </control>
	</include>
	
	<include name="MainButton6">
        <control type="group" id="5210">
            <visible>!Window.IsVisible(ExtendedProgressDialog)</visible>
            <include>Window_OpenClose_Animation_Zoom</include>
			<posx>644</posx>
			<posy>346</posy>
			<include>HomeBG_6</include>
			<include>HomeBGColor_6</include> 
            <control type="button" id="3006">
				<visible>Skin.HasSetting(Hide1024x600Fix)</visible>
                <onup>Control.SetFocus(3005)</onup>
				<ondown condition="Control.IsVisible(606)">Control.SetFocus(606)</ondown>
				<ondown condition="Control.IsVisible(9003)">Control.SetFocus(9003)</ondown>
				<ondown condition="Control.IsVisible(9004)">Control.SetFocus(9004)</ondown>
				<ondown condition="Control.IsVisible(3050)">Control.SetFocus(3050)</ondown>
				<onleft>3003</onleft>
                <description>Main Button-6 Outline & Action</description>
                <posx>0</posx>
                <posy>0</posy>
                <width>588</width>
                <height>136</height>
	            <aspectratio scalediffuse="true" align="center" aligny="center">stretch</aspectratio>
	            <texturenofocus colordiffuse="$VAR[HBOutlineColor]">home_6n.png</texturenofocus>
                <texturefocus colordiffuse="$VAR[CustomColorFocus]" border="5">home_6n.png</texturefocus>
				<onclick condition="Skin.String(HomeButton6Value,RadioFM)">RunPlugin(plugin://plugin.program.radioFM)</onclick>
				<onclick condition="Skin.String(HomeButton6Value,MusicPath)">ActivateWindow(music,$INFO[Skin.String(CustomMusicPath6)],return)</onclick>
				<onclick condition="Skin.String(HomeButton6Value,MusicAlbums)">ActivateWindow(Music,musicdb://albums/,return])</onclick>
				<onclick condition="Skin.String(HomeButton6Value,MusicArtists)">ActivateWindow(Music,musicdb://artists/,return)</onclick>
				<onclick condition="Skin.String(HomeButton6Value,MusicGenres)">ActivateWindow(Music,musicdb://genres/,return)</onclick>
				<onclick condition="Skin.String(HomeButton6Value,Video)">ActivateWindow(Videos,$INFO[Skin.String(CustomVideoPath6)])</onclick>
				<onclick condition="Skin.String(HomeButton6Value,Navigation)">RunPlugin(plugin://plugin.program.navigation)</onclick>
				<onclick condition="Skin.String(HomeButton6Value,Favourites)">ActivateWindow(Favourites)</onclick>
				<onclick condition="Skin.String(HomeButton6Value,Programs)">ActivateWindow(Programs,addons://sources/executable)</onclick>
				<onclick condition="Skin.String(HomeButton6Value,OBD)">RunScript(script.cardiagnostic)</onclick>
				<onclick condition="Skin.String(HomeButton6Value,Weather)">ActivateWindow(Weather)</onclick>
				<onclick condition="Skin.String(HomeButton6Value,Connect3G)">ActivateWindow(1118)</onclick>
				<onclick condition="Skin.String(HomeButton6Value,Settings)">ActivateWindow(Settings)</onclick>
				<onclick condition="Skin.String(HomeButton6Value,Shutdown)">ActivateWindow(1998)</onclick>
				<onclick condition="Skin.String(HomeButton6Value,ShutdownNoDialog)">RunScript("special://skin/scripts/system_poweroff.py")</onclick>
				<onclick condition="Skin.String(HomeButton6Value,Custom)">$INFO[Skin.String(CustomHomeButtonAction6)]</onclick>
            </control>
            <control type="button" id="3006">
				<visible>!Skin.HasSetting(Hide1024x600Fix)</visible>
                <onup>Control.SetFocus(3005)</onup>
				<ondown condition="Control.IsVisible(606)">Control.SetFocus(606)</ondown>
				<ondown condition="Control.IsVisible(9003)">Control.SetFocus(9003)</ondown>
				<ondown condition="Control.IsVisible(9004)">Control.SetFocus(9004)</ondown>
				<ondown condition="Control.IsVisible(3050)">Control.SetFocus(3050)</ondown>
				<onleft>3003</onleft>
                <description>Main Button-6 Outline & Action</description>
                <posx>0</posx>
                <posy>0</posy>
                <width>588</width>
                <height>136</height>
	            <aspectratio scalediffuse="true" align="center" aligny="center">stretch</aspectratio>
	            <texturenofocus colordiffuse="$VAR[HBOutlineColor]">home_6f.png</texturenofocus>
                <texturefocus colordiffuse="$VAR[CustomColorFocus]" border="5">home_6f.png</texturefocus>
				<onclick condition="Skin.String(HomeButton6Value,RadioFM)">RunPlugin(plugin://plugin.program.radioFM)</onclick>
				<onclick condition="Skin.String(HomeButton6Value,MusicPath)">ActivateWindow(music,$INFO[Skin.String(CustomMusicPath6)],return)</onclick>
				<onclick condition="Skin.String(HomeButton6Value,MusicAlbums)">ActivateWindow(Music,musicdb://albums/,return])</onclick>
				<onclick condition="Skin.String(HomeButton6Value,MusicArtists)">ActivateWindow(Music,musicdb://artists/,return)</onclick>
				<onclick condition="Skin.String(HomeButton6Value,MusicGenres)">ActivateWindow(Music,musicdb://genres/,return)</onclick>
				<onclick condition="Skin.String(HomeButton6Value,Video)">ActivateWindow(Videos,$INFO[Skin.String(CustomVideoPath6)])</onclick>
				<onclick condition="Skin.String(HomeButton6Value,Navigation)">RunPlugin(plugin://plugin.program.navigation)</onclick>
				<onclick condition="Skin.String(HomeButton6Value,Favourites)">ActivateWindow(Favourites)</onclick>
				<onclick condition="Skin.String(HomeButton6Value,Programs)">ActivateWindow(Programs,addons://sources/executable)</onclick>
				<onclick condition="Skin.String(HomeButton6Value,OBD)">RunScript(script.cardiagnostic)</onclick>
				<onclick condition="Skin.String(HomeButton6Value,Weather)">ActivateWindow(Weather)</onclick>
				<onclick condition="Skin.String(HomeButton6Value,Connect3G)">ActivateWindow(1118)</onclick>
				<onclick condition="Skin.String(HomeButton6Value,Settings)">ActivateWindow(Settings)</onclick>
				<onclick condition="Skin.String(HomeButton6Value,Shutdown)">ActivateWindow(1998)</onclick>
				<onclick condition="Skin.String(HomeButton6Value,ShutdownNoDialog)">RunScript("special://skin/scripts/system_poweroff.py")</onclick>
				<onclick condition="Skin.String(HomeButton6Value,Custom)">$INFO[Skin.String(CustomHomeButtonAction6)]</onclick>
            </control>
            <control type="image">
                <description>Button-6 Icon</description>
                <visible>!Skin.HasSetting(CustomMenuIcon6)</visible>
                <posx>470</posx>
                <posy>18</posy>
                <width>100</width>
                <height>100</height>
                <texture colordiffuse="$VAR[CustomColorHomebuttons]">$VAR[HomeButtonIcon6]</texture>
            </control>
            <control type="image">
                <description>Button-6 Icon</description>
                <visible>Skin.HasSetting(CustomMenuIcon6)</visible>
                <posx>480</posx>
                <posy>28</posy>
                <width>80</width>
                <height>80</height>
                <texture colordiffuse="$VAR[CustomColorHomebuttons]">$INFO[Skin.String(CustomMenuButtonIcon6)]</texture>
            </control>
            <control type="label">
                <description>Button-6 Label</description>
                <posx>460</posx>
                <posy>28</posy>
                <height>80</height>
                <width>250</width>
                <label>$VAR[HomeButtonLabel6]</label>
                <align>right</align>
                <aligny>center</aligny>
                <font>button24_title</font>
                <textcolor>$VAR[CustomColorHomebuttons]</textcolor>
            </control>
        </control>
	</include> 
</includes>