<?xml version="1.0" encoding="utf-8"?>
<includes>

 <variable name="CustomColorNofocus">
   <value condition="!IsEmpty(Skin.String(CustomColorNofocus))">$INFO[Skin.String(CustomColorNofocus)]</value>
   <value>white</value>
 </variable>
 
  <variable name="CustomColorFocus">
   <value condition="!IsEmpty(Skin.String(CustomColorFocus))">$INFO[Skin.String(CustomColorFocus)]</value>
   <value>white</value>
 </variable>

  <variable name="HBOutlineColor">
   <value condition="!IsEmpty(Skin.String(HBOutlineColor))">$INFO[Skin.String(HBOutlineColor)]</value>
   <value>white</value>
 </variable>

  <variable name="CustomColorHomebuttons">
   <value condition="!IsEmpty(Skin.String(CustomColorHomebuttons))">$INFO[Skin.String(CustomColorHomebuttons)]</value>
   <value>white</value>
 </variable>

<!-- Colors -->
 <variable name="SetColor">
   <value condition="Skin.String(ChangeSkinColor,1)">CustomColorNofocus</value>
   <value condition="Skin.String(ChangeFocusColor,1)">CustomColorFocus</value>
   <value condition="Skin.String(ChangeIconTextColor,1)">CustomColorHomebuttons</value>
   <value condition="Skin.String(ChangeOutlineColor,1)">HBOutlineColor</value>
   <value condition="Skin.String(ChangeBottomBGColor,1)">BottomBGColor</value>
   <value condition="Skin.String(ChangeButtonBGColor,1)">HBSolidColor</value>
   <value condition="Skin.String(ChangePlayerButtonsBGColor,1)">PlayerButtonsBGColor</value>
   <value condition="Skin.String(ChangeSubmenuBGColor,1)">CustomSubmenuBGColor</value>
   <value></value>
 </variable>

<!-- Main Menu -->
	<variable name="HomeButtonLabel1">
		<value condition="Skin.String(HomeButton1Value,RadioFM)">$LOCALIZE[31061]</value>
		<value condition="Skin.String(HomeButton1Value,MusicPath)">$LOCALIZE[31062]</value>
		<value condition="Skin.String(HomeButton1Value,MusicAlbums)">$LOCALIZE[31242]</value>
		<value condition="Skin.String(HomeButton1Value,MusicArtists)">$LOCALIZE[31241]</value>
		<value condition="Skin.String(HomeButton1Value,MusicGenres)">$LOCALIZE[31243]</value>
		<value condition="Skin.String(HomeButton1Value,Video)">$LOCALIZE[31063]</value>
		<value condition="Skin.String(HomeButton1Value,Navigation)">$LOCALIZE[31064]</value>
		<value condition="Skin.String(HomeButton1Value,Favourites)">$LOCALIZE[31072]</value>
		<value condition="Skin.String(HomeButton1Value,Programs)">$LOCALIZE[31071]</value>
		<value condition="Skin.String(HomeButton1Value,OBD)">$LOCALIZE[31137]</value>
		<value condition="Skin.String(HomeButton1Value,Weather)">$LOCALIZE[31135]</value>
		<value condition="Skin.String(HomeButton1Value,Connect3G)">$LOCALIZE[31073]</value>
		<value condition="Skin.String(HomeButton1Value,Settings)">$LOCALIZE[31065]</value>
		<value condition="Skin.String(HomeButton1Value,Shutdown)">$LOCALIZE[31066]</value>
		<value condition="Skin.String(HomeButton1Value,ShutdownNoDialog)">$LOCALIZE[31066]</value>
		<value condition="Skin.String(HomeButton1Value,Custom)">$INFO[Skin.String(CustomHomeButtonLabel1)]</value>
		<value>- - -</value>
	</variable>
	<variable name="HomeButtonLabel2">
		<value condition="Skin.String(HomeButton2Value,RadioFM)">$LOCALIZE[31061]</value>
		<value condition="Skin.String(HomeButton2Value,MusicPath)">$LOCALIZE[31062]</value>
		<value condition="Skin.String(HomeButton2Value,MusicAlbums)">$LOCALIZE[31242]</value>
		<value condition="Skin.String(HomeButton2Value,MusicArtists)">$LOCALIZE[31241]</value>
		<value condition="Skin.String(HomeButton2Value,MusicGenres)">$LOCALIZE[31243]</value>
		<value condition="Skin.String(HomeButton2Value,Video)">$LOCALIZE[31063]</value>
		<value condition="Skin.String(HomeButton2Value,Navigation)">$LOCALIZE[31064]</value>
		<value condition="Skin.String(HomeButton2Value,Favourites)">$LOCALIZE[31072]</value>
		<value condition="Skin.String(HomeButton2Value,Programs)">$LOCALIZE[31071]</value>
		<value condition="Skin.String(HomeButton2Value,OBD)">$LOCALIZE[31137]</value>
		<value condition="Skin.String(HomeButton2Value,Weather)">$LOCALIZE[31135]</value>
		<value condition="Skin.String(HomeButton2Value,Connect3G)">$LOCALIZE[31073]</value>
		<value condition="Skin.String(HomeButton2Value,Settings)">$LOCALIZE[31065]</value>
		<value condition="Skin.String(HomeButton2Value,Shutdown)">$LOCALIZE[31066]</value>
		<value condition="Skin.String(HomeButton2Value,ShutdownNoDialog)">$LOCALIZE[31066]</value>
		<value condition="Skin.String(HomeButton2Value,Custom)">$INFO[Skin.String(CustomHomeButtonLabel2)]</value>
		<value>- - -</value>
	</variable>
	<variable name="HomeButtonLabel3">
		<value condition="Skin.String(HomeButton3Value,RadioFM)">$LOCALIZE[31061]</value>
		<value condition="Skin.String(HomeButton3Value,MusicPath)">$LOCALIZE[31062]</value>
		<value condition="Skin.String(HomeButton3Value,MusicAlbums)">$LOCALIZE[31242]</value>
		<value condition="Skin.String(HomeButton3Value,MusicArtists)">$LOCALIZE[31241]</value>
		<value condition="Skin.String(HomeButton3Value,MusicGenres)">$LOCALIZE[31243]</value>
		<value condition="Skin.String(HomeButton3Value,Video)">$LOCALIZE[31063]</value>
		<value condition="Skin.String(HomeButton3Value,Navigation)">$LOCALIZE[31064]</value>
		<value condition="Skin.String(HomeButton3Value,Favourites)">$LOCALIZE[31072]</value>
		<value condition="Skin.String(HomeButton3Value,Programs)">$LOCALIZE[31071]</value>
		<value condition="Skin.String(HomeButton3Value,OBD)">$LOCALIZE[31137]</value>
		<value condition="Skin.String(HomeButton3Value,Weather)">$LOCALIZE[31135]</value>
		<value condition="Skin.String(HomeButton3Value,Connect3G)">$LOCALIZE[31073]</value>
		<value condition="Skin.String(HomeButton3Value,Settings)">$LOCALIZE[31065]</value>
		<value condition="Skin.String(HomeButton3Value,Shutdown)">$LOCALIZE[31066]</value>
		<value condition="Skin.String(HomeButton3Value,ShutdownNoDialog)">$LOCALIZE[31066]</value>
		<value condition="Skin.String(HomeButton3Value,Custom)">$INFO[Skin.String(CustomHomeButtonLabel3)]</value>
		<value>- - -</value>
	</variable>
	<variable name="HomeButtonLabel4">
		<value condition="Skin.String(HomeButton4Value,RadioFM)">$LOCALIZE[31061]</value>
		<value condition="Skin.String(HomeButton4Value,MusicPath)">$LOCALIZE[31062]</value>
		<value condition="Skin.String(HomeButton4Value,MusicAlbums)">$LOCALIZE[31242]</value>
		<value condition="Skin.String(HomeButton4Value,MusicArtists)">$LOCALIZE[31241]</value>
		<value condition="Skin.String(HomeButton4Value,MusicGenres)">$LOCALIZE[31243]</value>
		<value condition="Skin.String(HomeButton4Value,Video)">$LOCALIZE[31063]</value>
		<value condition="Skin.String(HomeButton4Value,Navigation)">$LOCALIZE[31064]</value>
		<value condition="Skin.String(HomeButton4Value,Favourites)">$LOCALIZE[31072]</value>
		<value condition="Skin.String(HomeButton4Value,Programs)">$LOCALIZE[31071]</value>
		<value condition="Skin.String(HomeButton4Value,OBD)">$LOCALIZE[31137]</value>
		<value condition="Skin.String(HomeButton4Value,Weather)">$LOCALIZE[31135]</value>
		<value condition="Skin.String(HomeButton4Value,Connect3G)">$LOCALIZE[31073]</value>
		<value condition="Skin.String(HomeButton4Value,Settings)">$LOCALIZE[31065]</value>
		<value condition="Skin.String(HomeButton4Value,Shutdown)">$LOCALIZE[31066]</value>
		<value condition="Skin.String(HomeButton4Value,ShutdownNoDialog)">$LOCALIZE[31066]</value>
		<value condition="Skin.String(HomeButton4Value,Custom)">$INFO[Skin.String(CustomHomeButtonLabel4)]</value>
		<value>- - -</value>
	</variable>
	<variable name="HomeButtonLabel5">
		<value condition="Skin.String(HomeButton5Value,RadioFM)">$LOCALIZE[31061]</value>
		<value condition="Skin.String(HomeButton5Value,MusicPath)">$LOCALIZE[31062]</value>
		<value condition="Skin.String(HomeButton5Value,MusicAlbums)">$LOCALIZE[31242]</value>
		<value condition="Skin.String(HomeButton5Value,MusicArtists)">$LOCALIZE[31241]</value>
		<value condition="Skin.String(HomeButton5Value,MusicGenres)">$LOCALIZE[31243]</value>
		<value condition="Skin.String(HomeButton5Value,Video)">$LOCALIZE[31063]</value>
		<value condition="Skin.String(HomeButton5Value,Navigation)">$LOCALIZE[31064]</value>
		<value condition="Skin.String(HomeButton5Value,Favourites)">$LOCALIZE[31072]</value>
		<value condition="Skin.String(HomeButton5Value,Programs)">$LOCALIZE[31071]</value>
		<value condition="Skin.String(HomeButton5Value,OBD)">$LOCALIZE[31137]</value>
		<value condition="Skin.String(HomeButton5Value,Weather)">$LOCALIZE[31135]</value>
		<value condition="Skin.String(HomeButton5Value,Connect3G)">$LOCALIZE[31073]</value>
		<value condition="Skin.String(HomeButton5Value,Settings)">$LOCALIZE[31065]</value>
		<value condition="Skin.String(HomeButton5Value,Shutdown)">$LOCALIZE[31066]</value>
		<value condition="Skin.String(HomeButton5Value,ShutdownNoDialog)">$LOCALIZE[31066]</value>
		<value condition="Skin.String(HomeButton5Value,Custom)">$INFO[Skin.String(CustomHomeButtonLabel5)]</value>
		<value>- - -</value>
	</variable>
	<variable name="HomeButtonLabel6">
		<value condition="Skin.String(HomeButton6Value,RadioFM)">$LOCALIZE[31061]</value>
		<value condition="Skin.String(HomeButton6Value,MusicPath)">$LOCALIZE[31062]</value>
		<value condition="Skin.String(HomeButton6Value,MusicAlbums)">$LOCALIZE[31242]</value>
		<value condition="Skin.String(HomeButton6Value,MusicArtists)">$LOCALIZE[31241]</value>
		<value condition="Skin.String(HomeButton6Value,MusicGenres)">$LOCALIZE[31243]</value>
		<value condition="Skin.String(HomeButton6Value,Video)">$LOCALIZE[31063]</value>
		<value condition="Skin.String(HomeButton6Value,Navigation)">$LOCALIZE[31064]</value>
		<value condition="Skin.String(HomeButton6Value,Favourites)">$LOCALIZE[31072]</value>
		<value condition="Skin.String(HomeButton6Value,Programs)">$LOCALIZE[31071]</value>
		<value condition="Skin.String(HomeButton6Value,OBD)">$LOCALIZE[31137]</value>
		<value condition="Skin.String(HomeButton6Value,Weather)">$LOCALIZE[31135]</value>
		<value condition="Skin.String(HomeButton6Value,Connect3G)">$LOCALIZE[31073]</value>
		<value condition="Skin.String(HomeButton6Value,Settings)">$LOCALIZE[31065]</value>
		<value condition="Skin.String(HomeButton6Value,Shutdown)">$LOCALIZE[31066]</value>
		<value condition="Skin.String(HomeButton6Value,ShutdownNoDialog)">$LOCALIZE[31066]</value>
		<value condition="Skin.String(HomeButton6Value,Custom)">$INFO[Skin.String(CustomHomeButtonLabel6)]</value>
		<value>- - -</value>
	</variable>

	<variable name="HomeButtonIcon1">
		<value condition="Skin.String(HomeButton1Value,RadioFM) + !Skin.HasSetting(CustomMenuRadioIcon1)">icon_radio.png</value>
		<value condition="Skin.String(HomeButton1Value,MusicPath) + !Skin.HasSetting(CustomMenuMusicIcon1)">icon_music.png</value>
		<value condition="Skin.String(HomeButton1Value,MusicAlbums) + !Skin.HasSetting(CustomMenuAlbumsIcon1)">icon_musicalbums.png</value>
		<value condition="Skin.String(HomeButton1Value,MusicArtists) + !Skin.HasSetting(CustomMenuArtistsIcon1)">icon_musicartists.png</value>
		<value condition="Skin.String(HomeButton1Value,MusicGenres) + !Skin.HasSetting(CustomMenuGenresIcon1)">icon_musicgenres.png</value>
		<value condition="Skin.String(HomeButton1Value,Video) + !Skin.HasSetting(CustomMenuVideoIcon1)">icon_video.png</value>
		<value condition="Skin.String(HomeButton1Value,Navigation) + !Skin.HasSetting(CustomMenuNaviIcon1)">icon_navi.png</value>
		<value condition="Skin.String(HomeButton1Value,Favourites) + !Skin.HasSetting(CustomMenuFavouritesIcon1)">icon_favouritesbig.png</value>
		<value condition="Skin.String(HomeButton1Value,Programs) + !Skin.HasSetting(CustomMenuProgramsIcon1)">icon-settings-addons.png</value>
		<value condition="Skin.String(HomeButton1Value,OBD) + !Skin.HasSetting(CustomMenuOBDIcon1)">icon_obd.png</value>
		<value condition="Skin.String(HomeButton1Value,Weather) + !Skin.HasSetting(CustomMenuWeatherIcon1)">icon_weather.png</value>
		<value condition="Skin.String(HomeButton1Value,Connect3G) + !Skin.HasSetting(CustomMenu3GIcon1)">icon_3G.png</value>
		<value condition="Skin.String(HomeButton1Value,Settings) + !Skin.HasSetting(CustomMenuSettingsIcon1)">icon_settings.png</value>
		<value condition="Skin.String(HomeButton1Value,Shutdown) + !Skin.HasSetting(CustomMenuShutdownIcon1)">icon_shutdown.png</value>
		<value condition="Skin.String(HomeButton1Value,ShutdownNoDialog) + !Skin.HasSetting(CustomMenuShutDownNoDialogIcon1)">icon_shutdownnodialog.png</value>
		<value condition="Skin.String(HomeButton1Value,Custom)">$INFO[Skin.String(MagicButtonIcon1)]</value>
		
		<value condition="Skin.String(HomeButton1Value,RadioFM) + Skin.HasSetting(CustomMenuRadioIcon1)">$INFO[Skin.String(CustomRadioIcon1)]</value>
		<value condition="Skin.String(HomeButton1Value,MusicPath) + Skin.HasSetting(CustomMenuMusicIcon1)">$INFO[Skin.String(CustomMusicIcon1)]</value>
		<value condition="Skin.String(HomeButton1Value,MusicAlbums) + Skin.HasSetting(CustomMenuAlbumsIcon1)">$INFO[Skin.String(CustomAlbumsIcon1)]</value>
		<value condition="Skin.String(HomeButton1Value,MusicArtists) + Skin.HasSetting(CustomMenuArtistsIcon1)">$INFO[Skin.String(CustomArtistsIcon1)]</value>
		<value condition="Skin.String(HomeButton1Value,MusicGenres) + Skin.HasSetting(CustomMenuGenresIcon1)">$INFO[Skin.String(CustomGenresIcon1)]</value>
		<value condition="Skin.String(HomeButton1Value,Video) + Skin.HasSetting(CustomMenuVideoIcon1)">$INFO[Skin.String(CustomVideoIcon1)]</value>
		<value condition="Skin.String(HomeButton1Value,Navigation) + Skin.HasSetting(CustomMenuNaviIcon1)">$INFO[Skin.String(CustomNaviIcon1)]</value>
		<value condition="Skin.String(HomeButton1Value,Favourites) + Skin.HasSetting(CustomMenuFavouritesIcon1)">$INFO[Skin.String(CustomFavouritesIcon1)]</value>
		<value condition="Skin.String(HomeButton1Value,Programs) + Skin.HasSetting(CustomMenuProgramsIcon1)">$INFO[Skin.String(CustomProgramsIcon1)]</value>
		<value condition="Skin.String(HomeButton1Value,OBD) + Skin.HasSetting(CustomMenuOBDIcon1)">$INFO[Skin.String(CustomOBDIcon1)]</value>
		<value condition="Skin.String(HomeButton1Value,Weather) + Skin.HasSetting(CustomMenuWeatherIcon1)">$INFO[Skin.String(CustomWeatherIcon1)]</value>
		<value condition="Skin.String(HomeButton1Value,Connect3G) + Skin.HasSetting(CustomMenu3GIcon1)">$INFO[Skin.String(Custom3GIcon1)]</value>
		<value condition="Skin.String(HomeButton1Value,Settings) + Skin.HasSetting(CustomMenuSettingsIcon1)">$INFO[Skin.String(CustomSettingsIcon1)]</value>
		<value condition="Skin.String(HomeButton1Value,Shutdown) + Skin.HasSetting(CustomMenuShutdownIcon1)">$INFO[Skin.String(CustomMenuShutIcon1)]</value>
		<value condition="Skin.String(HomeButton1Value,ShutdownNoDialog) + Skin.HasSetting(CustomMenuShutDownNoDialogIcon1)">$INFO[Skin.String(CustomShutDownNoDialogIcon1)]</value>
		<value></value>
	</variable>
	<variable name="HomeButtonIcon2">
		<value condition="Skin.String(HomeButton2Value,RadioFM) + !Skin.HasSetting(CustomMenuRadioIcon2)">icon_radio.png</value>
		<value condition="Skin.String(HomeButton2Value,MusicPath) + !Skin.HasSetting(CustomMenuMusicIcon2)">icon_music.png</value>
		<value condition="Skin.String(HomeButton2Value,MusicAlbums) + !Skin.HasSetting(CustomMenuAlbumsIcon2)">icon_musicalbums.png</value>
		<value condition="Skin.String(HomeButton2Value,MusicArtists) + !Skin.HasSetting(CustomMenuArtistsIcon2)">icon_musicartists.png</value>
		<value condition="Skin.String(HomeButton2Value,MusicGenres) + !Skin.HasSetting(CustomMenuGenresIcon2)">icon_musicgenres.png</value>
		<value condition="Skin.String(HomeButton2Value,Video) + !Skin.HasSetting(CustomMenuVideoIcon2)">icon_video.png</value>
		<value condition="Skin.String(HomeButton2Value,Navigation) + !Skin.HasSetting(CustomMenuNaviIcon2)">icon_navi.png</value>
		<value condition="Skin.String(HomeButton2Value,Favourites) + !Skin.HasSetting(CustomMenuFavouritesIcon2)">icon_favouritesbig.png</value>
		<value condition="Skin.String(HomeButton2Value,Programs) + !Skin.HasSetting(CustomMenuProgramsIcon2)">icon-settings-addons.png</value>
		<value condition="Skin.String(HomeButton2Value,OBD) + !Skin.HasSetting(CustomMenuOBDIcon2)">icon_obd.png</value>
		<value condition="Skin.String(HomeButton2Value,Weather) + !Skin.HasSetting(CustomMenuWeatherIcon2)">icon_weather.png</value>
		<value condition="Skin.String(HomeButton2Value,Connect3G) + !Skin.HasSetting(CustomMenu3GIcon2)">icon_3G.png</value>
		<value condition="Skin.String(HomeButton2Value,Settings) + !Skin.HasSetting(CustomMenuSettingsIcon2)">icon_settings.png</value>
		<value condition="Skin.String(HomeButton2Value,Shutdown) + !Skin.HasSetting(CustomMenuShutdownIcon2)">icon_shutdown.png</value>
		<value condition="Skin.String(HomeButton2Value,ShutdownNoDialog) + !Skin.HasSetting(CustomMenuShutDownNoDialogIcon2)">icon_shutdownnodialog.png</value>
		<value condition="Skin.String(HomeButton2Value,Custom)">$INFO[Skin.String(MagicButtonIcon2)]</value>
		
		<value condition="Skin.String(HomeButton2Value,RadioFM) + Skin.HasSetting(CustomMenuRadioIcon2)">$INFO[Skin.String(CustomRadioIcon2)]</value>
		<value condition="Skin.String(HomeButton2Value,MusicPath) + Skin.HasSetting(CustomMenuMusicIcon2)">$INFO[Skin.String(CustomMusicIcon2)]</value>
		<value condition="Skin.String(HomeButton2Value,MusicAlbums) + Skin.HasSetting(CustomMenuAlbumsIcon2)">$INFO[Skin.String(CustomAlbumsIcon2)]</value>
		<value condition="Skin.String(HomeButton2Value,MusicArtists) + Skin.HasSetting(CustomMenuArtistsIcon2)">$INFO[Skin.String(CustomArtistsIcon2)]</value>
		<value condition="Skin.String(HomeButton2Value,MusicGenres) + Skin.HasSetting(CustomMenuGenresIcon2)">$INFO[Skin.String(CustomGenresIcon2)]</value>
		<value condition="Skin.String(HomeButton2Value,Video) + Skin.HasSetting(CustomMenuVideoIcon2)">$INFO[Skin.String(CustomVideoIcon2)]</value>
		<value condition="Skin.String(HomeButton2Value,Navigation) + Skin.HasSetting(CustomMenuNaviIcon2)">$INFO[Skin.String(CustomNaviIcon2)]</value>
		<value condition="Skin.String(HomeButton2Value,Favourites) + Skin.HasSetting(CustomMenuFavouritesIcon2)">$INFO[Skin.String(CustomFavouritesIcon2)]</value>
		<value condition="Skin.String(HomeButton2Value,Programs) + Skin.HasSetting(CustomMenuProgramsIcon2)">$INFO[Skin.String(CustomProgramsIcon2)]</value>
		<value condition="Skin.String(HomeButton2Value,OBD) + Skin.HasSetting(CustomMenuOBDIcon2)">$INFO[Skin.String(CustomOBDIcon2)]</value>
		<value condition="Skin.String(HomeButton2Value,Weather) + Skin.HasSetting(CustomMenuWeatherIcon2)">$INFO[Skin.String(CustomWeatherIcon2)]</value>
		<value condition="Skin.String(HomeButton2Value,Connect3G) + Skin.HasSetting(CustomMenu3GIcon2)">$INFO[Skin.String(Custom3GIcon2)]</value>
		<value condition="Skin.String(HomeButton2Value,Settings) + Skin.HasSetting(CustomMenuSettingsIcon2)">$INFO[Skin.String(CustomSettingsIcon2)]</value>
		<value condition="Skin.String(HomeButton2Value,Shutdown) + Skin.HasSetting(CustomMenuShutdownIcon2)">$INFO[Skin.String(CustomShutdownIcon2)]</value>
		<value condition="Skin.String(HomeButton2Value,ShutdownNoDialog) + Skin.HasSetting(CustomMenuShutDownNoDialogIcon2)">$INFO[Skin.String(CustomShutDownNoDialogIcon2)]</value>
		<value></value>
	</variable>
	<variable name="HomeButtonIcon3">
		<value condition="Skin.String(HomeButton3Value,RadioFM) + !Skin.HasSetting(CustomMenuRadioIcon3)">icon_radio.png</value>
		<value condition="Skin.String(HomeButton3Value,MusicPath) + !Skin.HasSetting(CustomMenuMusicIcon3)">icon_music.png</value>
		<value condition="Skin.String(HomeButton3Value,MusicAlbums) + !Skin.HasSetting(CustomMenuAlbumsIcon3)">icon_musicalbums.png</value>
		<value condition="Skin.String(HomeButton3Value,MusicArtists) + !Skin.HasSetting(CustomMenuArtistsIcon3)">icon_musicartists.png</value>
		<value condition="Skin.String(HomeButton3Value,MusicGenres) + !Skin.HasSetting(CustomMenuGenresIcon3)">icon_musicgenres.png</value>
		<value condition="Skin.String(HomeButton3Value,Video) + !Skin.HasSetting(CustomMenuVideoIcon3)">icon_video.png</value>
		<value condition="Skin.String(HomeButton3Value,Navigation) + !Skin.HasSetting(CustomMenuNaviIcon3)">icon_navi.png</value>
		<value condition="Skin.String(HomeButton3Value,Favourites) + !Skin.HasSetting(CustomMenuFavouritesIcon3)">icon_favouritesbig.png</value>
		<value condition="Skin.String(HomeButton3Value,Programs) + !Skin.HasSetting(CustomMenuProgramsIcon3)">icon-settings-addons.png</value>
		<value condition="Skin.String(HomeButton3Value,OBD) + !Skin.HasSetting(CustomMenuOBDIcon3)">icon_obd.png</value>
		<value condition="Skin.String(HomeButton3Value,Weather) + !Skin.HasSetting(CustomMenuWeatherIcon3)">icon_weather.png</value>
		<value condition="Skin.String(HomeButton3Value,Connect3G) + !Skin.HasSetting(CustomMenu3GIcon3)">icon_3G.png</value>
		<value condition="Skin.String(HomeButton3Value,Settings) + !Skin.HasSetting(CustomMenuSettingsIcon3)">icon_settings.png</value>
		<value condition="Skin.String(HomeButton3Value,Shutdown) + !Skin.HasSetting(CustomMenuShutdownIcon3)">icon_shutdown.png</value>
		<value condition="Skin.String(HomeButton3Value,ShutdownNoDialog) + !Skin.HasSetting(CustomMenuShutDownNoDialogIcon3)">icon_shutdownnodialog.png</value>
		<value condition="Skin.String(HomeButton3Value,Custom)">$INFO[Skin.String(MagicButtonIcon3)]</value>
		
		<value condition="Skin.String(HomeButton3Value,RadioFM) + Skin.HasSetting(CustomMenuRadioIcon3)">$INFO[Skin.String(CustomRadioIcon3)]</value>
		<value condition="Skin.String(HomeButton3Value,MusicPath) + Skin.HasSetting(CustomMenuMusicIcon3)">$INFO[Skin.String(CustomMusicIcon3)]</value>
		<value condition="Skin.String(HomeButton3Value,MusicAlbums) + Skin.HasSetting(CustomMenuAlbumsIcon3)">$INFO[Skin.String(CustomAlbumsIcon3)]</value>
		<value condition="Skin.String(HomeButton3Value,MusicArtists) + Skin.HasSetting(CustomMenuArtistsIcon3)">$INFO[Skin.String(CustomArtistsIcon3)]</value>
		<value condition="Skin.String(HomeButton3Value,MusicGenres) + Skin.HasSetting(CustomMenuGenresIcon3)">$INFO[Skin.String(CustomGenresIcon3)]</value>
		<value condition="Skin.String(HomeButton3Value,Video) + Skin.HasSetting(CustomMenuVideoIcon3)">$INFO[Skin.String(CustomVideoIcon3)]</value>
		<value condition="Skin.String(HomeButton3Value,Navigation) + Skin.HasSetting(CustomMenuNaviIcon3)">$INFO[Skin.String(CustomNaviIcon3)]</value>
		<value condition="Skin.String(HomeButton3Value,Favourites) + Skin.HasSetting(CustomMenuFavouritesIcon3)">$INFO[Skin.String(CustomFavouritesIcon3)]</value>
		<value condition="Skin.String(HomeButton3Value,Programs) + Skin.HasSetting(CustomMenuProgramsIcon3)">$INFO[Skin.String(CustomProgramsIcon3)]</value>
		<value condition="Skin.String(HomeButton3Value,OBD) + Skin.HasSetting(CustomMenuOBDIcon3)">$INFO[Skin.String(CustomOBDIcon3)]</value>
		<value condition="Skin.String(HomeButton3Value,Weather) + Skin.HasSetting(CustomMenuWeatherIcon3)">$INFO[Skin.String(CustomWeatherIcon3)]</value>
		<value condition="Skin.String(HomeButton3Value,Connect3G) + Skin.HasSetting(CustomMenu3GIcon3)">$INFO[Skin.String(Custom3GIcon3)]</value>
		<value condition="Skin.String(HomeButton3Value,Settings) + Skin.HasSetting(CustomMenuSettingsIcon3)">$INFO[Skin.String(CustomSettingsIcon3)]</value>
		<value condition="Skin.String(HomeButton3Value,Shutdown) + Skin.HasSetting(CustomMenuShutdownIcon3)">$INFO[Skin.String(CustomShutdownIcon3)]</value>
		<value condition="Skin.String(HomeButton3Value,ShutdownNoDialog) + Skin.HasSetting(CustomMenuShutDownNoDialogIcon3)">$INFO[Skin.String(CustomShutDownNoDialogIcon3)]</value>
		<value></value>
	</variable>
	<variable name="HomeButtonIcon4">
		<value condition="Skin.String(HomeButton4Value,RadioFM) + !Skin.HasSetting(CustomMenuRadioIcon4)">icon_radio.png</value>
		<value condition="Skin.String(HomeButton4Value,MusicPath) + !Skin.HasSetting(CustomMenuMusicIcon4)">icon_music.png</value>
		<value condition="Skin.String(HomeButton4Value,MusicAlbums) + !Skin.HasSetting(CustomMenuAlbumsIcon4)">icon_musicalbums.png</value>
		<value condition="Skin.String(HomeButton4Value,MusicArtists) + !Skin.HasSetting(CustomMenuArtistsIcon4)">icon_musicartists.png</value>
		<value condition="Skin.String(HomeButton4Value,MusicGenres) + !Skin.HasSetting(CustomMenuGenresIcon4)">icon_musicgenres.png</value>
		<value condition="Skin.String(HomeButton4Value,Video) + !Skin.HasSetting(CustomMenuVideoIcon4)">icon_video.png</value>
		<value condition="Skin.String(HomeButton4Value,Navigation) + !Skin.HasSetting(CustomMenuNaviIcon4)">icon_navi.png</value>
		<value condition="Skin.String(HomeButton4Value,Favourites) + !Skin.HasSetting(CustomMenuFavouritesIcon4)">icon_favouritesbig.png</value>
		<value condition="Skin.String(HomeButton4Value,Programs) + !Skin.HasSetting(CustomMenuProgramsIcon4)">icon-settings-addons.png</value>
		<value condition="Skin.String(HomeButton4Value,OBD) + !Skin.HasSetting(CustomMenuOBDIcon4)">icon_obd.png</value>
		<value condition="Skin.String(HomeButton4Value,Weather) + !Skin.HasSetting(CustomMenuWeatherIcon4)">icon_weather.png</value>
		<value condition="Skin.String(HomeButton4Value,Connect3G) + !Skin.HasSetting(CustomMenu3GIcon4)">icon_3G.png</value>
		<value condition="Skin.String(HomeButton4Value,Settings) + !Skin.HasSetting(CustomMenuSettingsIcon4)">icon_settings.png</value>
		<value condition="Skin.String(HomeButton4Value,Shutdown) + !Skin.HasSetting(CustomMenuShutdownIcon4)">icon_shutdown.png</value>
		<value condition="Skin.String(HomeButton4Value,ShutdownNoDialog) + !Skin.HasSetting(CustomMenuShutDownNoDialogIcon4)">icon_shutdownnodialog.png</value>
		<value condition="Skin.String(HomeButton4Value,Custom)">$INFO[Skin.String(MagicButtonIcon4)]</value>
		
		<value condition="Skin.String(HomeButton4Value,RadioFM) + Skin.HasSetting(CustomMenuRadioIcon4)">$INFO[Skin.String(CustomRadioIcon4)]</value>
		<value condition="Skin.String(HomeButton4Value,MusicPath) + Skin.HasSetting(CustomMenuMusicIcon4)">$INFO[Skin.String(CustomMusicIcon4)]</value>
		<value condition="Skin.String(HomeButton4Value,MusicAlbums) + Skin.HasSetting(CustomMenuAlbumsIcon4)">$INFO[Skin.String(CustomAlbumsIcon4)]</value>
		<value condition="Skin.String(HomeButton4Value,MusicArtists) + Skin.HasSetting(CustomMenuArtistsIcon4)">$INFO[Skin.String(CustomArtistsIcon4)]</value>
		<value condition="Skin.String(HomeButton4Value,MusicGenres) + Skin.HasSetting(CustomMenuGenresIcon4)">$INFO[Skin.String(CustomGenresIcon4)]</value>
		<value condition="Skin.String(HomeButton4Value,Video) + Skin.HasSetting(CustomMenuVideoIcon4)">$INFO[Skin.String(CustomVideoIcon4)]</value>
		<value condition="Skin.String(HomeButton4Value,Navigation) + Skin.HasSetting(CustomMenuNaviIcon4)">$INFO[Skin.String(CustomNaviIcon4)]</value>
		<value condition="Skin.String(HomeButton4Value,Favourites) + Skin.HasSetting(CustomMenuFavouritesIcon4)">$INFO[Skin.String(CustomFavouritesIcon4)]</value>
		<value condition="Skin.String(HomeButton4Value,Programs) + Skin.HasSetting(CustomMenuProgramsIcon4)">$INFO[Skin.String(CustomProgramsIcon4)]</value>
		<value condition="Skin.String(HomeButton4Value,OBD) + Skin.HasSetting(CustomMenuOBDIcon4)">$INFO[Skin.String(CustomOBDIcon4)]</value>
		<value condition="Skin.String(HomeButton4Value,Weather) + Skin.HasSetting(CustomMenuWeatherIcon4)">$INFO[Skin.String(CustomWeatherIcon4)]</value>
		<value condition="Skin.String(HomeButton4Value,Connect3G) + Skin.HasSetting(CustomMenu3GIcon4)">$INFO[Skin.String(Custom3GIcon4)]</value>
		<value condition="Skin.String(HomeButton4Value,Settings) + Skin.HasSetting(CustomMenuSettingsIcon4)">$INFO[Skin.String(CustomSettingsIcon4)]</value>
		<value condition="Skin.String(HomeButton4Value,Shutdown) + Skin.HasSetting(CustomMenuShutdownIcon4)">$INFO[Skin.String(CustomShutdownIcon4)]</value>
		<value condition="Skin.String(HomeButton4Value,ShutdownNoDialog) + Skin.HasSetting(CustomMenuShutDownNoDialogIcon4)">$INFO[Skin.String(CustomShutDownNoDialogIcon4)]</value>
		<value></value>
	</variable>
	<variable name="HomeButtonIcon5">
		<value condition="Skin.String(HomeButton5Value,RadioFM) + !Skin.HasSetting(CustomMenuRadioIcon5)">icon_radio.png</value>
		<value condition="Skin.String(HomeButton5Value,MusicPath) + !Skin.HasSetting(CustomMenuMusicIcon5)">icon_music.png</value>
		<value condition="Skin.String(HomeButton5Value,MusicAlbums) + !Skin.HasSetting(CustomMenuAlbumsIcon5)">icon_musicalbums.png</value>
		<value condition="Skin.String(HomeButton5Value,MusicArtists) + !Skin.HasSetting(CustomMenuArtistsIcon5)">icon_musicartists.png</value>
		<value condition="Skin.String(HomeButton5Value,MusicGenres) + !Skin.HasSetting(CustomMenuGenresIcon5)">icon_musicgenres.png</value>
		<value condition="Skin.String(HomeButton5Value,Video) + !Skin.HasSetting(CustomMenuVideoIcon5)">icon_video.png</value>
		<value condition="Skin.String(HomeButton5Value,Navigation) + !Skin.HasSetting(CustomMenuNaviIcon5)">icon_navi.png</value>
		<value condition="Skin.String(HomeButton5Value,Favourites) + !Skin.HasSetting(CustomMenuFavouritesIcon5)">icon_favouritesbig.png</value>
		<value condition="Skin.String(HomeButton5Value,Programs) + !Skin.HasSetting(CustomMenuProgramsIcon5)">icon-settings-addons.png</value>
		<value condition="Skin.String(HomeButton5Value,OBD) + !Skin.HasSetting(CustomMenuOBDIcon5)">icon_obd.png</value>
		<value condition="Skin.String(HomeButton5Value,Weather) + !Skin.HasSetting(CustomMenuWeatherIcon5)">icon_weather.png</value>
		<value condition="Skin.String(HomeButton5Value,Connect3G) + !Skin.HasSetting(CustomMenu3GIcon5)">icon_3G.png</value>
		<value condition="Skin.String(HomeButton5Value,Settings) + !Skin.HasSetting(CustomMenuSettingsIcon5)">icon_settings.png</value>
		<value condition="Skin.String(HomeButton5Value,Shutdown) + !Skin.HasSetting(CustomMenuShutdownIcon5)">icon_shutdown.png</value>
		<value condition="Skin.String(HomeButton5Value,ShutdownNoDialog) + !Skin.HasSetting(CustomMenuShutDownNoDialogIcon5)">icon_shutdownnodialog.png</value>
		<value condition="Skin.String(HomeButton5Value,Custom)">$INFO[Skin.String(MagicButtonIcon5)]</value>
		
		<value condition="Skin.String(HomeButton5Value,RadioFM) + Skin.HasSetting(CustomMenuRadioIcon5)">$INFO[Skin.String(CustomRadioIcon5)]</value>
		<value condition="Skin.String(HomeButton5Value,MusicPath) + Skin.HasSetting(CustomMenuMusicIcon5)">$INFO[Skin.String(CustomMusicIcon5)]</value>
		<value condition="Skin.String(HomeButton5Value,MusicAlbums) + Skin.HasSetting(CustomMenuAlbumsIcon5)">$INFO[Skin.String(CustomAlbumsIcon5)]</value>
		<value condition="Skin.String(HomeButton5Value,MusicArtists) + Skin.HasSetting(CustomMenuArtistsIcon5)">$INFO[Skin.String(CustomArtistsIcon5)]</value>
		<value condition="Skin.String(HomeButton5Value,MusicGenres) + Skin.HasSetting(CustomMenuGenresIcon5)">$INFO[Skin.String(CustomGenresIcon5)]</value>
		<value condition="Skin.String(HomeButton5Value,Video) + Skin.HasSetting(CustomMenuVideoIcon5)">$INFO[Skin.String(CustomVideoIcon5)]</value>
		<value condition="Skin.String(HomeButton5Value,Navigation) + Skin.HasSetting(CustomMenuNaviIcon5)">$INFO[Skin.String(CustomNaviIcon5)]</value>
		<value condition="Skin.String(HomeButton5Value,Favourites) + Skin.HasSetting(CustomMenuFavouritesIcon5)">$INFO[Skin.String(CustomFavouritesIcon5)]</value>
		<value condition="Skin.String(HomeButton5Value,Programs) + Skin.HasSetting(CustomMenuProgramsIcon5)">$INFO[Skin.String(CustomProgramsIcon5)]</value>
		<value condition="Skin.String(HomeButton5Value,OBD) + Skin.HasSetting(CustomMenuOBDIcon5)">$INFO[Skin.String(CustomOBDIcon5)]</value>
		<value condition="Skin.String(HomeButton5Value,Weather) + Skin.HasSetting(CustomMenuWeatherIcon5)">$INFO[Skin.String(CustomWeatherIcon5)]</value>
		<value condition="Skin.String(HomeButton5Value,Connect3G) + Skin.HasSetting(CustomMenu3GIcon5)">$INFO[Skin.String(Custom3GIcon5)]</value>
		<value condition="Skin.String(HomeButton5Value,Settings) + Skin.HasSetting(CustomMenuSettingsIcon5)">$INFO[Skin.String(CustomSettingsIcon5)]</value>
		<value condition="Skin.String(HomeButton5Value,Shutdown) + Skin.HasSetting(CustomMenuShutdownIcon5)">$INFO[Skin.String(CustomShutdownIcon5)]</value>
		<value condition="Skin.String(HomeButton5Value,ShutdownNoDialog) + Skin.HasSetting(CustomMenuShutDownNoDialogIcon5)">$INFO[Skin.String(CustomShutDownNoDialogIcon5)]</value>
		<value></value>
	</variable>
	<variable name="HomeButtonIcon6">
		<value condition="Skin.String(HomeButton6Value,RadioFM) + !Skin.HasSetting(CustomMenuRadioIcon6)">icon_radio.png</value>
		<value condition="Skin.String(HomeButton6Value,MusicPath) + !Skin.HasSetting(CustomMenuMusicIcon6)">icon_music.png</value>
		<value condition="Skin.String(HomeButton6Value,MusicAlbums) + !Skin.HasSetting(CustomMenuAlbumsIcon6)">icon_musicalbums.png</value>
		<value condition="Skin.String(HomeButton6Value,MusicArtists) + !Skin.HasSetting(CustomMenuArtistsIcon6)">icon_musicartists.png</value>
		<value condition="Skin.String(HomeButton6Value,MusicGenres) + !Skin.HasSetting(CustomMenuGenresIcon6)">icon_musicgenres.png</value>
		<value condition="Skin.String(HomeButton6Value,Video) + !Skin.HasSetting(CustomMenuVideoIcon6)">icon_video.png</value>
		<value condition="Skin.String(HomeButton6Value,Navigation) + !Skin.HasSetting(CustomMenuNaviIcon6)">icon_navi.png</value>
		<value condition="Skin.String(HomeButton6Value,Favourites) + !Skin.HasSetting(CustomMenuFavouritesIcon6)">icon_favouritesbig.png</value>
		<value condition="Skin.String(HomeButton6Value,Programs) + !Skin.HasSetting(CustomMenuProgramsIcon6)">icon-settings-addons.png</value>
		<value condition="Skin.String(HomeButton6Value,OBD) + !Skin.HasSetting(CustomMenuOBDIcon6)">icon_obd.png</value>
		<value condition="Skin.String(HomeButton6Value,Weather) + !Skin.HasSetting(CustomMenuWeatherIcon6)">icon_weather.png</value>
		<value condition="Skin.String(HomeButton6Value,Connect3G) + !Skin.HasSetting(CustomMenu3GIcon6)">icon_3G.png</value>
		<value condition="Skin.String(HomeButton6Value,Settings) + !Skin.HasSetting(CustomMenuSettingsIcon6)">icon_settings.png</value>
		<value condition="Skin.String(HomeButton6Value,Shutdown) + !Skin.HasSetting(CustomMenuShutdownIcon6)">icon_shutdown.png</value>
		<value condition="Skin.String(HomeButton6Value,ShutdownNoDialog) + !Skin.HasSetting(CustomMenuShutDownNoDialogIcon6)">icon_shutdownnodialog.png</value>
		<value condition="Skin.String(HomeButton6Value,Custom)">$INFO[Skin.String(MagicButtonIcon6)]</value>
		
		<value condition="Skin.String(HomeButton6Value,RadioFM) + Skin.HasSetting(CustomMenuRadioIcon6)">$INFO[Skin.String(CustomRadioIcon6)]</value>
		<value condition="Skin.String(HomeButton6Value,MusicPath) + Skin.HasSetting(CustomMenuMusicIcon6)">$INFO[Skin.String(CustomMusicIcon6)]</value>
		<value condition="Skin.String(HomeButton6Value,MusicAlbums) + Skin.HasSetting(CustomMenuAlbumsIcon6)">$INFO[Skin.String(CustomAlbumsIcon6)]</value>
		<value condition="Skin.String(HomeButton6Value,MusicArtists) + Skin.HasSetting(CustomMenuArtistsIcon6)">$INFO[Skin.String(CustomArtistsIcon6)]</value>
		<value condition="Skin.String(HomeButton6Value,MusicGenres) + Skin.HasSetting(CustomMenuGenresIcon6)">$INFO[Skin.String(CustomGenresIcon6)]</value>
		<value condition="Skin.String(HomeButton6Value,Video) + Skin.HasSetting(CustomMenuVideoIcon6)">$INFO[Skin.String(CustomVideoIcon6)]</value>
		<value condition="Skin.String(HomeButton6Value,Navigation) + Skin.HasSetting(CustomMenuNaviIcon6)">$INFO[Skin.String(CustomNaviIcon6)]</value>
		<value condition="Skin.String(HomeButton6Value,Favourites) + Skin.HasSetting(CustomMenuFavouritesIcon6)">$INFO[Skin.String(CustomFavouritesIcon6)]</value>
		<value condition="Skin.String(HomeButton6Value,Programs) + Skin.HasSetting(CustomMenuProgramsIcon6)">$INFO[Skin.String(CustomProgramsIcon6)]</value>
		<value condition="Skin.String(HomeButton6Value,OBD) + Skin.HasSetting(CustomMenuOBDIcon6)">$INFO[Skin.String(CustomOBDIcon6)]</value>
		<value condition="Skin.String(HomeButton6Value,Weather) + Skin.HasSetting(CustomMenuWeatherIcon6)">$INFO[Skin.String(CustomWeatherIcon6)]</value>
		<value condition="Skin.String(HomeButton6Value,Connect3G) + Skin.HasSetting(CustomMenu3GIcon6)">$INFO[Skin.String(Custom3GIcon6)]</value>
		<value condition="Skin.String(HomeButton6Value,Settings) + Skin.HasSetting(CustomMenuSettingsIcon6)">$INFO[Skin.String(CustomSettingsIcon6)]</value>
		<value condition="Skin.String(HomeButton6Value,Shutdown) + Skin.HasSetting(CustomMenuShutdownIcon6)">$INFO[Skin.String(CustomShutdownIcon6)]</value>
		<value condition="Skin.String(HomeButton6Value,ShutdownNoDialog) + Skin.HasSetting(CustomMenuShutDownNoDialogIcon6)">$INFO[Skin.String(CustomShutDownNoDialogIcon6)]</value>
		<value></value>
	</variable>

</includes>
