<?xml version="1.0" encoding="UTF-8" standalone="yes"?>
<addon id="repository.jacktirol_kodi19" name="Jack's Repo Kodi19" version="1.0.0" provider-name="JackTirol">
    <requires>
	<import addon="xbmc.gui" version="5.15.0"/>
    </requires>
    <extension point="xbmc.addon.repository" name="Jack's Repo">
	<info compressed="true">https://raw.githubusercontent.com/JackTirol/Jacks-Kodi-Repo/master/kodi19/addons.xml</info>
	<checksum>https://raw.githubusercontent.com/JackTirol/Jacks-Kodi-Repo/master/kodi19/addons.xml.md5</checksum>
	<datadir zip="true">https://raw.githubusercontent.com/JackTirol/Jacks-Kodi-Repo/master/kodi19/</datadir>
    </extension>
    <extension point="xbmc.addon.metadata">
	<summary>Addons for Kodi 19</summary>
	<summary lang="en">Addons for Kodi 19</summary>
	<description>Jack's Repository</description>
	<platform>all</platform>
    </extension>
</addon>
