<?xml version="1.0" encoding="UTF-8"?>
<addon id="skin.carpc-xtouch_me" version="5.0" name="CarPC-XTouch" provider-name="JackTirol">
	<requires>
		<import addon="xbmc.gui" version="5.15.0"/>
	</requires>
	<extension point="xbmc.gui.skin" defaultthemename="Textures.xbt" effectslowdown="0.76" debugging="false">
		<res width="1280" height="720" aspect="16:9" folder="16x9" />
	</extension>
	<extension point="xbmc.addon.metadata">
		<summary lang="en_GB">CarPC-xtouch skin for Kodi 18 (Leia)</summary>
	    <description lang="en_GB">The skin is based on re-Touched skin (by Jezz_X), modified by Idorel and reworked by JackTirol. See changelog for a list of all modifications. </description>
		<disclaimer lang="en_GB">Use this skin with a touch screen or a keyboard</disclaimer>
	    <platform>all</platform>
	    <license>GNU GENERAL PUBLIC LICENSE. Version 2, June 1991</license>
	    <website>http://raspicarprojekt.de/showthread.php?tid=790</website>
		<source></source>
                <assets>
                       <icon>resources/icon.png</icon>
                       <fanart>resources/fanart.jpg</fanart>
                       <screenshot>resources/screenshot-01.jpg</screenshot>
                       <screenshot>resources/screenshot-02.jpg</screenshot>
                       <screenshot>resources/screenshot-03.jpg</screenshot>
                       <screenshot>resources/screenshot-04.jpg</screenshot>
                       <screenshot>resources/screenshot-05.jpg</screenshot>
                       <screenshot>resources/screenshot-06.jpg</screenshot>
                       <screenshot>resources/screenshot-07.jpg</screenshot>
                       <screenshot>resources/screenshot-08.jpg</screenshot>
                       <screenshot>resources/screenshot-09.jpg</screenshot>
                       <screenshot>resources/screenshot-10.jpg</screenshot>
               </assets>
	</extension>
</addon>