<window id="2001">
	<defaultcontrol always="true">5</defaultcontrol>
	<!-- removed allowoverlay -->
	<include>16x9_xPos_Relocation</include>
	<include>Window_OpenClose_Animation_Zoom</include>
	<coordinates>
		<system>1</system>
		<posx>140</posx>
		<posy>30</posy>
	</coordinates>
	<controls>
		<control type="image">
			<posx>0</posx>
			<posy>0</posy>
			<width>1000</width>
			<height>60</height>
			<texture border="5">DialogHeader.png</texture>
		</control>
		<control type="label">
			<description>header label</description>
			<posx>20</posx>
			<posy>0</posy>
			<include>WindowTitleCommons</include>
			<width>910</width>
			<label>$INFO[Listitem.Album]</label>
			<visible>container.content(Albums)</visible>
		</control>
		<control type="label">
			<description>header label</description>
			<posx>20</posx>
			<posy>0</posy>
			<include>WindowTitleCommons</include>
			<width>910</width>
			<label>$INFO[Listitem.Artist]</label>
			<visible>container.content(Artists)</visible>
		</control>
		<control type="group">
			<posx>930</posx>
			<posy>0</posy>
			<include>DialogCloseButtonCommons</include>
		</control>

		<control type="image">
			<posx>0</posx>
			<posy>60</posy>
			<width>1000</width>
			<height>840</height>
			<texture border="5">DialogBack.png</texture>
		</control>
		<control type="image">
			<posx>0</posx>
			<posy>60</posy>
			<width>1000</width>
			<height>840</height>
			<aspectratio>scale</aspectratio>
			<texture>$INFO[ListItem.Art(fanart)]</texture>
			<colordiffuse>22FFFFFF</colordiffuse>
		</control>

		<control type="group">
			<visible>Container.Content(Albums) + !Control.IsVisible(50)</visible>
			<posy>70</posy>
			<posx>20</posx>
			<include>VisibleFadeEffect</include>
			<control type="image">
				<posx>0</posx>
				<posy>0</posy>
				<width>260</width>
				<height>360</height>
				<aspectratio>keep</aspectratio>
				<bordertexture border="8">ThumbShadow.png</bordertexture>
				<bordersize>8</bordersize>
				<texture background="true">$INFO[ListItem.Icon]</texture>
			</control>
			<control type="label">
				<posx>280</posx>
				<posy>0</posy>
				<width>680</width>
				<height>30</height>
				<font>font13_title</font>
				<textcolor>black</textcolor>
				<align>left</align>
				<aligny>center</aligny>
				<label>$LOCALIZE[21821]$INFO[Container(601).CurrentPage, ( $LOCALIZE[31024] ]$INFO[Container(601).NumPages,/, )]</label>
			</control>
			<control type="textbox" id="601">
				<description>Description Value for Albums</description>
				<posx>280</posx>
				<posy>30</posy>
				<width>680</width>
				<height>330</height>
				<font>font13</font>
				<textcolor>black</textcolor>
				<pagecontrol>-</pagecontrol>
				<label>$INFO[ListItem.Property(Album_Description)]</label>
			</control>
			<control type="image">
				<posx>0</posx>
				<posy>390</posy>
				<width>960</width>
				<height>5</height>
				<texture>separator.png</texture>
			</control>
			<control type="list" id="49">
				<posx>0</posx>
				<posy>400</posy>
				<width>960</width>
				<height>330</height>
				<onleft>49</onleft>
				<onright>49</onright>
				<onup>9000</onup>
				<ondown>61</ondown>
				<pagecontrol>-</pagecontrol>
				<scrolltime>200</scrolltime>
				<itemlayout height="30">
					<control type="label">
						<posx>200</posx>
						<posy>0</posy>
						<width>160</width>
						<height>30</height>
						<font>font13_title</font>
						<align>right</align>
						<aligny>center</aligny>
						<textcolor>black</textcolor>
						<selectedcolor>selected</selectedcolor>
						<info>ListItem.Label</info>
					</control>
					<control type="label">
						<posx>210</posx>
						<posy>0</posy>
						<width>750</width>
						<height>30</height>
						<font>font13</font>
						<align>left</align>
						<aligny>center</aligny>
						<textcolor>black</textcolor>
						<selectedcolor>white</selectedcolor>
						<info>ListItem.Label2</info>
					</control>
				</itemlayout>
				<focusedlayout height="30">
					<control type="label">
						<posx>200</posx>
						<posy>0</posy>
						<width>160</width>
						<height>30</height>
						<font>font13_title</font>
						<align>right</align>
						<aligny>center</aligny>
						<textcolor>black</textcolor>
						<selectedcolor>selected</selectedcolor>
						<info>ListItem.Label</info>
					</control>
					<control type="label">
						<posx>210</posx>
						<posy>0</posy>
						<width>750</width>
						<height>30</height>
						<font>font13</font>
						<align>left</align>
						<aligny>center</aligny>
						<textcolor>black</textcolor>
						<selectedcolor>white</selectedcolor>
						<info>ListItem.Label2</info>
					</control>
				</focusedlayout>
				<content>
					<item>
						<label>$LOCALIZE[557]:</label>
						<label2>$INFO[ListItem.Artist]</label2>
						<onclick>noop</onclick>
						<visible>!IsEmpty(ListItem.Artist)</visible>
					</item>
					<item>
						<label>$LOCALIZE[515]:</label>
						<label2>$INFO[ListItem.Genre]</label2>
						<onclick>noop</onclick>
						<visible>!IsEmpty(ListItem.Genre)</visible>
					</item>
					<item>
						<label>$LOCALIZE[563]:</label>
						<label2>$INFO[ListItem.Rating]</label2>
						<onclick>noop</onclick>
						<visible>!IsEmpty(ListItem.Rating)</visible>
					</item>
					<item>
						<label>$LOCALIZE[175]:</label>
						<label2>$INFO[ListItem.Property(Album_Mood)]</label2>
						<onclick>noop</onclick>
						<visible>!IsEmpty(ListItem.Property(Album_Mood))</visible>
					</item>
					<item>
						<label>$LOCALIZE[176]:</label>
						<label2>$INFO[ListItem.Property(Album_Style)]</label2>
						<onclick>noop</onclick>
						<visible>!IsEmpty(ListItem.Property(Album_Style))</visible>
					</item>
					<item>
						<label>$LOCALIZE[21895]:</label>
						<label2>$INFO[ListItem.Property(Album_Theme)]</label2>
						<onclick>noop</onclick>
						<visible>!IsEmpty(ListItem.Property(Album_Theme))</visible>
					</item>
					<item>
						<label>146</label>
						<label2>$INFO[ListItem.Property(Album_Type)]</label2>
						<onclick>noop</onclick>
						<visible>!IsEmpty(ListItem.Property(Album_Type))</visible>
					</item>
					<item>
						<label>$LOCALIZE[21899]:</label>
						<label2>$INFO[ListItem.Property(Album_Label)]</label2>
						<onclick>noop</onclick>
						<visible>!IsEmpty(ListItem.Property(Album_Label))</visible>
					</item>
					<item>
						<label>$LOCALIZE[562]:</label>
						<label2>$INFO[ListItem.Year]</label2>
						<onclick>noop</onclick>
						<visible>!IsEmpty(ListItem.Year)</visible>
					</item>
				</content>
			</control>
		</control>

		<control type="group">
			<visible>Container.Content(Artists) + !Control.IsVisible(50)</visible>
			<posy>70</posy>
			<posx>20</posx>
			<include>VisibleFadeEffect</include>
			<control type="image">
				<posx>0</posx>
				<posy>0</posy>
				<width>260</width>
				<height>360</height>
				<aspectratio>keep</aspectratio>
				<bordertexture border="8">ThumbShadow.png</bordertexture>
				<bordersize>8</bordersize>
				<texture background="true">$INFO[ListItem.Icon]</texture>
			</control>
			<control type="label">
				<posx>280</posx>
				<posy>0</posy>
				<width>680</width>
				<height>30</height>
				<font>font13_title</font>
				<textcolor>black</textcolor>
				<align>left</align>
				<aligny>center</aligny>
				<label>$LOCALIZE[21821]$INFO[Container(600).CurrentPage, ( $LOCALIZE[31024] ]$INFO[Container(600).NumPages,/, )]</label>
			</control>
			<control type="textbox" id="600">
				<description>Description Value for Albums</description>
				<posx>280</posx>
				<posy>30</posy>
				<width>680</width>
				<height>330</height>
				<font>font13</font>
				<textcolor>black</textcolor>
				<pagecontrol>-</pagecontrol>
				<label>$INFO[ListItem.Property(Artist_Description)]</label>
			</control>
			<control type="image">
				<posx>0</posx>
				<posy>390</posy>
				<width>960</width>
				<height>5</height>
				<texture>separator.png</texture>
			</control>
			<control type="list" id="49">
				<posx>0</posx>
				<posy>400</posy>
				<width>960</width>
				<height>330</height>
				<onleft>49</onleft>
				<onright>49</onright>
				<onup>9000</onup>
				<ondown>61</ondown>
				<pagecontrol>-</pagecontrol>
				<scrolltime>200</scrolltime>
				<itemlayout height="30">
					<control type="label">
						<posx>200</posx>
						<posy>0</posy>
						<width>160</width>
						<height>30</height>
						<font>font13_title</font>
						<align>right</align>
						<aligny>center</aligny>
						<textcolor>black</textcolor>
						<selectedcolor>selected</selectedcolor>
						<info>ListItem.Label</info>
					</control>
					<control type="label">
						<posx>210</posx>
						<posy>0</posy>
						<width>750</width>
						<height>30</height>
						<font>font13</font>
						<align>left</align>
						<aligny>center</aligny>
						<textcolor>black</textcolor>
						<selectedcolor>white</selectedcolor>
						<info>ListItem.Label2</info>
					</control>
				</itemlayout>
				<focusedlayout height="30">
					<control type="label">
						<posx>200</posx>
						<posy>0</posy>
						<width>160</width>
						<height>30</height>
						<font>font13_title</font>
						<align>right</align>
						<aligny>center</aligny>
						<textcolor>black</textcolor>
						<selectedcolor>selected</selectedcolor>
						<info>ListItem.Label</info>
					</control>
					<control type="label">
						<posx>210</posx>
						<posy>0</posy>
						<width>750</width>
						<height>30</height>
						<font>font13</font>
						<align>left</align>
						<aligny>center</aligny>
						<textcolor>black</textcolor>
						<selectedcolor>white</selectedcolor>
						<info>ListItem.Label2</info>
					</control>
				</focusedlayout>
				<content>
					<item>
						<label>$LOCALIZE[21893]:</label>
						<label2>$INFO[ListItem.Property(Artist_Born)]</label2>
						<onclick>noop</onclick>
						<visible>!IsEmpty(ListItem.Property(Artist_Born))</visible>
					</item>
					<item>
						<label>$LOCALIZE[21894]:</label>
						<label2>$INFO[ListItem.Property(Artist_Formed)]</label2>
						<onclick>noop</onclick>
						<visible>!IsEmpty(ListItem.Property(Artist_Formed))</visible>
					</item>
					<item>
						<label>$LOCALIZE[515]:</label>
						<label2>$INFO[ListItem.Genre]</label2>
						<onclick>noop</onclick>
						<visible>!IsEmpty(ListItem.Genre)</visible>
					</item>
					<item>
						<label>$LOCALIZE[175]:</label>
						<label2>$INFO[ListItem.Property(Artist_Mood)]</label2>
						<onclick>noop</onclick>
						<visible>!IsEmpty(ListItem.Property(Artist_Mood))</visible>
					</item>
					<item>
						<label>$LOCALIZE[176]:</label>
						<label2>$INFO[ListItem.Property(Artist_Style)]</label2>
						<onclick>noop</onclick>
						<visible>!IsEmpty(ListItem.Property(Artist_Style))</visible>
					</item>
					<item>
						<label>$LOCALIZE[21892]:</label>
						<label2>$INFO[ListItem.Property(Artist_Instrument)]</label2>
						<onclick>noop</onclick>
						<visible>!IsEmpty(ListItem.Property(Artist_Instrument))</visible>
					</item>
					<item>
						<label>$LOCALIZE[21897]:</label>
						<label2>$INFO[ListItem.Property(Artist_Died)]</label2>
						<onclick>noop</onclick>
						<visible>!IsEmpty(ListItem.Property(Artist_Died))</visible>
					</item>
					<item>
						<label>$LOCALIZE[21896]:</label>
						<label2>$INFO[ListItem.Property(Artist_Disbanded)]</label2>
						<onclick>noop</onclick>
						<visible>!IsEmpty(ListItem.Property(Artist_Disbanded))</visible>
					</item>
					<item>
						<label>$LOCALIZE[21898]:</label>
						<label2>$INFO[ListItem.Property(Artist_YearsActive)]</label2>
						<onclick>noop</onclick>
						<visible>!IsEmpty(ListItem.Property(Artist_YearsActive))</visible>
					</item>
				</content>
			</control>
		</control>

		<control type="panel" id="50">
			<posx>0</posx>
			<posy>85</posy>
			<width>1000</width>
			<height>680</height>
			<onup>50</onup>
			<onleft>50</onleft>
			<onright>50</onright>
			<ondown>50</ondown>
			<pagecontrol>-</pagecontrol>
			<scrolltime>200</scrolltime>
			<include>VisibleFadeEffect</include>
			<itemlayout condition="Container.Content(Albums)" height="60" width="1000">
				<control type="image">
					<posx>0</posx>
					<posy>-2</posy>
					<width>1000</width>
					<height>5</height>
					<texture>separator.png</texture>
				</control>
				<control type="label">
					<posx>30</posx>
					<posy>0</posy>
					<width>940</width>
					<height>60</height>
					<font>font13</font>
					<align>left</align>
					<aligny>center</aligny>
					<textcolor>black</textcolor>
					<label>([B]$INFO[ListItem.TrackNumber][/B]) - $INFO[ListItem.Label]</label>
				</control>
				<control type="label">
					<posx>970</posx>
					<posy>0</posy>
					<width>500</width>
					<height>60</height>
					<font>font13</font>
					<align>right</align>
					<aligny>center</aligny>
					<textcolor>black</textcolor>
					<label>$INFO[ListItem.Duration]</label>
				</control>
			</itemlayout>
			<focusedlayout condition="Container.Content(Albums)" height="60" width="700">
				<control type="image">
					<posx>0</posx>
					<posy>-2</posy>
					<width>1000</width>
					<height>5</height>
					<texture>separator.png</texture>
				</control>
				<control type="label">
					<posx>30</posx>
					<posy>0</posy>
					<width>940</width>
					<height>60</height>
					<font>font13</font>
					<align>left</align>
					<aligny>center</aligny>
					<textcolor>black</textcolor>
					<label>([B]$INFO[ListItem.TrackNumber][/B]) - $INFO[ListItem.Label]</label>
				</control>
				<control type="label">
					<posx>970</posx>
					<posy>0</posy>
					<width>500</width>
					<height>60</height>
					<font>font13</font>
					<align>right</align>
					<aligny>center</aligny>
					<textcolor>black</textcolor>
					<label>$INFO[ListItem.Duration]</label>
				</control>
			</focusedlayout>
			<itemlayout condition="Container.Content(Artists)" height="260" width="250">
				<control type="image">
					<posx>10</posx>
					<posy>0</posy>
					<width>230</width>
					<height>230</height>
					<texture>$INFO[ListItem.Icon]</texture>
					<bordertexture border="8">ThumbShadow.png</bordertexture>
					<bordersize>8</bordersize>
				</control>
				<control type="label">
					<posx>125</posx>
					<posy>230</posy>
					<width>230</width>
					<height>30</height>
					<font>font12</font>
					<align>center</align>
					<aligny>center</aligny>
					<textcolor>black</textcolor>
					<label>$INFO[ListItem.Label]</label>
				</control>
			</itemlayout>
			<focusedlayout condition="Container.Content(Artists)" height="260" width="250">
				<control type="image">
					<posx>10</posx>
					<posy>0</posy>
					<width>230</width>
					<height>230</height>
					<texture>$INFO[ListItem.Icon]</texture>
					<bordertexture border="8">ThumbShadow.png</bordertexture>
					<bordersize>8</bordersize>
				</control>
				<control type="label">
					<posx>125</posx>
					<posy>230</posy>
					<width>230</width>
					<height>30</height>
					<font>font12</font>
					<align>center</align>
					<aligny>center</aligny>
					<textcolor>black</textcolor>
					<label>$INFO[ListItem.Label]</label>
				</control>
			</focusedlayout>
		</control>
		<control type="label">
			<posx>980</posx>
			<posy>790</posy>
			<width>800</width>
			<height>30</height>
			<font>font13</font>
			<textcolor>black</textcolor>
			<scroll>true</scroll>
			<align>right</align>
			<aligny>center</aligny>
			<label>$INFO[Container(50).CurrentPage, ( $LOCALIZE[31024] ]$INFO[Container(50).NumPages,/, )]</label>
			<visible>Control.IsVisible(50)</visible>
		</control>

		<control type="grouplist" id="9000">
			<posx>20</posx>
			<posy>830</posy>
			<width>960</width>
			<height>50</height>
			<itemgap>10</itemgap>
			<align>center</align>
			<orientation>horizontal</orientation>
			<onleft>9000</onleft>
			<onright>9000</onright>
			<onup>50</onup>
			<ondown>49</ondown>
			<control type="button" id="5">
				<description>Cast/Review</description>
				<include>ButtonInfoDialogsCommonValues</include>
				<label>206</label>
			</control>
			<control type="button" id="6">
				<description>Refresh</description>
				<include>ButtonInfoDialogsCommonValues</include>
				<label>184</label>
			</control>
			<control type="button" id="10">
				<description>Get Thumb</description>
				<include>ButtonInfoDialogsCommonValues</include>
				<label>13405</label>
			</control>
			<control type="button" id="12">
				<description>Get Fanart</description>
				<include>ButtonInfoDialogsCommonValues</include>
				<label>20413</label>
			</control>
		</control>

	</controls>
</window>