<?xml version="1.0" encoding="UTF-8"?>
<colors>
	<color name="grey">FF9f9f9f</color>
	<color name="blue">FF0084FF</color>
	<color name="red">FFE13500</color>
	<color name="yellow">FFF9EDCD</color>
	<color name="magenta">FFC400E1</color>
	<color name="orange">FFE17A00</color>
	<color name="grey">FF9f9f9f</color>
	<color name="grey3">FF505050</color>
	<color name="selected">FFEB9E17</color>	<!-- WICHTIG! Nicht löschen!  IMPORTANT! Don't delete! -->
	<color name="white">FFFFFFFF</color> 	<!-- WICHTIG! Nicht löschen!  IMPORTANT! Don't delete! -->
	<color name="black">FF000000</color> 	<!-- WICHTIG! Nicht löschen!  IMPORTANT! Don't delete! -->
	<color name="grey2">FF999999</color> 	<!-- WICHTIG! Nicht löschen!  IMPORTANT! Don't delete! -->

<!-- Farbliste -->
	<color name="Color1">FF000000</color>
	<color name="Color2">FF151515</color>
	<color name="Color3">FF333333</color>
	<color name="Color4">FF454545</color>
	<color name="Color5">FF666666</color>
	<color name="Color6">FF808080</color>
	<color name="Color7">FF999999</color>
	<color name="Color8">FFCCCCCC</color>
	<color name="Color9">FFFFFFFF</color>
	<color name="Color10">FFFF66FF</color>
	<color name="Color11">FFCC66FF</color>
	<color name="Color12">FF9966FF</color>
	<color name="Color13">FF6666FF</color>
	<color name="Color14">FF3366FF</color>
	<color name="Color15">FF0066FF</color>
	<color name="Color16">FFFF66CC</color>
	<color name="Color17">FFCC66FF</color>
	<color name="Color18">FF9966CC</color>
	<color name="Color19">FF6666CC</color>
	<color name="Color20">FF3366CC</color>
	<color name="Color21">FF0066CC</color>
	<color name="Color22">FFFF6666</color>
	<color name="Color23">FFCC6666</color>
	<color name="Color24">FF996666</color>
	<color name="Color25">FF666666</color>
	<color name="Color26">FF006666</color>
	<color name="Color27">FFFF6600</color>
	<color name="Color28">FFCC6600</color>
	<color name="Color29">FF996600</color>
	<color name="Color30">FF666600</color>
	<color name="Color31">FF336600</color>
	<color name="Color32">FF006600</color>
	<color name="Color33">FFFF33CC</color>
	<color name="Color34">FFCC33CC</color>
	<color name="Color35">FF9933CC</color>
	<color name="Color36">FF6633CC</color>
	<color name="Color37">FF3333CC</color>
	<color name="Color38">FF0033CC</color>
	<color name="Color39">FFFF3366</color>
	<color name="Color40">FFCC3366</color>
	<color name="Color41">FF993366</color>
	<color name="Color42">FF663366</color>
	<color name="Color43">FF333366</color>
	<color name="Color44">FF003366</color>
	<color name="Color45">FFFF3300</color>
	<color name="Color46">FFCC3300</color>
	<color name="Color47">FF993300</color>
	<color name="Color48">FF663300</color>
	<color name="Color49">FF333300</color>
	<color name="Color50">FF003300</color>
	<color name="Color51">FFFF00CC</color>
	<color name="Color52">FFCC00CC</color>
	<color name="Color53">FF9900CC</color>
	<color name="Color54">FF6600CC</color>
	<color name="Color55">FF3300CC</color>
	<color name="Color56">FF0000CC</color>
	<color name="Color57">FFFF0099</color>
	<color name="Color58">FFCC0099</color>
	<color name="Color59">FF990099</color>
	<color name="Color60">FF660099</color>
	<color name="Color61">FF330099</color>
	<color name="Color62">FF000099</color>
	<color name="Color63">FFFF0066</color>
	<color name="Color64">FFCC0066</color>
	<color name="Color65">FF990066</color>
	<color name="Color66">FF660066</color>
	<color name="Color67">FF330066</color>
	<color name="Color68">FF000066</color>
	<color name="Color69">FFFF0033</color>
	<color name="Color70">FFCC0033</color>
	<color name="Color71">FF990033</color>
	<color name="Color72">FF660033</color>
	<color name="Color73">FF330033</color>
	<color name="Color74">FF000033</color>
	<color name="Color75">FFFF0000</color>
	<color name="Color76">FFCC0000</color>
	<color name="Color77">FF990000</color>
	<color name="Color78">FF660000</color>
	<color name="Color79">FF330000</color>
	<color name="Color80">FFCCFFFF</color>
	<color name="Color81">FF99FFFF</color>
	<color name="Color82">FF66FFFF</color>
	<color name="Color83">FF33FFFF</color>
	<color name="Color84">FF00FFFF</color>
	<color name="Color85">FFFFFFCC</color>
	<color name="Color86">FFCCFFCC</color>
	<color name="Color87">FF99FFCC</color>
	<color name="Color88">FF66FFCC</color>
	<color name="Color89">FF33FFCC</color>
	<color name="Color90">FF00FFCC</color>
	<color name="Color91">FFFF6666</color>
	<color name="Color92">FFCCFF66</color>
	<color name="Color93">FF99FF66</color>
	<color name="Color94">FF66FF66</color>
	<color name="Color95">FF33FF66</color>
	<color name="Color96">FF00FF66</color>
	<color name="Color97">FFFFFF00</color>
	<color name="Color98">FFCCFF00</color>
	<color name="Color99">FF99FF00</color>
	<color name="Color100">FF66FF00</color>
	<color name="Color101">FF33FF00</color>
	<color name="Color102">FF00FF00</color>
	<color name="Color103">FFFFCCCC</color>
	<color name="Color104">FF99CCCC</color>
	<color name="Color105">FF66CCCC</color>
	<color name="Color106">FF33CCCC</color>
	<color name="Color107">FF00CCCC</color>
	<color name="Color108">FFFFCC66</color>
	<color name="Color109">FFCCCC66</color>
	<color name="Color110">FF99CC66</color>
	<color name="Color111">FF66CC66</color>
	<color name="Color112">FF33CC66</color>
	<color name="Color113">FF00CC66</color>
	<color name="Color114">FFFFCC00</color>
	<color name="Color115">FFCCCC00</color>
	<color name="Color116">FF99CC00</color>
	<color name="Color117">FF66CC00</color>
	<color name="Color118">FF33CC00</color>
	<color name="Color119">FF00CC00</color>
	<color name="Color120">FFFF99CC</color>
	<color name="Color121">FFCC99CC</color>
	<color name="Color122">FF9999CC</color>
	<color name="Color123">FF6699CC</color>
	<color name="Color124">FF3399CC</color>
	<color name="Color125">FF0099CC</color>
	<color name="Color126">FFFF9966</color>
	<color name="Color127">FFCC9966</color>
	<color name="Color128">FF999966</color>
	<color name="Color129">FF669966</color>
	<color name="Color130">FF339966</color>
	<color name="Color131">FF009966</color>
	<color name="Color132">FFFF9900</color>
	<color name="Color133">FFCC9900</color>
	<color name="Color134">FF999900</color>
	<color name="Color135">FF669900</color>
	<color name="Color136">FF009900</color>
	<color name="Color137">FF204000</color>

</colors>

