<?xml version="1.0" encoding="UTF-8"?>
<includes>
<!-- ######################### -->
<!-- Clock Hours
############################## -->
	<!-- clock -->
<variable name="clockhours">
	<value condition="[System.Time(00:00,00:15)]">clock\hours\00-0.png</value>				
	<value condition="[System.Time(00:15,00:30)]">clock\hours\00-1.png</value>				
	<value condition="[System.Time(00:30,00:45)]">clock\hours\00-2.png</value>				
	<value condition="[System.Time(00:45,01:00)]">clock\hours\00-3.png</value>
				
	<value condition="[System.Time(01:00,01:15)]">clock\hours\01-0.png</value>				
	<value condition="[System.Time(01:15,01:30)]">clock\hours\01-1.png</value>				
	<value condition="[System.Time(01:30,01:45)]">clock\hours\01-2.png</value>				
	<value condition="[System.Time(01:45,02:00)]">clock\hours\01-3.png</value>

	<value condition="[System.Time(02:00,02:15)]">clock\hours\02-0.png</value>				
	<value condition="[System.Time(02:15,02:30)]">clock\hours\02-1.png</value>				
	<value condition="[System.Time(02:30,02:45)]">clock\hours\02-2.png</value>				
	<value condition="[System.Time(02:45,03:00)]">clock\hours\02-3.png</value>
				
	<value condition="[System.Time(03:00,03:15)]">clock\hours\03-0.png</value>				
	<value condition="[System.Time(03:15,03:30)]">clock\hours\03-1.png</value>				
	<value condition="[System.Time(03:30,03:45)]">clock\hours\03-2.png</value>				
	<value condition="[System.Time(03:45,04:00)]">clock\hours\03-3.png</value>				

	<value condition="[System.Time(04:00,04:15)]">clock\hours\04-0.png</value>				
	<value condition="[System.Time(04:15,04:30)]">clock\hours\04-1.png</value>				
	<value condition="[System.Time(04:30,04:45)]">clock\hours\04-2.png</value>				
	<value condition="[System.Time(04:45,05:00)]">clock\hours\04-3.png</value>				

	<value condition="[System.Time(05:00,05:15)]">clock\hours\05-0.png</value>				
	<value condition="[System.Time(05:15,05:30)]">clock\hours\05-1.png</value>				
	<value condition="[System.Time(05:30,05:45)]">clock\hours\05-2.png</value>				
	<value condition="[System.Time(05:45,06:00)]">clock\hours\05-3.png</value>				

	<value condition="[System.Time(06:00,06:15)]">clock\hours\06-0.png</value>				
	<value condition="[System.Time(06:15,06:30)]">clock\hours\06-1.png</value>				
	<value condition="[System.Time(06:30,06:45)]">clock\hours\06-2.png</value>				
	<value condition="[System.Time(06:45,07:00)]">clock\hours\06-3.png</value>				

	<value condition="[System.Time(07:00,07:15)]">clock\hours\07-0.png</value>				
	<value condition="[System.Time(07:15,07:30)]">clock\hours\07-1.png</value>				
	<value condition="[System.Time(07:30,07:45)]">clock\hours\07-2.png</value>				
	<value condition="[System.Time(07:45,08:00)]">clock\hours\07-3.png</value>				

	<value condition="[System.Time(08:00,08:15)]">clock\hours\08-0.png</value>				
	<value condition="[System.Time(08:15,08:30)]">clock\hours\08-1.png</value>				
	<value condition="[System.Time(08:30,08:45)]">clock\hours\08-2.png</value>				
	<value condition="[System.Time(08:45,09:00)]">clock\hours\08-3.png</value>				

	<value condition="[System.Time(09:00,09:15)]">clock\hours\09-0.png</value>				
	<value condition="[System.Time(09:15,09:30)]">clock\hours\09-1.png</value>				
	<value condition="[System.Time(09:30,09:45)]">clock\hours\09-2.png</value>				
	<value condition="[System.Time(09:45,10:00)]">clock\hours\09-3.png</value>				

	<value condition="[System.Time(10:00,10:15)]">clock\hours\10-0.png</value>				
	<value condition="[System.Time(10:15,10:30)]">clock\hours\10-1.png</value>				
	<value condition="[System.Time(10:30,10:45)]">clock\hours\10-2.png</value>				
	<value condition="[System.Time(10:45,11:00)]">clock\hours\10-2.png</value>				

	<value condition="[System.Time(11:00,11:15)]">clock\hours\11-0.png</value>				
	<value condition="[System.Time(11:15,11:30)]">clock\hours\11-1.png</value>				
	<value condition="[System.Time(11:30,11:45)]">clock\hours\11-2.png</value>				
	<value condition="[System.Time(11:45,12:00)]">clock\hours\11-2.png</value>

	<value condition="[System.Time(12:00,12:15)]">clock\hours\00-0.png</value>				
	<value condition="[System.Time(12:15,12:30)]">clock\hours\00-1.png</value>				
	<value condition="[System.Time(12:30,12:45)]">clock\hours\00-2.png</value>				
	<value condition="[System.Time(12:45,13:00)]">clock\hours\00-3.png</value>
				
	<value condition="[System.Time(13:00,13:15)]">clock\hours\01-0.png</value>				
	<value condition="[System.Time(13:15,13:30)]">clock\hours\01-1.png</value>				
	<value condition="[System.Time(13:30,13:45)]">clock\hours\01-2.png</value>				
	<value condition="[System.Time(13:45,14:00)]">clock\hours\01-3.png</value>

	<value condition="[System.Time(14:00,14:15)]">clock\hours\02-0.png</value>				
	<value condition="[System.Time(14:15,14:30)]">clock\hours\02-1.png</value>				
	<value condition="[System.Time(14:30,14:45)]">clock\hours\02-2.png</value>				
	<value condition="[System.Time(14:45,15:00)]">clock\hours\02-3.png</value>
				
	<value condition="[System.Time(15:00,15:15)]">clock\hours\03-0.png</value>				
	<value condition="[System.Time(15:15,15:30)]">clock\hours\03-1.png</value>				
	<value condition="[System.Time(15:30,15:45)]">clock\hours\03-2.png</value>				
	<value condition="[System.Time(15:45,16:00)]">clock\hours\03-3.png</value>				

	<value condition="[System.Time(16:00,16:15)]">clock\hours\04-0.png</value>				
	<value condition="[System.Time(16:15,16:30)]">clock\hours\04-1.png</value>				
	<value condition="[System.Time(16:30,16:45)]">clock\hours\04-2.png</value>				
	<value condition="[System.Time(16:45,17:00)]">clock\hours\04-3.png</value>				

	<value condition="[System.Time(17:00,17:15)]">clock\hours\05-0.png</value>				
	<value condition="[System.Time(17:15,17:30)]">clock\hours\05-1.png</value>				
	<value condition="[System.Time(17:30,17:45)]">clock\hours\05-2.png</value>				
	<value condition="[System.Time(17:45,18:00)]">clock\hours\05-3.png</value>				

	<value condition="[System.Time(18:00,18:15)]">clock\hours\06-0.png</value>				
	<value condition="[System.Time(18:15,18:30)]">clock\hours\06-1.png</value>				
	<value condition="[System.Time(18:30,18:45)]">clock\hours\06-2.png</value>				
	<value condition="[System.Time(18:45,19:00)]">clock\hours\06-3.png</value>				

	<value condition="[System.Time(19:00,19:15)]">clock\hours\07-0.png</value>				
	<value condition="[System.Time(19:15,19:30)]">clock\hours\07-1.png</value>				
	<value condition="[System.Time(19:30,19:45)]">clock\hours\07-2.png</value>				
	<value condition="[System.Time(19:45,20:00)]">clock\hours\07-3.png</value>				

	<value condition="[System.Time(20:00,20:15)]">clock\hours\08-0.png</value>				
	<value condition="[System.Time(20:15,20:30)]">clock\hours\08-1.png</value>				
	<value condition="[System.Time(20:30,20:45)]">clock\hours\08-2.png</value>				
	<value condition="[System.Time(20:45,21:00)]">clock\hours\08-3.png</value>				

	<value condition="[System.Time(21:00,21:15)]">clock\hours\09-0.png</value>				
	<value condition="[System.Time(21:15,21:30)]">clock\hours\09-1.png</value>				
	<value condition="[System.Time(21:30,21:45)]">clock\hours\09-2.png</value>				
	<value condition="[System.Time(21:45,22:00)]">clock\hours\09-3.png</value>				

	<value condition="[System.Time(22:00,22:15)]">clock\hours\10-0.png</value>				
	<value condition="[System.Time(22:15,22:30)]">clock\hours\10-1.png</value>				
	<value condition="[System.Time(22:30,22:45)]">clock\hours\10-2.png</value>				
	<value condition="[System.Time(22:45,23:00)]">clock\hours\10-3.png</value>				

	<value condition="[System.Time(23:00,23:15)]">clock\hours\11-0.png</value>				
	<value condition="[System.Time(23:15,23:30)]">clock\hours\11-1.png</value>				
	<value condition="[System.Time(23:30,23:45)]">clock\hours\11-2.png</value>				
	<value condition="[System.Time(23:45,24:00)]">clock\hours\11-3.png</value>
	
	
	
	</variable>
	
	
	
	<variable name="clockhoursblack">
	<value condition="[System.Time(00:00,00:15)]">clock\hours_black\00-0.png</value>				
	<value condition="[System.Time(00:15,00:30)]">clock\hours_black\00-1.png</value>				
	<value condition="[System.Time(00:30,00:45)]">clock\hours_black\00-2.png</value>				
	<value condition="[System.Time(00:45,01:00)]">clock\hours_black\00-3.png</value>
				
	<value condition="[System.Time(01:00,01:15)]">clock\hours_black\01-0.png</value>				
	<value condition="[System.Time(01:15,01:30)]">clock\hours_black\01-1.png</value>				
	<value condition="[System.Time(01:30,01:45)]">clock\hours_black\01-2.png</value>				
	<value condition="[System.Time(01:45,02:00)]">clock\hours_black\01-3.png</value>

	<value condition="[System.Time(02:00,02:15)]">clock\hours_black\02-0.png</value>				
	<value condition="[System.Time(02:15,02:30)]">clock\hours_black\02-1.png</value>				
	<value condition="[System.Time(02:30,02:45)]">clock\hours_black\02-2.png</value>				
	<value condition="[System.Time(02:45,03:00)]">clock\hours_black\02-3.png</value>
				
	<value condition="[System.Time(03:00,03:15)]">clock\hours_black\03-0.png</value>				
	<value condition="[System.Time(03:15,03:30)]">clock\hours_black\03-1.png</value>				
	<value condition="[System.Time(03:30,03:45)]">clock\hours_black\03-2.png</value>				
	<value condition="[System.Time(03:45,04:00)]">clock\hours_black\03-3.png</value>				

	<value condition="[System.Time(04:00,04:15)]">clock\hours_black\04-0.png</value>				
	<value condition="[System.Time(04:15,04:30)]">clock\hours_black\04-1.png</value>				
	<value condition="[System.Time(04:30,04:45)]">clock\hours_black\04-2.png</value>				
	<value condition="[System.Time(04:45,05:00)]">clock\hours_black\04-3.png</value>				

	<value condition="[System.Time(05:00,05:15)]">clock\hours_black\05-0.png</value>				
	<value condition="[System.Time(05:15,05:30)]">clock\hours_black\05-1.png</value>				
	<value condition="[System.Time(05:30,05:45)]">clock\hours_black\05-2.png</value>				
	<value condition="[System.Time(05:45,06:00)]">clock\hours_black\05-3.png</value>				

	<value condition="[System.Time(06:00,06:15)]">clock\hours_black\06-0.png</value>				
	<value condition="[System.Time(06:15,06:30)]">clock\hours_black\06-1.png</value>				
	<value condition="[System.Time(06:30,06:45)]">clock\hours_black\06-2.png</value>				
	<value condition="[System.Time(06:45,07:00)]">clock\hours_black\06-3.png</value>				

	<value condition="[System.Time(07:00,07:15)]">clock\hours_black\07-0.png</value>				
	<value condition="[System.Time(07:15,07:30)]">clock\hours_black\07-1.png</value>				
	<value condition="[System.Time(07:30,07:45)]">clock\hours_black\07-2.png</value>				
	<value condition="[System.Time(07:45,08:00)]">clock\hours_black\07-3.png</value>				

	<value condition="[System.Time(08:00,08:15)]">clock\hours_black\08-0.png</value>				
	<value condition="[System.Time(08:15,08:30)]">clock\hours_black\08-1.png</value>				
	<value condition="[System.Time(08:30,08:45)]">clock\hours_black\08-2.png</value>				
	<value condition="[System.Time(08:45,09:00)]">clock\hours_black\08-3.png</value>				

	<value condition="[System.Time(09:00,09:15)]">clock\hours_black\09-0.png</value>				
	<value condition="[System.Time(09:15,09:30)]">clock\hours_black\09-1.png</value>				
	<value condition="[System.Time(09:30,09:45)]">clock\hours_black\09-2.png</value>				
	<value condition="[System.Time(09:45,10:00)]">clock\hours_black\09-3.png</value>				

	<value condition="[System.Time(10:00,10:15)]">clock\hours_black\10-0.png</value>				
	<value condition="[System.Time(10:15,10:30)]">clock\hours_black\10-1.png</value>				
	<value condition="[System.Time(10:30,10:45)]">clock\hours_black\10-2.png</value>				
	<value condition="[System.Time(10:45,11:00)]">clock\hours_black\10-2.png</value>				

	<value condition="[System.Time(11:00,11:15)]">clock\hours_black\11-0.png</value>				
	<value condition="[System.Time(11:15,11:30)]">clock\hours_black\11-1.png</value>				
	<value condition="[System.Time(11:30,11:45)]">clock\hours_black\11-2.png</value>				
	<value condition="[System.Time(11:45,12:00)]">clock\hours_black\11-2.png</value>

	<value condition="[System.Time(12:00,12:15)]">clock\hours_black\00-0.png</value>				
	<value condition="[System.Time(12:15,12:30)]">clock\hours_black\00-1.png</value>				
	<value condition="[System.Time(12:30,12:45)]">clock\hours_black\00-2.png</value>				
	<value condition="[System.Time(12:45,13:00)]">clock\hours_black\00-3.png</value>
				
	<value condition="[System.Time(13:00,13:15)]">clock\hours_black\01-0.png</value>				
	<value condition="[System.Time(13:15,13:30)]">clock\hours_black\01-1.png</value>				
	<value condition="[System.Time(13:30,13:45)]">clock\hours_black\01-2.png</value>				
	<value condition="[System.Time(13:45,14:00)]">clock\hours_black\01-3.png</value>

	<value condition="[System.Time(14:00,14:15)]">clock\hours_black\02-0.png</value>				
	<value condition="[System.Time(14:15,14:30)]">clock\hours_black\02-1.png</value>				
	<value condition="[System.Time(14:30,14:45)]">clock\hours_black\02-2.png</value>				
	<value condition="[System.Time(14:45,15:00)]">clock\hours_black\02-3.png</value>
				
	<value condition="[System.Time(15:00,15:15)]">clock\hours_black\03-0.png</value>				
	<value condition="[System.Time(15:15,15:30)]">clock\hours_black\03-1.png</value>				
	<value condition="[System.Time(15:30,15:45)]">clock\hours_black\03-2.png</value>				
	<value condition="[System.Time(15:45,16:00)]">clock\hours_black\03-3.png</value>				

	<value condition="[System.Time(16:00,16:15)]">clock\hours_black\04-0.png</value>				
	<value condition="[System.Time(16:15,16:30)]">clock\hours_black\04-1.png</value>				
	<value condition="[System.Time(16:30,16:45)]">clock\hours_black\04-2.png</value>				
	<value condition="[System.Time(16:45,17:00)]">clock\hours_black\04-3.png</value>				

	<value condition="[System.Time(17:00,17:15)]">clock\hours_black\05-0.png</value>				
	<value condition="[System.Time(17:15,17:30)]">clock\hours_black\05-1.png</value>				
	<value condition="[System.Time(17:30,17:45)]">clock\hours_black\05-2.png</value>				
	<value condition="[System.Time(17:45,18:00)]">clock\hours_black\05-3.png</value>				

	<value condition="[System.Time(18:00,18:15)]">clock\hours_black\06-0.png</value>				
	<value condition="[System.Time(18:15,18:30)]">clock\hours_black\06-1.png</value>				
	<value condition="[System.Time(18:30,18:45)]">clock\hours_black\06-2.png</value>				
	<value condition="[System.Time(18:45,19:00)]">clock\hours_black\06-3.png</value>				

	<value condition="[System.Time(19:00,19:15)]">clock\hours_black\07-0.png</value>				
	<value condition="[System.Time(19:15,19:30)]">clock\hours_black\07-1.png</value>				
	<value condition="[System.Time(19:30,19:45)]">clock\hours_black\07-2.png</value>				
	<value condition="[System.Time(19:45,20:00)]">clock\hours_black\07-3.png</value>				

	<value condition="[System.Time(20:00,20:15)]">clock\hours_black\08-0.png</value>				
	<value condition="[System.Time(20:15,20:30)]">clock\hours_black\08-1.png</value>				
	<value condition="[System.Time(20:30,20:45)]">clock\hours_black\08-2.png</value>				
	<value condition="[System.Time(20:45,21:00)]">clock\hours_black\08-3.png</value>				

	<value condition="[System.Time(21:00,21:15)]">clock\hours_black\09-0.png</value>				
	<value condition="[System.Time(21:15,21:30)]">clock\hours_black\09-1.png</value>				
	<value condition="[System.Time(21:30,21:45)]">clock\hours_black\09-2.png</value>				
	<value condition="[System.Time(21:45,22:00)]">clock\hours_black\09-3.png</value>				

	<value condition="[System.Time(22:00,22:15)]">clock\hours_black\10-0.png</value>				
	<value condition="[System.Time(22:15,22:30)]">clock\hours_black\10-1.png</value>				
	<value condition="[System.Time(22:30,22:45)]">clock\hours_black\10-2.png</value>				
	<value condition="[System.Time(22:45,23:00)]">clock\hours_black\10-3.png</value>				

	<value condition="[System.Time(23:00,23:15)]">clock\hours_black\11-0.png</value>				
	<value condition="[System.Time(23:15,23:30)]">clock\hours_black\11-1.png</value>				
	<value condition="[System.Time(23:30,23:45)]">clock\hours_black\11-2.png</value>				
	<value condition="[System.Time(23:45,24:00)]">clock\hours_black\11-3.png</value>
	
	
	
	</variable>
</includes>	